path,bytes,megabytes,sha256
.gitattributes,341,0.0,c549b995c1537bf501c02445f6906f178e091d58b2addbc8ff70bc81a0f6945b
.gitignore,37,0.0,10bf41f07c30a74f0747f763f25c9c0feaded14355221312bda6257d8235b992
README.md,8405,0.008,d45c9b8a533813b841fcc62b92a9fd44fd2dd940175d5ecaa6ad9d9d64ca6a41
VALIDATION_SUMMARY.json,1263,0.001,20a506204d52a62e64eb3ae046e78c2157386ebf1c83dc221fd802c0674a9c93
analysis/archive-2026-plus-canonical-gemini/ANALYSIS_PLAN_FOR_AYUSH.md,30350,0.029,7bdc3b375a64e1adea12b86e805b08ae6c06ddc674892b080aff532b3d61cf79
analysis/archive-2026-plus-canonical-gemini/BLINDED_LLM_JUDGE_PROTOCOL.md,1488,0.001,a2c115e0e81d4811304580cba8dfbde594041c2ce78f88c69cceb34ac79e1254
analysis/archive-2026-plus-canonical-gemini/FINAL_REPORT.md,7103,0.007,57154b2f5e6610fc8d7cddc001f352102e48a33f349e03f046e774acf44248ad
analysis/archive-2026-plus-canonical-gemini/ayush_reanalysis/EXECUTION_STATUS.md,2910,0.003,e4975407d535131e9322c8bfe8fa8b8fa8b419d89e7294f74d724085eeae0edf
analysis/archive-2026-plus-canonical-gemini/ayush_reanalysis/agent_phrase_concentration.csv,184724,0.176,3abebf5e651c402a8fa00931fd93a7e968e4949c8754008abb4ba8bd349af0d5
analysis/archive-2026-plus-canonical-gemini/ayush_reanalysis/artifact_inventory.csv,6939,0.007,3da7f7d60fe6fe5b6b4b62acbc89f439a4386764526d21af3aa0490a4965d649
analysis/archive-2026-plus-canonical-gemini/ayush_reanalysis/deterministic_run_deltas.csv,130934,0.125,b96bdd13548b3165118656f320d3c7c9c024ba8c1d0c4358b532fa6a7b3798f9
analysis/archive-2026-plus-canonical-gemini/ayush_reanalysis/deterministic_timebin_metrics.csv,483618,0.461,5f45affcb77f5921b3b0cab208bd6fc2f894ae8cf1f5796e06ced7c540cb981b
analysis/archive-2026-plus-canonical-gemini/ayush_reanalysis/embedding_cache_coverage.json,142,0.0,5c40b49292fb1790564d2aea6be6205565e56a59fc593faad240337df76eea37
analysis/archive-2026-plus-canonical-gemini/ayush_reanalysis/embedding_run_deltas.csv,58125,0.055,6811897e556c15f8ea7672f401b89ad07680fde839a77a535354fc4dd230b8b6
analysis/archive-2026-plus-canonical-gemini/ayush_reanalysis/embedding_run_timebin_metrics.csv,298277,0.284,b51caf7d7eb058c63ca00de73f02a89258914db2cb71faa32a22e449d0beb574
analysis/archive-2026-plus-canonical-gemini/ayush_reanalysis/figures/delta_distinct5_by_family.pdf,18224,0.017,c5f6e133e3bacfac199cc574d718132e01ddefb22933498b8f3746c9539d7489
analysis/archive-2026-plus-canonical-gemini/ayush_reanalysis/figures/delta_distinct5_by_family.png,66980,0.064,51768e3cc6cfa69bf14e0a6b43f4ca3c32b61f0aae825fa3e1730ae6ce9c76c8
analysis/archive-2026-plus-canonical-gemini/ayush_reanalysis/figures/delta_gzip_compression_by_family.pdf,18138,0.017,f745c2994d0b178f525493101429da1f94195b9558601cf3a908207e6999bf4a
analysis/archive-2026-plus-canonical-gemini/ayush_reanalysis/figures/delta_gzip_compression_by_family.png,77219,0.074,4ec64e198c8b44568df6a6eab441feffb467f0cf19a782306effa730ca690c9b
analysis/archive-2026-plus-canonical-gemini/ayush_reanalysis/figures/delta_pairwise_cosine_by_family.pdf,18175,0.017,7b3183ae764e10dc5c5c113569b57bc45147fe3d7e2ae4a5d6c771fa42e702bc
analysis/archive-2026-plus-canonical-gemini/ayush_reanalysis/figures/delta_pairwise_cosine_by_family.png,78140,0.075,f7fcd14b2245d7f84bdde2deb6c7d05a1ada1e66c5802dede6ff12f04a73171c
analysis/archive-2026-plus-canonical-gemini/ayush_reanalysis/figures/delta_vendi_by_family.pdf,17951,0.017,150871000ea782ae51f610743d9218b21976acb12cdcd1531406fdd3402f271e
analysis/archive-2026-plus-canonical-gemini/ayush_reanalysis/figures/delta_vendi_by_family.png,69321,0.066,c46258a3acccdf312e9121e3aba18be449e65ae6c4d40af60696ee49a7354ba1
analysis/archive-2026-plus-canonical-gemini/ayush_reanalysis/figures/manifest_included_corpus.pdf,14046,0.013,03c193b3abcc54af18687955056ff432abd14fe2a1fc61de99e09ef8fc0df177
analysis/archive-2026-plus-canonical-gemini/ayush_reanalysis/figures/manifest_included_corpus.png,82018,0.078,90bd395a287db326450ae5b5b29d09eb06368b6f5896e555e8ddc8c30ae99097
analysis/archive-2026-plus-canonical-gemini/ayush_reanalysis/first_usage_timeline.csv,589258,0.562,4d9e89c47a0197f1603d71633d60833b38a16ddb427e2dacf62cdf296ef212e6
analysis/archive-2026-plus-canonical-gemini/ayush_reanalysis/llm_judge/blind_contexts.jsonl,260513065,248.445,0028d11aaa6f82c3f4f0c07c9bd4defbd6600a17f1451d064b4562b76dc97d12
analysis/archive-2026-plus-canonical-gemini/ayush_reanalysis/llm_judge/blind_judge_results_with_metadata.csv,111530408,106.364,859a6c83bd58eea683088b4a5189306b92581170ba0e56a096dc8b19d8c7d2fe
analysis/archive-2026-plus-canonical-gemini/ayush_reanalysis/llm_judge/judge_cache.sqlite,56365056,53.754,f6c596745772a94b90a595d77056f8a5948c63e457b39d7e4d416e547490b599
analysis/archive-2026-plus-canonical-gemini/ayush_reanalysis/llm_judge/prompt_audit_report.md,172,0.0,349402ac2a1cc216e6af8b4317f44eec1d13bd9ad7f013ad75575de9ed5a365e
analysis/archive-2026-plus-canonical-gemini/ayush_reanalysis/llm_judge_run_deltas.csv,77464,0.074,b59fd7f2697c2678cb9b254525062f7f201fb64d74ae1e3aeab96ef4487f2b41
analysis/archive-2026-plus-canonical-gemini/ayush_reanalysis/llm_judge_run_timebin_metrics.csv,290050,0.277,b44905fe7cf5a3ca4a77c1f669255606c6f152429896c1b4f5314e2019e5efa5
analysis/archive-2026-plus-canonical-gemini/ayush_reanalysis/per_run_top_ngrams.csv,516168,0.492,53ed911b0811bed38e432caad8af3beb5d4c50d513a4cf48cf03c48d3a6e2d74
analysis/archive-2026-plus-canonical-gemini/ayush_reanalysis/post_index.csv,88692985,84.584,cef31b4ed156e910ea6d97e44845a5f7eb1500ce16c7866009571f29e3a5bb3f
analysis/archive-2026-plus-canonical-gemini/ayush_reanalysis/post_index.jsonl,111470259,106.306,ca44b3d3d87532e8e20e89baf326930c3cfb5ed8d0fd1a542517a9e7825a88c6
analysis/archive-2026-plus-canonical-gemini/ayush_reanalysis/topic_convergence/TOPIC_CONVERGENCE_SUMMARY.md,2700,0.003,f7ef25afe26fb571b2926538888898000ce66367bb6ad0a8be278fa2d125873f
analysis/archive-2026-plus-canonical-gemini/ayush_reanalysis/topic_convergence/embedding_topic_svd_map.pdf,133417,0.127,bd2c6f4c048485f71793d137954af8792b9a9f89680fd09d3acc4140cbc0416c
analysis/archive-2026-plus-canonical-gemini/ayush_reanalysis/topic_convergence/embedding_topic_svd_map.png,525437,0.501,e96050efebbc0461a008972f32e4a21c287e4f0ecbd1b8cb86a24e5dd7159372
analysis/archive-2026-plus-canonical-gemini/ayush_reanalysis/topic_convergence/topic_assignments.csv,11959576,11.406,2697c32359eb7584f9b6147e5b5de338f8aa27d684d350fde5ea4c2bec2a45c4
analysis/archive-2026-plus-canonical-gemini/ayush_reanalysis/topic_convergence/topic_convergence_summary.json,1085,0.001,3f04a1962a8ccfece3d6f38e3b2878cc37f6d75221afdfabcd2eb9eb7bdc4323
analysis/archive-2026-plus-canonical-gemini/ayush_reanalysis/topic_convergence/topic_dominant_share_delta_by_family.pdf,17781,0.017,7d77c0c79be2228c34c93c6dd602b34541913c606ba7c559c1c38db226b38d0a
analysis/archive-2026-plus-canonical-gemini/ayush_reanalysis/topic_convergence/topic_dominant_share_delta_by_family.png,74446,0.071,3424c37522f0b6a44f999716d3fe58239368db815300c5a40148d4372ea46092
analysis/archive-2026-plus-canonical-gemini/ayush_reanalysis/topic_convergence/topic_dominant_share_trajectories.pdf,17833,0.017,e3058db712918951da76eecc675a3dc1d467717d85f0c1e3befdb74f54b46a97
analysis/archive-2026-plus-canonical-gemini/ayush_reanalysis/topic_convergence/topic_dominant_share_trajectories.png,126752,0.121,b4dc1d2d27925b11206d7e844a98d2c21481ab297579a7f7c32ee4fc94fd32ba
analysis/archive-2026-plus-canonical-gemini/ayush_reanalysis/topic_convergence/topic_effective_topics_delta_by_family.pdf,17289,0.016,9e6caf5cdcc9fb98fa60470a38982849ca3c7e08f11f9be851b0560b14a3c288
analysis/archive-2026-plus-canonical-gemini/ayush_reanalysis/topic_convergence/topic_effective_topics_delta_by_family.png,66300,0.063,62d34c5dc42d381f86903f5cedcd27a56b6e8bcbc700875229ad137e6a4190ac
analysis/archive-2026-plus-canonical-gemini/ayush_reanalysis/topic_convergence/topic_effective_topics_trajectories.pdf,16419,0.016,645ea78d62f3f61d2ee145cf86e4aff9ad7b2fd05108e0a07a8b113c5573f255
analysis/archive-2026-plus-canonical-gemini/ayush_reanalysis/topic_convergence/topic_effective_topics_trajectories.png,122148,0.116,9296c9080c8605c60eb6951c3188d1b3a1afa58b358657ee54c795521386f500
analysis/archive-2026-plus-canonical-gemini/ayush_reanalysis/topic_convergence/topic_entropy_delta_by_family.pdf,18200,0.017,1cf99b6102c196d26663179cdc7b0fc1d8758ae6245b960bc95abdd0025fa028
analysis/archive-2026-plus-canonical-gemini/ayush_reanalysis/topic_convergence/topic_entropy_delta_by_family.png,74619,0.071,c4611835603fdd5774e23e55aa908933182b4f63c8a036e10affd1dbc70e4806
analysis/archive-2026-plus-canonical-gemini/ayush_reanalysis/topic_convergence/topic_keywords.csv,878,0.001,2294a07d61ccc9531a6573e98002cb9a6d40fde95acd720b1c56bb3afcd2abe4
analysis/archive-2026-plus-canonical-gemini/ayush_reanalysis/topic_convergence/topic_keywords.md,1006,0.001,50ef65e93d4bdfbe16b09ca7eaa57834120fe6ae792d53d9a2e3cc87e55d3d2b
analysis/archive-2026-plus-canonical-gemini/ayush_reanalysis/topic_convergence/topic_late_distribution_heatmap.pdf,25739,0.025,fd65caa12a89805e794ecb19b19f71cf1fe5786ba3ea30517d4e1d95f1db6acb
analysis/archive-2026-plus-canonical-gemini/ayush_reanalysis/topic_convergence/topic_late_distribution_heatmap.png,148897,0.142,8dba2f3306fcbffe1b1c428b0646fdb2b0d95f7bbafbdc19ce1e3fc19109bf23
analysis/archive-2026-plus-canonical-gemini/ayush_reanalysis/topic_convergence/topic_run_deltas.csv,61104,0.058,8515fd22d58a522e1f8e0adf154f8f2ea64376befccb5f1b032a83e245bc5abc
analysis/archive-2026-plus-canonical-gemini/ayush_reanalysis/topic_convergence/topic_run_timebin_metrics.csv,328572,0.313,c8f65b4fbf8e7cfe33bf33166460206c0cd854e7c32a7316bb33445c342ed09d
analysis/archive-2026-plus-canonical-gemini/ayush_reanalysis/topic_convergence/topic_summary_by_family.csv,4135,0.004,889d472b1a9b58bf837e033ed390426109c3c9530ae6bc74f7fd034950e4b078
analysis/archive-2026-plus-canonical-gemini/combined_report/DETERMINISTIC_METRICS_SUMMARY.md,4366,0.004,ea7928334f2a10500330dcba7da6910bf87e19d9bdb9c843a18c2f0c3fcd6628
analysis/archive-2026-plus-canonical-gemini/combined_report/EMBEDDING_SUMMARY.md,2809,0.003,cae1a4eab5e8acd84067eeefad8c5114bdb3ef96ae782dd4146e0b8a5eebc6e0
analysis/archive-2026-plus-canonical-gemini/combined_report/LLM_JUDGE_SUMMARY.md,1937,0.002,7027f94fdc7abbf7f82f0d060657a0419a8983f6f6800980cd5f3b848edfa76f
analysis/archive-2026-plus-canonical-gemini/combined_report/deterministic_summary_by_family.csv,5296,0.005,8488c2c9665a0aba9201b59fa7a50424fe4c0f6285868781a468b442f4a90247
analysis/archive-2026-plus-canonical-gemini/combined_report/embedding_summary_by_family.csv,3224,0.003,eabca4f7efc591b3308a15acf13bec471576cd8ae6d89175ef6fd7c57a067bc5
analysis/archive-2026-plus-canonical-gemini/combined_report/llm_judge_label_counts.csv,950,0.001,d04995f581a44bb9bf91824635adc19b1c89c6886e40438e951c32ff5f0cad90
analysis/archive-2026-plus-canonical-gemini/combined_report/llm_judge_summary_by_family.csv,9865,0.009,7073c102199df87719018af73461c2415c39708c698c38547a337abd8176d31e
analysis/archive-2026-plus-canonical-gemini/data_manifest.csv,29539,0.028,56d6fcab78536910852625edd159afb4b16a87b95a4d4dd3e3ddd7397ac79661
analysis/archive-2026-plus-canonical-gemini/data_manifest_summary.json,536,0.001,53021054cf54bae12ff61052e1bb88f1a45334673eadaa87ba27343c749705c9
analysis/archive-2026-plus-canonical-gemini/data_manifest_summary.md,397,0.0,657304253b6f37a7a4f1217e8370ef1f682832ba351bedc2cf6ef2e17b4f28a0
analysis/archive-2026-plus-canonical-gemini/embedding_cache.sqlite,842702848,803.664,b2cccef38930a871e1274f7bac76d8573971371e200aa0f693a4e186aa98cc4d
analysis/archive-2026-plus-canonical-gemini/embeddings/qwen-qwen3-embedding-8b-current-included-unique.json,364,0.0,afe1c26f975a4e77df4e93142aad8bf5ec9b6efe7ac69d56d0a651a921dceb29
analysis/archive-2026-plus-canonical-gemini/embeddings/qwen-qwen3-embedding-8b-current-included-unique.npz,438616522,418.297,3411be31ca3ea09b57704dd41b2170baebb5a4bc54a5768e0ccb231b69ddedab
analysis/archive-2026-plus-canonical-gemini/per_family_reports/base_model_as_tool/agent_participation/concentration.csv,44243,0.042,e5b47762ed9afd7ade108e4e45aea91bd458597824b5a96515e98c69ae7b4e8e
analysis/archive-2026-plus-canonical-gemini/per_family_reports/base_model_as_tool/compression/compression_run_deltas.csv,32572,0.031,d9cc7b571298cda0fe6f261215651867c5a9416295b204ca82331a3dbf76a8cc
analysis/archive-2026-plus-canonical-gemini/per_family_reports/base_model_as_tool/compression/compression_run_timebin_metrics.csv,118446,0.113,891a2690bf825f417e4c0e179c33c4bf64aa5d2e6ae4ae9e8904d111dd5d8361
analysis/archive-2026-plus-canonical-gemini/per_family_reports/base_model_as_tool/lexical_diversity/diversity_metrics.csv,118446,0.113,891a2690bf825f417e4c0e179c33c4bf64aa5d2e6ae4ae9e8904d111dd5d8361
analysis/archive-2026-plus-canonical-gemini/per_family_reports/base_model_as_tool/lexical_diversity/run_deltas.csv,32572,0.031,d9cc7b571298cda0fe6f261215651867c5a9416295b204ca82331a3dbf76a8cc
analysis/archive-2026-plus-canonical-gemini/per_family_reports/base_model_as_tool/phrase_diffusion/first_usage_timeline.csv,117974,0.113,aad3eb1389a8306571a54f86c43db676f59b9ea0336eec6ddb45e6fe07cf3636
analysis/archive-2026-plus-canonical-gemini/per_family_reports/base_model_as_tool/phrase_provenance/per_run_top_ngrams.csv,125754,0.12,bcc9aeda72d416d866776de7d90a1d38124c3901deb5b42f699feeaf867cfe1f
analysis/archive-2026-plus-canonical-gemini/per_family_reports/base_model_as_tool/semantic_embeddings/embedding_run_deltas.csv,14876,0.014,b4a3c53ed186300e24bab6949af029bc047ea88c6ca7dd0cc66f57038ab5766b
analysis/archive-2026-plus-canonical-gemini/per_family_reports/base_model_as_tool/semantic_embeddings/embedding_run_timebin_metrics.csv,74655,0.071,6c13f755593f45ffaf6d0f81333692f471a8b97eb89abdceda6be4966a73e083
analysis/archive-2026-plus-canonical-gemini/per_family_reports/mixed_model_roster/agent_participation/concentration.csv,14802,0.014,bf5e8aab54c08c0ce5437e9c4bca421dd14607d1b7052a86eb3c3a704c30b266
analysis/archive-2026-plus-canonical-gemini/per_family_reports/mixed_model_roster/compression/compression_run_deltas.csv,11545,0.011,c9448b06049a5ec28e69678c8ac931d5c7b2634297d72ce182cbe3d18fedd59e
analysis/archive-2026-plus-canonical-gemini/per_family_reports/mixed_model_roster/compression/compression_run_timebin_metrics.csv,40558,0.039,2c36697b242d194d21d4c1f1532df18afa7273424d2e7a1e0933f2896ef98aed
analysis/archive-2026-plus-canonical-gemini/per_family_reports/mixed_model_roster/lexical_diversity/diversity_metrics.csv,40558,0.039,2c36697b242d194d21d4c1f1532df18afa7273424d2e7a1e0933f2896ef98aed
analysis/archive-2026-plus-canonical-gemini/per_family_reports/mixed_model_roster/lexical_diversity/run_deltas.csv,11545,0.011,c9448b06049a5ec28e69678c8ac931d5c7b2634297d72ce182cbe3d18fedd59e
analysis/archive-2026-plus-canonical-gemini/per_family_reports/mixed_model_roster/phrase_diffusion/first_usage_timeline.csv,7798,0.007,a36a944c2e864b346d70bfd6f743a2e4e78030ce87506eebc427015fecdabb6e
analysis/archive-2026-plus-canonical-gemini/per_family_reports/mixed_model_roster/phrase_provenance/per_run_top_ngrams.csv,43894,0.042,39f8dea2be0514f2edd3140136edb4b40f5222f9cc6176ff7536194e3fff34f5
analysis/archive-2026-plus-canonical-gemini/per_family_reports/mixed_model_roster/semantic_embeddings/embedding_run_deltas.csv,5316,0.005,a431616f0cadeff3e6ca3b1858823bb074aaac4be302844544c61a72663197b0
analysis/archive-2026-plus-canonical-gemini/per_family_reports/mixed_model_roster/semantic_embeddings/embedding_run_timebin_metrics.csv,25725,0.025,f4c73b444eef89d0f4200291aaca0e5037c3a7aee7aa3ef3240be2cf53e35022
analysis/archive-2026-plus-canonical-gemini/per_family_reports/obsession_prompting/agent_participation/concentration.csv,18391,0.018,fbd13ce7145cf1b3c684bab7b2d3272c0e24d8960e09a19eb95198c03ef88fd6
analysis/archive-2026-plus-canonical-gemini/per_family_reports/obsession_prompting/compression/compression_run_deltas.csv,8136,0.008,da01eb8b8c51d63943cb89366149fd22106271af45c0c0cf6d60b35cf11ff16f
analysis/archive-2026-plus-canonical-gemini/per_family_reports/obsession_prompting/compression/compression_run_timebin_metrics.csv,27347,0.026,ebb0a8c1a61a23cd41f9eded8239be8fa0659644798b727b7743684cba7e1f73
analysis/archive-2026-plus-canonical-gemini/per_family_reports/obsession_prompting/lexical_diversity/diversity_metrics.csv,27347,0.026,ebb0a8c1a61a23cd41f9eded8239be8fa0659644798b727b7743684cba7e1f73
analysis/archive-2026-plus-canonical-gemini/per_family_reports/obsession_prompting/lexical_diversity/run_deltas.csv,8136,0.008,da01eb8b8c51d63943cb89366149fd22106271af45c0c0cf6d60b35cf11ff16f
analysis/archive-2026-plus-canonical-gemini/per_family_reports/obsession_prompting/phrase_diffusion/first_usage_timeline.csv,13290,0.013,971d54d3f13687b4de4cab8a71a8ecb29b93104c04c4bc94bf262be8c93d6be0
analysis/archive-2026-plus-canonical-gemini/per_family_reports/obsession_prompting/phrase_provenance/per_run_top_ngrams.csv,52570,0.05,8659e61bd5ec9d77b0f5e5079c8ea975e2ea4ad8c26934d6c363d2d308650a33
analysis/archive-2026-plus-canonical-gemini/per_family_reports/obsession_prompting/semantic_embeddings/embedding_run_deltas.csv,3427,0.003,f07a5ca21cded980a613d643bccc3804b3fbd7e8af325a66fc6c9804dcd76945
analysis/archive-2026-plus-canonical-gemini/per_family_reports/obsession_prompting/semantic_embeddings/embedding_run_timebin_metrics.csv,16962,0.016,01ac72696e7624cfecf8ad6c9efe98920e4d6faf136d6d67d06ccaf2a5be9389
analysis/archive-2026-plus-canonical-gemini/per_family_reports/single_model_final/agent_participation/concentration.csv,108143,0.103,bc2fafb085e351873e9b1713764f364a7640798048f4af970d48aecdc624e4fa
analysis/archive-2026-plus-canonical-gemini/per_family_reports/single_model_final/compression/compression_run_deltas.csv,81306,0.078,18d075c5f4ea8595e3a4adb219c6dbb648ac0eb3dabb8e89a09eb43174ab06c2
analysis/archive-2026-plus-canonical-gemini/per_family_reports/single_model_final/compression/compression_run_timebin_metrics.csv,299271,0.285,62aa5be92562ef4263c781488af29a437a7b287d934705f0edebc6dc0bca82f0
analysis/archive-2026-plus-canonical-gemini/per_family_reports/single_model_final/lexical_diversity/diversity_metrics.csv,299271,0.285,62aa5be92562ef4263c781488af29a437a7b287d934705f0edebc6dc0bca82f0
analysis/archive-2026-plus-canonical-gemini/per_family_reports/single_model_final/lexical_diversity/run_deltas.csv,81306,0.078,18d075c5f4ea8595e3a4adb219c6dbb648ac0eb3dabb8e89a09eb43174ab06c2
analysis/archive-2026-plus-canonical-gemini/per_family_reports/single_model_final/phrase_diffusion/first_usage_timeline.csv,450883,0.43,c0de883de5c5895195d6b97fe255e18f7130dce1831227dd5b40c036e4a08e90
analysis/archive-2026-plus-canonical-gemini/per_family_reports/single_model_final/phrase_provenance/per_run_top_ngrams.csv,294454,0.281,11d1814a2ce68dc94e330df923a1310fd67dbdbd845b3719e0e04616c623ea74
analysis/archive-2026-plus-canonical-gemini/per_family_reports/single_model_final/semantic_embeddings/embedding_run_deltas.csv,35298,0.034,5ce84e7c66bc720d2fd16a2908e52378f54292af9d1bd4c71492dfac1076eb83
analysis/archive-2026-plus-canonical-gemini/per_family_reports/single_model_final/semantic_embeddings/embedding_run_timebin_metrics.csv,182066,0.174,791e501d94ff8c6afed571f58702e3aa615ab1909009ca00b5e5d21a1300633a
provenance/github_branch.txt,37,0.0,f1b990f2fa356675e78017563340c0d9b4d8c96ee80ebed3d6cc772df4fbffbf
provenance/github_branch_url.txt,79,0.0,59533928172892940f8814362e3939e6313a4d37797502cb085122460863a0a9
provenance/github_commit.txt,41,0.0,0cd5bfa18243df1277d004b4188a120f95e8d751a4e10e252665626a684f589f
raw_data/curated_20260505/2026-05-05/base-model/olmo-3-32b-base/dom-agi/agents.jsonl,2686,0.003,212f179008ee2831dc66293dcaee33ed3fb6cae6d509937fe9088969139655a7
raw_data/curated_20260505/2026-05-05/base-model/olmo-3-32b-base/dom-agi/comments.jsonl,389,0.0,ef09de8cc60d90cec4c38acf4c121916e1f72b8ee4b264d3351eda8ada3c4715
raw_data/curated_20260505/2026-05-05/base-model/olmo-3-32b-base/dom-agi/database-final.sql,654383,0.624,13f14b73524693dc2aa8db4d00a47969c9854df1dfd660c7f803c698fc88c58b
raw_data/curated_20260505/2026-05-05/base-model/olmo-3-32b-base/dom-agi/logs/agent-agent_alpha.log,239649,0.229,edfa3f1d7b231ec79f6e4c0ba8989a89eac3f9631252668d80353e96503bddce
raw_data/curated_20260505/2026-05-05/base-model/olmo-3-32b-base/dom-agi/logs/agent-agent_beta.log,292873,0.279,a30f0db74971ee89e285fedf693b500031aef0fa20728d88c508db0579872538
raw_data/curated_20260505/2026-05-05/base-model/olmo-3-32b-base/dom-agi/logs/agent-agent_delta.log,268686,0.256,a16043228164e57432e6b8d8aa94951b62c556372054b3cd307ef05ffa2a045f
raw_data/curated_20260505/2026-05-05/base-model/olmo-3-32b-base/dom-agi/logs/agent-agent_epsilon.log,272840,0.26,1d23c7bac67dc6f0678ccb9aeb832181376a50f32ca38ff61ccc643c4eb2e9d0
raw_data/curated_20260505/2026-05-05/base-model/olmo-3-32b-base/dom-agi/logs/agent-agent_eta.log,238689,0.228,e8f99be053ad248b52c6561a3c32ac0d523f1d7f9eddee279d3c0aa9db4a3dc9
raw_data/curated_20260505/2026-05-05/base-model/olmo-3-32b-base/dom-agi/logs/agent-agent_gamma.log,316779,0.302,ef5898b3860335f48e59903dec56133a319f23e11136f47f487d786375df73f0
raw_data/curated_20260505/2026-05-05/base-model/olmo-3-32b-base/dom-agi/logs/agent-agent_iota.log,353302,0.337,9649e260f57370308161e049fd25385a2cf6a0e65e7ad9af0d536dc3fcfdfcd2
raw_data/curated_20260505/2026-05-05/base-model/olmo-3-32b-base/dom-agi/logs/agent-agent_kappa.log,342682,0.327,cde0df045a8a43b35b27b280063c36a113d0ea38c0b52156d1356db75a45476c
raw_data/curated_20260505/2026-05-05/base-model/olmo-3-32b-base/dom-agi/logs/agent-agent_theta.log,257621,0.246,39e5150b18f5fef4ad197778e9e313bacb525485ff3d71fb9ee98fe84af4f4ca
raw_data/curated_20260505/2026-05-05/base-model/olmo-3-32b-base/dom-agi/logs/agent-agent_zeta.log,249494,0.238,eba790b4a4b67a8bb741398d0911788722a2d47393e9a6cb44624d872536af0f
raw_data/curated_20260505/2026-05-05/base-model/olmo-3-32b-base/dom-agi/logs/api.log,103101,0.098,ce61578e88b5d472af3588b8da95c81b0f113e293d9303d995d65937c6eeafad
raw_data/curated_20260505/2026-05-05/base-model/olmo-3-32b-base/dom-agi/logs/content-gen.log,1615,0.002,0db06c458f28c567e29338592c4822ba51fb6d814ec71466e9243c83de1d3361
raw_data/curated_20260505/2026-05-05/base-model/olmo-3-32b-base/dom-agi/logs/postgres.log,4967,0.005,1eaf4481848dfbeea072e7d16ac3646ce15d28fb9d41617b4721afe434797d9a
raw_data/curated_20260505/2026-05-05/base-model/olmo-3-32b-base/dom-agi/logs/redis.log,977,0.001,97c4ae831fae4cd6b21906991e0cd1a6823da5529b6bf9ab207b5a8aef059d6f
raw_data/curated_20260505/2026-05-05/base-model/olmo-3-32b-base/dom-agi/metadata.json,479,0.0,4d64d4df9186f0f595f4ba1585175c95e9741f24dd549c66d9c00870aafc3316
raw_data/curated_20260505/2026-05-05/base-model/olmo-3-32b-base/dom-agi/posts.jsonl,466439,0.445,0465e9262fe17fe4f15fdc6ef1c5a923e4eb95ee3b6982fd2a6cf758ecef3fcc
raw_data/curated_20260505/2026-05-05/base-model/olmo-3-32b-base/dom-tech/agents.jsonl,2686,0.003,8ec376915319c8525f6a1d0d7081e73ae0c52d260e16c9e9d550addcc64c1d5d
raw_data/curated_20260505/2026-05-05/base-model/olmo-3-32b-base/dom-tech/comments.jsonl,2467,0.002,125794eb9e9ff98788656779fa29db57a2ffc4185fca0928f534f6dbc7b30348
raw_data/curated_20260505/2026-05-05/base-model/olmo-3-32b-base/dom-tech/database-final.sql,876362,0.836,a9a11e16a99154fcacd7253543608a0150e363367c82c367534aa3d7e2b75967
raw_data/curated_20260505/2026-05-05/base-model/olmo-3-32b-base/dom-tech/logs/agent-agent_alpha.log,354716,0.338,7d125ac7dea6e3a912febe94cf87581839fa5fb993a8fa670c17b33b45900b9d
raw_data/curated_20260505/2026-05-05/base-model/olmo-3-32b-base/dom-tech/logs/agent-agent_beta.log,264621,0.252,360c3271f2daf21da61ff40f597cf521d5f7396cfe1be0ab059c6e26006bac6f
raw_data/curated_20260505/2026-05-05/base-model/olmo-3-32b-base/dom-tech/logs/agent-agent_delta.log,342441,0.327,08be2a7721a6d1270124ee3a775e56195dbb57f268b96663c563a0b4182d4e69
raw_data/curated_20260505/2026-05-05/base-model/olmo-3-32b-base/dom-tech/logs/agent-agent_epsilon.log,328093,0.313,cb397502e544f7759ccceb33f31998da8314c09ca9ac12ee5716b9d5e8c5ca5d
raw_data/curated_20260505/2026-05-05/base-model/olmo-3-32b-base/dom-tech/logs/agent-agent_eta.log,276710,0.264,38451849efbbed98568a35086c66da6130cdaecc8dd7f23afa68df791b46acaf
raw_data/curated_20260505/2026-05-05/base-model/olmo-3-32b-base/dom-tech/logs/agent-agent_gamma.log,363466,0.347,6b7eb9db7a0c6857fc833f50d2f4bbf17c5ae0f56d97ac6aba781650fe6f6768
raw_data/curated_20260505/2026-05-05/base-model/olmo-3-32b-base/dom-tech/logs/agent-agent_iota.log,262152,0.25,72ddac1a3b3f9433484ca886e0b8eba03326c448237e4728f5063708ae248748
raw_data/curated_20260505/2026-05-05/base-model/olmo-3-32b-base/dom-tech/logs/agent-agent_kappa.log,229491,0.219,c3f4d918e69e145ebe52ef598f1b1c5996e5d7a809c6ca4527f7d344700e7ac2
raw_data/curated_20260505/2026-05-05/base-model/olmo-3-32b-base/dom-tech/logs/agent-agent_theta.log,271258,0.259,a842d53bc1994e0a1c5777f0c6a0793eb925e62df44fd8a90fba2375a74eaa18
raw_data/curated_20260505/2026-05-05/base-model/olmo-3-32b-base/dom-tech/logs/agent-agent_zeta.log,353832,0.337,ffedf42c5b129ddee282e2e22580b90dd04fd5d70981604c723a288c10bae3a6
raw_data/curated_20260505/2026-05-05/base-model/olmo-3-32b-base/dom-tech/logs/api.log,143464,0.137,80aa039705b6e90a6bcd66f72823b3cb57b7062b6be0f749c9a7bf5663495897
raw_data/curated_20260505/2026-05-05/base-model/olmo-3-32b-base/dom-tech/logs/content-gen.log,2378,0.002,a0023b9193f3a4538c017dbafd844caf89dd43f7fe40c14ca344bab2f33ccd83
raw_data/curated_20260505/2026-05-05/base-model/olmo-3-32b-base/dom-tech/logs/postgres.log,4967,0.005,6969a29c02d214184a3ee9517472c789b642c656e8ab4bc624a7b68ebd6a8f4c
raw_data/curated_20260505/2026-05-05/base-model/olmo-3-32b-base/dom-tech/logs/redis.log,977,0.001,fc0a37fb9c917394555ddc52405d09ac2b726144f7c9eda39cd560d1aee7644b
raw_data/curated_20260505/2026-05-05/base-model/olmo-3-32b-base/dom-tech/metadata.json,481,0.0,6d89aa1db98dadf4be9bf5e9211f5efa810aa156dd57f76466d73d1a435f1122
raw_data/curated_20260505/2026-05-05/base-model/olmo-3-32b-base/dom-tech/posts.jsonl,630507,0.601,38cec15b82b0b9086913d816b89c463749c43c64e9ffda9d162a7e5ad03d9e08
raw_data/curated_20260505/2026-05-05/base-model/olmo-3-32b-base/mag0/agents.jsonl,2507,0.002,dcfb525a06b7bf8bed405532365de262583afd2af19f913033ee5de9781eaa06
raw_data/curated_20260505/2026-05-05/base-model/olmo-3-32b-base/mag0/comments.jsonl,6747,0.006,a4aeba895aaa20d7aad51ec9ecc8454bf5fc5ff2ffb1f5d0bffd7e726c0d1ea2
raw_data/curated_20260505/2026-05-05/base-model/olmo-3-32b-base/mag0/database-final.sql,1001241,0.955,e58d149ecd91aae9ac67ecd44606eba2f5994f9c27a2467cddf748d09c542a4a
raw_data/curated_20260505/2026-05-05/base-model/olmo-3-32b-base/mag0/logs/agent-agent_alpha.log,266283,0.254,7572c9c619a01cbad85d79fb7480ed436b3343e167b4b2160edf794229413cb1
raw_data/curated_20260505/2026-05-05/base-model/olmo-3-32b-base/mag0/logs/agent-agent_beta.log,420791,0.401,49d22e21354684514319dc0b8a78f54594a75d8f4bb06a7469c9400b2965645e
raw_data/curated_20260505/2026-05-05/base-model/olmo-3-32b-base/mag0/logs/agent-agent_delta.log,365048,0.348,88f31c81c4d401b610585d62f1ee33fa95828361ff045170ec1aa7360a28f4cc
raw_data/curated_20260505/2026-05-05/base-model/olmo-3-32b-base/mag0/logs/agent-agent_epsilon.log,372081,0.355,821ed02b1e640d8e6e6ca7fc659a831effffcf5b58978633104c748b90f3fb58
raw_data/curated_20260505/2026-05-05/base-model/olmo-3-32b-base/mag0/logs/agent-agent_eta.log,402658,0.384,2c035e8ec3b884bad899347b9eefaf0f39cebb82050096bc6ee323d3ac4360f0
raw_data/curated_20260505/2026-05-05/base-model/olmo-3-32b-base/mag0/logs/agent-agent_gamma.log,440896,0.42,ce64264ac27382e056f4f3ac2d0611992585d42ede37588b3fea8dcbe3bc9438
raw_data/curated_20260505/2026-05-05/base-model/olmo-3-32b-base/mag0/logs/agent-agent_iota.log,395147,0.377,a2c8781e77b824688d4af4d9f578eda012f876777a696cf16e7c59500e5486d8
raw_data/curated_20260505/2026-05-05/base-model/olmo-3-32b-base/mag0/logs/agent-agent_kappa.log,354427,0.338,f83b963fc566b4c15335cd7d2dba89556ba96d9f8fc91c758881172ba7720a87
raw_data/curated_20260505/2026-05-05/base-model/olmo-3-32b-base/mag0/logs/agent-agent_theta.log,333692,0.318,965736be54a8b93ed734f57264921808742282c9c2c1bf3c62300fcee1a24154
raw_data/curated_20260505/2026-05-05/base-model/olmo-3-32b-base/mag0/logs/agent-agent_zeta.log,331086,0.316,adcfe0292f56a65cb8e4f4a1a4133f3471746e9a036ea2ef696d02245f201cb3
raw_data/curated_20260505/2026-05-05/base-model/olmo-3-32b-base/mag0/logs/api.log,185356,0.177,6bb9b9df470e8bfe01998bdb29bf9a73cfc3f845e7dd77086f251871eba727b1
raw_data/curated_20260505/2026-05-05/base-model/olmo-3-32b-base/mag0/logs/content-gen.log,9198,0.009,39ff3f784537b1376d18f106f175cb89f247b7f4925c0d19f9ccc33e6d67322d
raw_data/curated_20260505/2026-05-05/base-model/olmo-3-32b-base/mag0/logs/postgres.log,4997,0.005,4a711ffe61986bac76c25b6de734d533500cc8b65666d6734ed4daeaf58bb3c3
raw_data/curated_20260505/2026-05-05/base-model/olmo-3-32b-base/mag0/logs/redis.log,986,0.001,4c0c41f01e7cd0139e988e397ce3b9709791d0da8d71d76280dd6c58f87f6a89
raw_data/curated_20260505/2026-05-05/base-model/olmo-3-32b-base/mag0/metadata.json,474,0.0,cea0f633ebf7179f3bc9926f4000ee16bf829e53a46fbba6b48ad0343b9e1d92
raw_data/curated_20260505/2026-05-05/base-model/olmo-3-32b-base/mag0/posts.jsonl,693943,0.662,c32a527292b68e0782349f33466901afedf78e34b4e828db03a993f112ad6e45
raw_data/curated_20260505/2026-05-05/base-model/olmo-3-32b-base/mag1/agents.jsonl,2686,0.003,16f8c646147a0f07887cd272108a0cee883e322288ce671b580abe095c82266c
raw_data/curated_20260505/2026-05-05/base-model/olmo-3-32b-base/mag1/comments.jsonl,1412,0.001,a662b5f8f5ed74e3fe6836959447d679ada897ee8ed248773c4543ff4e613f21
raw_data/curated_20260505/2026-05-05/base-model/olmo-3-32b-base/mag1/database-final.sql,661081,0.63,bef08d0750fbe339623e18988bebe06a058bba7b1fd7ea3520d5fa7684c3dd1a
raw_data/curated_20260505/2026-05-05/base-model/olmo-3-32b-base/mag1/logs/agent-agent_alpha.log,420152,0.401,db4246cc2f484188a38afce8507abc7fca4ec1bcc01e3bdc19736f0a7d14dc35
raw_data/curated_20260505/2026-05-05/base-model/olmo-3-32b-base/mag1/logs/agent-agent_beta.log,260230,0.248,f122cbfbb2b119a91c0fee09bf2158b99c45511fa7d809db2d055f53c91e7ea8
raw_data/curated_20260505/2026-05-05/base-model/olmo-3-32b-base/mag1/logs/agent-agent_delta.log,271568,0.259,42a48550b57e5207ea6822479ac09c5270f1082a0b3cad6435ce93d9e5d2f6d9
raw_data/curated_20260505/2026-05-05/base-model/olmo-3-32b-base/mag1/logs/agent-agent_epsilon.log,254872,0.243,74dafcaf026480a62d94fb72e0d05ba5f5f36a4fc6a06746d27b9936c6fb6213
raw_data/curated_20260505/2026-05-05/base-model/olmo-3-32b-base/mag1/logs/agent-agent_eta.log,450630,0.43,347d2f971d95030f9bac07d8658a2cf984465fc7f8b592f65b0e0ea94cefea25
raw_data/curated_20260505/2026-05-05/base-model/olmo-3-32b-base/mag1/logs/agent-agent_gamma.log,372067,0.355,33256c7671def194780d55407e3bac41565c1430f0f093f03e7eb9d0eea37a2b
raw_data/curated_20260505/2026-05-05/base-model/olmo-3-32b-base/mag1/logs/agent-agent_iota.log,382737,0.365,97a46531a81fd39954d323b41b5edb62e5b5d5c7c0a6854db9406987355ef846
raw_data/curated_20260505/2026-05-05/base-model/olmo-3-32b-base/mag1/logs/agent-agent_kappa.log,1990,0.002,63de0e01c17716119283658d572f3f19147554f640bcf84febf779f79ae3c0ef
raw_data/curated_20260505/2026-05-05/base-model/olmo-3-32b-base/mag1/logs/agent-agent_theta.log,237396,0.226,2e9cc95f77d7dc0ef7041b687d0bcc37e304ab691e21ffe28cd4fad1bc7ca517
raw_data/curated_20260505/2026-05-05/base-model/olmo-3-32b-base/mag1/logs/agent-agent_zeta.log,273193,0.261,a3c1448cd665e34d90aaa32dd979aa9781c0a935ec2f2b2eae6622598599b0c9
raw_data/curated_20260505/2026-05-05/base-model/olmo-3-32b-base/mag1/logs/api.log,110748,0.106,28ebad3fd39d59237b1ba80c660584e4dc314b2020744997e64a289beca860b5
raw_data/curated_20260505/2026-05-05/base-model/olmo-3-32b-base/mag1/logs/content-gen.log,3898,0.004,4c5df84f0d53fd2892e2e91b984405cf59c4d992c1be8d1ffd3c85a5a43991b8
raw_data/curated_20260505/2026-05-05/base-model/olmo-3-32b-base/mag1/logs/postgres.log,4997,0.005,d3ff8ea83c080f1112214a03ed221ad3e3da90f6f2a22b0f789c9d69f5a857aa
raw_data/curated_20260505/2026-05-05/base-model/olmo-3-32b-base/mag1/logs/redis.log,986,0.001,ff7aecdccee235bf7a839e6b8e359028fce6dc29198072ec88af7cce96957e27
raw_data/curated_20260505/2026-05-05/base-model/olmo-3-32b-base/mag1/metadata.json,473,0.0,cb70e5b2ef478de15af3780a1aa5febe214c4d5235fe33e326f949a634719d32
raw_data/curated_20260505/2026-05-05/base-model/olmo-3-32b-base/mag1/posts.jsonl,463676,0.442,fc3c85ecb5e885fd65154f0d8f6248babc7f5f9477a7543853569cf08acf330c
raw_data/curated_20260505/2026-05-05/base-model/olmo-3-32b-base/mag25/agents.jsonl,2686,0.003,3b11a5fbf4689074c0e5766ac68b68bc25fc2cc2c15e7e55e006b543f8a2493e
raw_data/curated_20260505/2026-05-05/base-model/olmo-3-32b-base/mag25/database-final.sql,706752,0.674,06cfd12c64234bb491822ec75067a34e2c72236f8060b7e3cf27cda799d97ce5
raw_data/curated_20260505/2026-05-05/base-model/olmo-3-32b-base/mag25/logs/agent-agent_alpha.log,240757,0.23,8afb94fd18befbecff750d30264776877b762fead79354f12565a24f81e3433a
raw_data/curated_20260505/2026-05-05/base-model/olmo-3-32b-base/mag25/logs/agent-agent_beta.log,254447,0.243,eb0a6bfd2a27ad7976d30233e8e5a17a0d6ba65b083a4e6e04d9cf10d6338c9f
raw_data/curated_20260505/2026-05-05/base-model/olmo-3-32b-base/mag25/logs/agent-agent_delta.log,315126,0.301,6f8599798163b283ec5a1effada43fe6c8959896cb658c2eb60e41167caa95ac
raw_data/curated_20260505/2026-05-05/base-model/olmo-3-32b-base/mag25/logs/agent-agent_epsilon.log,395842,0.378,1b8230b423f3e90131d0f78627637709a4798d6c83b8b6edc34c9fc91e12444f
raw_data/curated_20260505/2026-05-05/base-model/olmo-3-32b-base/mag25/logs/agent-agent_eta.log,264990,0.253,b5ec9934c74a95344b15b21058b439cf7cb20c545542615fdbadbf00e329dbf0
raw_data/curated_20260505/2026-05-05/base-model/olmo-3-32b-base/mag25/logs/agent-agent_gamma.log,334731,0.319,bdf3db9d89d14301b1245dcce1d8fa081585df1514738cf1de6d1fd7a72267c7
raw_data/curated_20260505/2026-05-05/base-model/olmo-3-32b-base/mag25/logs/agent-agent_iota.log,269578,0.257,2747e5f3e2f47591e8d216a135e96584979635ed64e4b0fb22cf609eead96a4a
raw_data/curated_20260505/2026-05-05/base-model/olmo-3-32b-base/mag25/logs/agent-agent_kappa.log,247733,0.236,76db5da06d0abd388d93a0ff4014d7ab2ef09e2231cec8f33094b35b12dbbf85
raw_data/curated_20260505/2026-05-05/base-model/olmo-3-32b-base/mag25/logs/agent-agent_theta.log,248579,0.237,451ee2a74974618db1b9008fdff760639b0cbf381ff6c7d06eb0221f1c4d3e03
raw_data/curated_20260505/2026-05-05/base-model/olmo-3-32b-base/mag25/logs/agent-agent_zeta.log,280041,0.267,7caa829c1b2c53117bd8f94e2a44287fe366c49fde5f7e03a9f054437010b76e
raw_data/curated_20260505/2026-05-05/base-model/olmo-3-32b-base/mag25/logs/api.log,110346,0.105,dbce07fb865f6f48095a2c641cd4f7603865b76e0f54767915f409aa7fc510b3
raw_data/curated_20260505/2026-05-05/base-model/olmo-3-32b-base/mag25/logs/content-gen.log,31462,0.03,2ec4a93ad39f24c3fa43f6d78bd6f0e186a2708fc2904d25929c34c172a50282
raw_data/curated_20260505/2026-05-05/base-model/olmo-3-32b-base/mag25/logs/postgres.log,9211,0.009,637b46c24a60f75c42ae1d8766c658c155449f4b857373698a3b42e502138371
raw_data/curated_20260505/2026-05-05/base-model/olmo-3-32b-base/mag25/logs/redis.log,977,0.001,0e2f2e55ed591f28cca3f71b0e4d865c19aec92ea2a7196adae701e81deeaf0d
raw_data/curated_20260505/2026-05-05/base-model/olmo-3-32b-base/mag25/metadata.json,475,0.0,8fa1b45799317fff36a9dcaa8147c99d57aa48af9d7f746b1dbd9079f8c7886d
raw_data/curated_20260505/2026-05-05/base-model/olmo-3-32b-base/mag25/posts.jsonl,515319,0.491,8ac4e38fa9a8a61a6679dd6121daef81455dc1c4262ed10c232a93d4ffe9e9b2
raw_data/curated_20260505/2026-05-05/base-model/olmo-3-32b-base/mag5/agents.jsonl,2686,0.003,ed5cc04df4774ca489414f804192d5701415a129fbb9f4a57c589588733e2b19
raw_data/curated_20260505/2026-05-05/base-model/olmo-3-32b-base/mag5/database-final.sql,704720,0.672,4d158c0be93df58a34df497ce3c108bf4293175d333b04aa8207f63935e065e2
raw_data/curated_20260505/2026-05-05/base-model/olmo-3-32b-base/mag5/logs/agent-agent_alpha.log,254025,0.242,8c5fd1d92f1ec403f29247c8b18802e0aa5dbf17b5b515fd312f5992df57f037
raw_data/curated_20260505/2026-05-05/base-model/olmo-3-32b-base/mag5/logs/agent-agent_beta.log,309173,0.295,edd2b7e14769690c8b1e4225627163110010a82a251b8d15cb6bf9744cc5e9a1
raw_data/curated_20260505/2026-05-05/base-model/olmo-3-32b-base/mag5/logs/agent-agent_delta.log,403649,0.385,dcdb0cc623857fad5d3e802e66eb2afc7251df7a05ae40590c194a9b695ef89e
raw_data/curated_20260505/2026-05-05/base-model/olmo-3-32b-base/mag5/logs/agent-agent_epsilon.log,343175,0.327,22e735dc8325620cd65583cd51c97d098db5444f97f6ccd2b723604af36970ec
raw_data/curated_20260505/2026-05-05/base-model/olmo-3-32b-base/mag5/logs/agent-agent_eta.log,277452,0.265,d3dfd9524210224ae52774ba0da0a77f8d81747fbf476abd1969de74792ec475
raw_data/curated_20260505/2026-05-05/base-model/olmo-3-32b-base/mag5/logs/agent-agent_gamma.log,332771,0.317,73d57b2546bc71c51d01bc003f18f3fe198da111a05e26b1d972783e60756b4f
raw_data/curated_20260505/2026-05-05/base-model/olmo-3-32b-base/mag5/logs/agent-agent_iota.log,253682,0.242,b6f2a482338165c74a4ea507540046ae2ff68c89dca7bcc7d8f45aa415950a2e
raw_data/curated_20260505/2026-05-05/base-model/olmo-3-32b-base/mag5/logs/agent-agent_kappa.log,355559,0.339,45df7be5e423e6f5c7e555435f276d429b5319837ccb55e0cb327118269457d9
raw_data/curated_20260505/2026-05-05/base-model/olmo-3-32b-base/mag5/logs/agent-agent_theta.log,248239,0.237,82e210c91254d179772c146f6dd776a9253c7c4f543b3145822cdd1ee7dd97e5
raw_data/curated_20260505/2026-05-05/base-model/olmo-3-32b-base/mag5/logs/agent-agent_zeta.log,381044,0.363,f5cc1a1ce82edc1e6ebcaaf3594a1eb390d9721d214dceb2512598e10ddd789e
raw_data/curated_20260505/2026-05-05/base-model/olmo-3-32b-base/mag5/logs/api.log,135936,0.13,579dc13c278b8374d983f88c30f6e574a0fcd77225cc225435245445bc247b1c
raw_data/curated_20260505/2026-05-05/base-model/olmo-3-32b-base/mag5/logs/content-gen.log,58944,0.056,6b68348fda81e87308308f281f0753c58d0e678a8cfc06614f935ca47ea1eae3
raw_data/curated_20260505/2026-05-05/base-model/olmo-3-32b-base/mag5/logs/postgres.log,8150,0.008,7135088be4de8ec64cdf698b7a2b29576ccd3893ba52f4c6c6e1bb5fd485f854
raw_data/curated_20260505/2026-05-05/base-model/olmo-3-32b-base/mag5/logs/redis.log,977,0.001,1ab32519fdc027ee3e9a92dbe463df3fa56471a824124b7c6c717bfa7f4bc889
raw_data/curated_20260505/2026-05-05/base-model/olmo-3-32b-base/mag5/metadata.json,473,0.0,3292db90bdf84a575a5067435888667d8444735a8ad1c9ae89d5ed61a6037cd6
raw_data/curated_20260505/2026-05-05/base-model/olmo-3-32b-base/mag5/posts.jsonl,477079,0.455,a0337b41b970cfa3ac895714b9d44f2659202d3f703d02019745f14d52f0552a
raw_data/curated_20260505/2026-05-05/base-model/olmo-3-32b-instruct/dom-agi/agents.jsonl,2686,0.003,c57780ec9a38578310c6470f2f2b58762a680619e22db2274b851f5ded9db634
raw_data/curated_20260505/2026-05-05/base-model/olmo-3-32b-instruct/dom-agi/comments.jsonl,796,0.001,e94e593b32834453ea2268f59e21b3c75d985a7af91d7cd0ec6ce8957be0c07b
raw_data/curated_20260505/2026-05-05/base-model/olmo-3-32b-instruct/dom-agi/database-final.sql,569765,0.543,8f9a81ddb60b7004bfd25ba1957d788e7b9b88309601159d248e1d403d232246
raw_data/curated_20260505/2026-05-05/base-model/olmo-3-32b-instruct/dom-agi/logs/agent-agent_alpha.log,244620,0.233,1757a14f991500ecb540f54d67a587a8326b6a8a3912ccd052c3c4683b20cce9
raw_data/curated_20260505/2026-05-05/base-model/olmo-3-32b-instruct/dom-agi/logs/agent-agent_beta.log,411915,0.393,736b77d1926df9bba2e00154d842cbc17a83eff1186ed9e7b60f150116b282a2
raw_data/curated_20260505/2026-05-05/base-model/olmo-3-32b-instruct/dom-agi/logs/agent-agent_delta.log,246150,0.235,0cfb858aa42d9a93c54618ca24b8220f25e39c1ef3a9973229ef8e393bbc66c9
raw_data/curated_20260505/2026-05-05/base-model/olmo-3-32b-instruct/dom-agi/logs/agent-agent_epsilon.log,1998,0.002,db02892d424637d9e17e274f9c269d441c1510c22151cc56b66a4912b0396425
raw_data/curated_20260505/2026-05-05/base-model/olmo-3-32b-instruct/dom-agi/logs/agent-agent_eta.log,226906,0.216,bb9fef767c3153559f8471216a25b01fb931d40c88d8f8cd002449215214f46c
raw_data/curated_20260505/2026-05-05/base-model/olmo-3-32b-instruct/dom-agi/logs/agent-agent_gamma.log,339853,0.324,040cd837403431794457ea8642d4da01746781c08d7fe36f41bf5fe1d00ed835
raw_data/curated_20260505/2026-05-05/base-model/olmo-3-32b-instruct/dom-agi/logs/agent-agent_iota.log,327464,0.312,a94066df57da062bcf98ee3328b7989da69561367dd3f453b2282ec836989f3f
raw_data/curated_20260505/2026-05-05/base-model/olmo-3-32b-instruct/dom-agi/logs/agent-agent_kappa.log,291609,0.278,7c63b3d8465b2d71370083250801f8b5f00c4eee6a5f2576a6166d5e67bef089
raw_data/curated_20260505/2026-05-05/base-model/olmo-3-32b-instruct/dom-agi/logs/agent-agent_theta.log,378741,0.361,76104b2a317e1a493d36a919f94fb70b590d64b1f6b97dcb9fbf248e36806365
raw_data/curated_20260505/2026-05-05/base-model/olmo-3-32b-instruct/dom-agi/logs/agent-agent_zeta.log,398338,0.38,09442120f3b70e26a6bb5945947bf07cc765def86a69c69f7dc8ff0545991c45
raw_data/curated_20260505/2026-05-05/base-model/olmo-3-32b-instruct/dom-agi/logs/api.log,157173,0.15,c8706bfb93af10f9ef401290c645c2980cfd69b9743e1b4f0e60bc5adac31e84
raw_data/curated_20260505/2026-05-05/base-model/olmo-3-32b-instruct/dom-agi/logs/content-gen.log,2370,0.002,99b99e91a7aa34f30e95eeb4737f00ebd896363e02247c5313bcbc47d39ca657
raw_data/curated_20260505/2026-05-05/base-model/olmo-3-32b-instruct/dom-agi/logs/postgres.log,6028,0.006,2792b7147f6d11ea9f99f57afec1bfb235be9925a68c38446cdf21dd40404c82
raw_data/curated_20260505/2026-05-05/base-model/olmo-3-32b-instruct/dom-agi/logs/redis.log,977,0.001,02580dc713e8a074066f7ef41c356d56fdc40a58962167bb9696939dac4140e5
raw_data/curated_20260505/2026-05-05/base-model/olmo-3-32b-instruct/dom-agi/metadata.json,479,0.0,67510eae95714f0bc695544ad7da521e5f9e53cc1d5e1c2a443d46ed588e497e
raw_data/curated_20260505/2026-05-05/base-model/olmo-3-32b-instruct/dom-agi/posts.jsonl,335244,0.32,2470c13c672575c15c5077721f483f2e2260b2b35c9b77cf9b719a14616d0043
raw_data/curated_20260505/2026-05-05/base-model/olmo-3-32b-instruct/dom-tech/agents.jsonl,2686,0.003,653e0a28e0cf576a36be0235bd4ca75a6e32eb1ed1efbe26e96386cf4ff2b52a
raw_data/curated_20260505/2026-05-05/base-model/olmo-3-32b-instruct/dom-tech/comments.jsonl,2472,0.002,4f694580a1a352e7a18511e421cbda59c999ad5520a1e095d9229b120b3cd99d
raw_data/curated_20260505/2026-05-05/base-model/olmo-3-32b-instruct/dom-tech/database-final.sql,595752,0.568,431d210c78d60082aa05bc9725362f31815b943cbd53437646666905299628d3
raw_data/curated_20260505/2026-05-05/base-model/olmo-3-32b-instruct/dom-tech/logs/agent-agent_alpha.log,238913,0.228,9db5ea70d78f55da64ca6d2bdabbc8716db265f66dc4c6b20083b48b46ff98b2
raw_data/curated_20260505/2026-05-05/base-model/olmo-3-32b-instruct/dom-tech/logs/agent-agent_beta.log,243535,0.232,dab998833101a9a01489f4585f9cdc1ffcc66b16da72383a849538242d7051a9
raw_data/curated_20260505/2026-05-05/base-model/olmo-3-32b-instruct/dom-tech/logs/agent-agent_delta.log,238985,0.228,c8be12fbea62d0ff96ef5631ab481b0f2302a7c784c6f00ce95c0de4afd08d3b
raw_data/curated_20260505/2026-05-05/base-model/olmo-3-32b-instruct/dom-tech/logs/agent-agent_epsilon.log,252411,0.241,c8e9cc8978a8807cf4db8ad09519c86c3e9035c07a911bbcaa249ac5e9e9c004
raw_data/curated_20260505/2026-05-05/base-model/olmo-3-32b-instruct/dom-tech/logs/agent-agent_eta.log,526053,0.502,ecc61f5c3c4987f0e3341ce9f90607be901864e26245682329280e1861bf27f9
raw_data/curated_20260505/2026-05-05/base-model/olmo-3-32b-instruct/dom-tech/logs/agent-agent_gamma.log,452606,0.432,5e3bd166d5739452ae791e13afe0b756ef1e906bb455014d1e2728373fbbb8e3
raw_data/curated_20260505/2026-05-05/base-model/olmo-3-32b-instruct/dom-tech/logs/agent-agent_iota.log,244010,0.233,4a8eb90711e4c9e840b3d9067cb2a22799d78d44e5aaddf5b4296ee85190eb3e
raw_data/curated_20260505/2026-05-05/base-model/olmo-3-32b-instruct/dom-tech/logs/agent-agent_kappa.log,298215,0.284,1ae41a9e1b1a569a6ed571122cb6c4aadb76f86f04085a6fb34f434f66e11b8d
raw_data/curated_20260505/2026-05-05/base-model/olmo-3-32b-instruct/dom-tech/logs/agent-agent_theta.log,380376,0.363,693754e5ff26685c5661abf5ff9be33e577e0e4e4cf4c99b064bcdfdade5018c
raw_data/curated_20260505/2026-05-05/base-model/olmo-3-32b-instruct/dom-tech/logs/agent-agent_zeta.log,372686,0.355,68b8d3ee4bef002aec590578a6fd7e93f0cd58e4f9c42db6d025246e8e1fd989
raw_data/curated_20260505/2026-05-05/base-model/olmo-3-32b-instruct/dom-tech/logs/api.log,134216,0.128,9ac72253507253f7ea2329ef7a63a860536b7d4223c37debfd555da3ed455a36
raw_data/curated_20260505/2026-05-05/base-model/olmo-3-32b-instruct/dom-tech/logs/content-gen.log,9194,0.009,28f199af1fbc866fe2c91911f83ebd0376de6176ab02def8dc3b7f9c25d04529
raw_data/curated_20260505/2026-05-05/base-model/olmo-3-32b-instruct/dom-tech/logs/postgres.log,6028,0.006,50a70d0cfd8e7a0c7177d076b62ccae330c70967b1a561063f05010df8070ad1
raw_data/curated_20260505/2026-05-05/base-model/olmo-3-32b-instruct/dom-tech/logs/redis.log,977,0.001,b3242332f8507cdbd05255d05ea3de1ebad4fbf3713f2c2a8aee69c7f819fa25
raw_data/curated_20260505/2026-05-05/base-model/olmo-3-32b-instruct/dom-tech/metadata.json,481,0.0,c3930e6d65fa0c8b8f3294afeab7eeeb7d004055e72d5ad1452ab49002e821c1
raw_data/curated_20260505/2026-05-05/base-model/olmo-3-32b-instruct/dom-tech/posts.jsonl,380209,0.363,8899ea9c6e7807ccabcc1b624e0bc5421e5831048a3254c360e71b1845a076d4
raw_data/curated_20260505/2026-05-05/base-model/olmo-3-32b-instruct/mag0/agents.jsonl,2507,0.002,f899a9b2b30c512cf27618d665e45a9b6b5a7dfa833ddd3709d784731f5474a3
raw_data/curated_20260505/2026-05-05/base-model/olmo-3-32b-instruct/mag0/comments.jsonl,944,0.001,0f119b42e4f6feefeb09af91469a684d3b8352bfa01d7a275f25ea7d1de98582
raw_data/curated_20260505/2026-05-05/base-model/olmo-3-32b-instruct/mag0/database-final.sql,648227,0.618,6ffbb6d33ccca6f37db4bcbb3b2b4521605a3e203cd0cdaebc20ffad8386d188
raw_data/curated_20260505/2026-05-05/base-model/olmo-3-32b-instruct/mag0/logs/agent-agent_alpha.log,319367,0.305,b9df1933b379e8d37d447aa005e8433d07d7f27a965db171a7e28a15d63777e0
raw_data/curated_20260505/2026-05-05/base-model/olmo-3-32b-instruct/mag0/logs/agent-agent_beta.log,399064,0.381,24764d39a0186cab8110e1d424e0c62b6173f0194000db2455727efb248009ca
raw_data/curated_20260505/2026-05-05/base-model/olmo-3-32b-instruct/mag0/logs/agent-agent_delta.log,265409,0.253,4df057bcced081a692eb09e64d01116ff9abe617b3c6f9d529e88fa2cc4b6689
raw_data/curated_20260505/2026-05-05/base-model/olmo-3-32b-instruct/mag0/logs/agent-agent_epsilon.log,355952,0.339,5d68c8e5c33ade3f27938692e2f55664cc100ee2762baf8676c281beaa7f2d6d
raw_data/curated_20260505/2026-05-05/base-model/olmo-3-32b-instruct/mag0/logs/agent-agent_eta.log,403592,0.385,c3019847b9ae040a4ce240d5af5cb1609a893b8e6723bfdfc4e5b6908110eba9
raw_data/curated_20260505/2026-05-05/base-model/olmo-3-32b-instruct/mag0/logs/agent-agent_gamma.log,487205,0.465,2cd03aa41a35e863a6324d2ce470d1580b1c18d4b600745bf770f9e7e985fd22
raw_data/curated_20260505/2026-05-05/base-model/olmo-3-32b-instruct/mag0/logs/agent-agent_iota.log,243807,0.233,075de67d81d0d54d9dde4f655a5c235da1e490ff23e1d347ae7fcab0aacafa1b
raw_data/curated_20260505/2026-05-05/base-model/olmo-3-32b-instruct/mag0/logs/agent-agent_kappa.log,413910,0.395,51e8549469461ac3b20eb4d2e14d4997f5b894d14d3c97473077392864ea7513
raw_data/curated_20260505/2026-05-05/base-model/olmo-3-32b-instruct/mag0/logs/agent-agent_theta.log,423181,0.404,0216da452300ae66a76042eb86bab46c91b874a3e69452d88a98599bdfa368bb
raw_data/curated_20260505/2026-05-05/base-model/olmo-3-32b-instruct/mag0/logs/agent-agent_zeta.log,340837,0.325,ac7cce4435eeb9826c7c774b74b940075412c29529cbb7edd5d2c0da34ec5484
raw_data/curated_20260505/2026-05-05/base-model/olmo-3-32b-instruct/mag0/logs/api.log,163018,0.155,56522930a95bd2bf62e739c7a176a58c193598746d59248785d1470aab28f053
raw_data/curated_20260505/2026-05-05/base-model/olmo-3-32b-instruct/mag0/logs/content-gen.log,68741,0.066,682aae901446e5f876ee7009894780bb38ede0c21cf7f5d1f24d38db58e22a50
raw_data/curated_20260505/2026-05-05/base-model/olmo-3-32b-instruct/mag0/logs/postgres.log,4967,0.005,cc8e04576986e480ceddc4e4d25671e53fb307bb5401b5cd52c199adddad238e
raw_data/curated_20260505/2026-05-05/base-model/olmo-3-32b-instruct/mag0/logs/redis.log,977,0.001,e6b2cb14af1525713c8dfc7ee2054e137d29e6c67a84a7c32339532465539403
raw_data/curated_20260505/2026-05-05/base-model/olmo-3-32b-instruct/mag0/metadata.json,473,0.0,f678eb2305f228204775bbfa44aad89bd80be2cc58db08aa10bee88340687efc
raw_data/curated_20260505/2026-05-05/base-model/olmo-3-32b-instruct/mag0/posts.jsonl,374740,0.357,20d73fe7abf4663554ad4296e0d3fbee2165ca62686348ed0f34e7f467a77e36
raw_data/curated_20260505/2026-05-05/base-model/olmo-3-32b-instruct/mag1/agents.jsonl,2686,0.003,81dd1ed52c413b068351a4f99e94fee68a665bb7a1640d983eda41ee56abcc83
raw_data/curated_20260505/2026-05-05/base-model/olmo-3-32b-instruct/mag1/comments.jsonl,1024,0.001,1ef769f6397ea4c1d41f27003fd744e4c42b9c12702e3cdf713e6ad9e7ccc9dc
raw_data/curated_20260505/2026-05-05/base-model/olmo-3-32b-instruct/mag1/database-final.sql,791379,0.755,dcf6657bd0171b03bfe2a556a8111718c0fe58dfbb65d03a8d2a7465dfaa41f4
raw_data/curated_20260505/2026-05-05/base-model/olmo-3-32b-instruct/mag1/logs/agent-agent_alpha.log,331979,0.317,6bd9102eaf8910d4086b8c4859720de37a8a742501c5a0b70ede4553794e9a9f
raw_data/curated_20260505/2026-05-05/base-model/olmo-3-32b-instruct/mag1/logs/agent-agent_beta.log,347007,0.331,8e7533345d5f969c82257d87a1ded35e8860ec9393b4e4a1eea36c8d06e6ea2f
raw_data/curated_20260505/2026-05-05/base-model/olmo-3-32b-instruct/mag1/logs/agent-agent_delta.log,384713,0.367,4f4fbe3d8bfc012df8521aa1bc38a38c62dbab90d383624d2f884b753d97046f
raw_data/curated_20260505/2026-05-05/base-model/olmo-3-32b-instruct/mag1/logs/agent-agent_epsilon.log,416925,0.398,dd651d93233a5a93c351ab00e6e940a10fa96fa6ff7a9ab788af03b6b2769bc9
raw_data/curated_20260505/2026-05-05/base-model/olmo-3-32b-instruct/mag1/logs/agent-agent_eta.log,329578,0.314,227235ae097864308759c50e349c7ff34f9e54a238cac63b58d2d54732651ad6
raw_data/curated_20260505/2026-05-05/base-model/olmo-3-32b-instruct/mag1/logs/agent-agent_gamma.log,424693,0.405,883c60f2a5ab041fa49f3352dc4393462388f6eb576a2fe42742e5cac7296889
raw_data/curated_20260505/2026-05-05/base-model/olmo-3-32b-instruct/mag1/logs/agent-agent_iota.log,326092,0.311,3d7a7c6dd429ba7991886d66cf2b8ef86295a1c0fc5ee4479f93f6aaaaed5ff8
raw_data/curated_20260505/2026-05-05/base-model/olmo-3-32b-instruct/mag1/logs/agent-agent_kappa.log,291848,0.278,4138ad87b8ac582190ba12985d5a73670d1ea5420851fcb60f9390658789dcf9
raw_data/curated_20260505/2026-05-05/base-model/olmo-3-32b-instruct/mag1/logs/agent-agent_theta.log,372684,0.355,3760520e0c711a1ee469a4c735d0a91811f564d4a884e888c4239b6f15081a08
raw_data/curated_20260505/2026-05-05/base-model/olmo-3-32b-instruct/mag1/logs/agent-agent_zeta.log,433658,0.414,6223ad21e1bc5833229d6a3f35dad3931f6ed8d096786b951e8db3b9b91f2f78
raw_data/curated_20260505/2026-05-05/base-model/olmo-3-32b-instruct/mag1/logs/api.log,208333,0.199,320ae80029366a6becd47d486ff762207bd23e68108388b7b3ebeba5fdb75a43
raw_data/curated_20260505/2026-05-05/base-model/olmo-3-32b-instruct/mag1/logs/content-gen.log,4638,0.004,de69cb26f7bc4f1204a3cc7f60a4c09611dd97907ff78b61a7e97b5d29af9b76
raw_data/curated_20260505/2026-05-05/base-model/olmo-3-32b-instruct/mag1/logs/postgres.log,34361,0.033,fbbbdd1afb51631a71f2abedb3a55eb201d5c8cb4d0727154ee4609da71a3689
raw_data/curated_20260505/2026-05-05/base-model/olmo-3-32b-instruct/mag1/logs/redis.log,977,0.001,fe7521e1c48d9dce1320ab3afd1aafa2ce5cae29c2afbba57b5e1402e13e6ef5
raw_data/curated_20260505/2026-05-05/base-model/olmo-3-32b-instruct/mag1/metadata.json,473,0.0,379cef05665946df087f99469ba851c8b23fc186c143ca4766b2fb541ca45327
raw_data/curated_20260505/2026-05-05/base-model/olmo-3-32b-instruct/mag1/posts.jsonl,472777,0.451,26a895b9145cb1c31299d8ddac1762f85a12c1872244766e12ed8e02eff54d85
raw_data/curated_20260505/2026-05-05/base-model/olmo-3-32b-instruct/mag25/agents.jsonl,2686,0.003,20791ad9d8279ad92687c49bff8ed0d2d03d9dccc0adb5e9abba1412e4586df0
raw_data/curated_20260505/2026-05-05/base-model/olmo-3-32b-instruct/mag25/database-final.sql,726719,0.693,a589f0d397409faccae08a648312c143f4f755340522eee7b70d26957a172c23
raw_data/curated_20260505/2026-05-05/base-model/olmo-3-32b-instruct/mag25/logs/agent-agent_alpha.log,287123,0.274,23ae82269c239758664ab8a9acad82cfe45e5c759b800cf9afd5e75b7dbf5a3f
raw_data/curated_20260505/2026-05-05/base-model/olmo-3-32b-instruct/mag25/logs/agent-agent_beta.log,279603,0.267,340d62fee03c07078ecdf7b7d6debcdcc236db9c311edf9a357aed488d43480a
raw_data/curated_20260505/2026-05-05/base-model/olmo-3-32b-instruct/mag25/logs/agent-agent_delta.log,331206,0.316,5ddfea4b51b4fc0f61289ec0ee04a3c2be189a42fd7ef96b3d06150abfc46d85
raw_data/curated_20260505/2026-05-05/base-model/olmo-3-32b-instruct/mag25/logs/agent-agent_epsilon.log,425163,0.405,5d156a750f11fba73d7dc183b5b72454df397d792acc82182132e04324a64fd0
raw_data/curated_20260505/2026-05-05/base-model/olmo-3-32b-instruct/mag25/logs/agent-agent_eta.log,310517,0.296,64d2f4991a1f9ead3cff042af409c4a27c18e5e371bad768bdd4b3d8789fc237
raw_data/curated_20260505/2026-05-05/base-model/olmo-3-32b-instruct/mag25/logs/agent-agent_gamma.log,349100,0.333,190fb65aca265f742e324d14567cc064b8672a68ba77e8c64ac66a07fd512bde
raw_data/curated_20260505/2026-05-05/base-model/olmo-3-32b-instruct/mag25/logs/agent-agent_iota.log,428736,0.409,7600ce86ff4ddc55634c3eccf4234951835270970bdcdda3ce744a5bfe64b8c9
raw_data/curated_20260505/2026-05-05/base-model/olmo-3-32b-instruct/mag25/logs/agent-agent_kappa.log,409457,0.39,627bcecbe8ef4cdbe4b04940bbfe31937e384420329d9a434b83e6274a1a72c1
raw_data/curated_20260505/2026-05-05/base-model/olmo-3-32b-instruct/mag25/logs/agent-agent_theta.log,336089,0.321,ad07e9d3d4af53ae2b56dd258e980875c058493cce4ac3839bfec60b368a027f
raw_data/curated_20260505/2026-05-05/base-model/olmo-3-32b-instruct/mag25/logs/agent-agent_zeta.log,362213,0.345,22610225c195d2d9b2b763fef97f1d1b5a4ac801fa0f400f5dca0d72a34da539
raw_data/curated_20260505/2026-05-05/base-model/olmo-3-32b-instruct/mag25/logs/api.log,188162,0.179,cd38f37db6d2f5af587ac0b0bbfaf61b47e777c7c1ab250ab3a1678621d6075b
raw_data/curated_20260505/2026-05-05/base-model/olmo-3-32b-instruct/mag25/logs/content-gen.log,56483,0.054,bfdb4b155ec580ff6295b873479c0cda262008b5671a1aecf94731020cf91b56
raw_data/curated_20260505/2026-05-05/base-model/olmo-3-32b-instruct/mag25/logs/postgres.log,6028,0.006,1bc09315cacef0a01dd4c2ee641440099a707fe9c18804166ddce98af9d5b3e7
raw_data/curated_20260505/2026-05-05/base-model/olmo-3-32b-instruct/mag25/logs/redis.log,977,0.001,f896bcb1e5f127ec0fa5b1984d6924ab2a50c7d10ee53abe483b05416563b767
raw_data/curated_20260505/2026-05-05/base-model/olmo-3-32b-instruct/mag25/metadata.json,475,0.0,0b26c725bed1f8c1aefa580076c29c8182d712306f9c00239264b30512a02912
raw_data/curated_20260505/2026-05-05/base-model/olmo-3-32b-instruct/mag25/posts.jsonl,427137,0.407,dd928a653a699bfe23f55976270923112f64554652cc4c5bf64ea4829af93e61
raw_data/curated_20260505/2026-05-05/base-model/olmo-3-32b-instruct/mag5/agents.jsonl,2686,0.003,d242c86633cc43f37701b9ff81d4df0a00ba6bf5b991b5bde412ecec87bef608
raw_data/curated_20260505/2026-05-05/base-model/olmo-3-32b-instruct/mag5/comments.jsonl,1336,0.001,e5bffaac992efd47be3f11a8aab4bdc938fe9bf92893d2998c215853b83dc61f
raw_data/curated_20260505/2026-05-05/base-model/olmo-3-32b-instruct/mag5/database-final.sql,800636,0.764,0fe7e0e0a379e471544985f9dc2f6599ad429907551ba5c665bd859e56eb217b
raw_data/curated_20260505/2026-05-05/base-model/olmo-3-32b-instruct/mag5/logs/agent-agent_alpha.log,357635,0.341,7a3e92596517dfe704eea3b23431be4d5ad371520c28951535ed35f16d30d6e4
raw_data/curated_20260505/2026-05-05/base-model/olmo-3-32b-instruct/mag5/logs/agent-agent_beta.log,385400,0.368,6fee040f36d56983525dca15d8da8eda8c19eecbecc9a12174a8ff9cd57c4124
raw_data/curated_20260505/2026-05-05/base-model/olmo-3-32b-instruct/mag5/logs/agent-agent_delta.log,438057,0.418,d003985bce39b8fe79b1ed78763beb145e88398345552c91101f5eae20aad724
raw_data/curated_20260505/2026-05-05/base-model/olmo-3-32b-instruct/mag5/logs/agent-agent_epsilon.log,415881,0.397,fd1c70908d92d2f46eb9bc18cc153e3642bf74eb8a526131a69f1c4f3830f2fb
raw_data/curated_20260505/2026-05-05/base-model/olmo-3-32b-instruct/mag5/logs/agent-agent_eta.log,463193,0.442,ab705868744d1c8421716ad2071ddc388c0f4afd1aac90199646af84d519425a
raw_data/curated_20260505/2026-05-05/base-model/olmo-3-32b-instruct/mag5/logs/agent-agent_gamma.log,244650,0.233,eb44714aefca5a13d9eff538aabd80684e2ed402f6bd5a39f61076f63d2db2d4
raw_data/curated_20260505/2026-05-05/base-model/olmo-3-32b-instruct/mag5/logs/agent-agent_iota.log,375223,0.358,95da060dd3a17ba38131d6699be9f9a3ca8440dbee2b1f09bf61448b9e6b0704
raw_data/curated_20260505/2026-05-05/base-model/olmo-3-32b-instruct/mag5/logs/agent-agent_kappa.log,344114,0.328,9106407a8ce0ccab6385f37c11440f2bebb36e4c8a5ee192ccc8dbbbe72efc45
raw_data/curated_20260505/2026-05-05/base-model/olmo-3-32b-instruct/mag5/logs/agent-agent_theta.log,390829,0.373,36a50c646d28b6c857c78007e3058e16ca1b5462209aa6e11a96f89eb0e6496d
raw_data/curated_20260505/2026-05-05/base-model/olmo-3-32b-instruct/mag5/logs/agent-agent_zeta.log,345084,0.329,ad4e8f1ccdcc71d508b24cfef76a30f304a753b6b902a31f0a6e43fc6e71d50d
raw_data/curated_20260505/2026-05-05/base-model/olmo-3-32b-instruct/mag5/logs/api.log,212540,0.203,b32ff17df345243618581505d55b26234ecf32d171a3c3a602bb67b2e42b9b36
raw_data/curated_20260505/2026-05-05/base-model/olmo-3-32b-instruct/mag5/logs/content-gen.log,8473,0.008,18726dc05cc3e66f73a9a9a0362094ff97cdf30bc5277c13ade5d47f9997e36c
raw_data/curated_20260505/2026-05-05/base-model/olmo-3-32b-instruct/mag5/logs/postgres.log,7089,0.007,b0eda38ad78b8a701ca0e7663b53f794d9a713e65d967cb207aad2ebe4571f79
raw_data/curated_20260505/2026-05-05/base-model/olmo-3-32b-instruct/mag5/logs/redis.log,977,0.001,f677d613f4d0279f2405e579fb144fe5c15fb030262a9c45b611296732aedf49
raw_data/curated_20260505/2026-05-05/base-model/olmo-3-32b-instruct/mag5/metadata.json,473,0.0,61012c6a2f7e7f68de0619d740c88674ec95bf71c39ad73f81681e8430ba107c
raw_data/curated_20260505/2026-05-05/base-model/olmo-3-32b-instruct/mag5/posts.jsonl,462156,0.441,48c8b0baff259a3bfa249178e2503b85e330c2ca5deabc7f0209e78b6d924c84
raw_data/curated_20260505/2026-05-05/base-model/qwen-3.5-35b-a3b-base/dom-agi/agents.jsonl,2686,0.003,02d4a6bbbf88b3f8bdeffc567180af9388fde5decdfc8b2cd3431526e9b1c3ef
raw_data/curated_20260505/2026-05-05/base-model/qwen-3.5-35b-a3b-base/dom-agi/database-final.sql,546675,0.521,2abf90045f395ccc2c9cbf89fb23a41e05357ef6f5bc25af244e0b94aa21790c
raw_data/curated_20260505/2026-05-05/base-model/qwen-3.5-35b-a3b-base/dom-agi/logs/agent-agent_alpha.log,281381,0.268,9491f6dd98e5a8fe808c798fc2238f2a545f35bc6d4c32a4a3191e5ec98ec0e3
raw_data/curated_20260505/2026-05-05/base-model/qwen-3.5-35b-a3b-base/dom-agi/logs/agent-agent_beta.log,514520,0.491,7aa56f20400aa232f61f11c96c82ab9cad60edc7f533e109eef579da0279dd11
raw_data/curated_20260505/2026-05-05/base-model/qwen-3.5-35b-a3b-base/dom-agi/logs/agent-agent_delta.log,271076,0.259,28c277687b70b092cb1a06d76662debc6fcd3cb1f6ccecdb8888253fa6dd6b85
raw_data/curated_20260505/2026-05-05/base-model/qwen-3.5-35b-a3b-base/dom-agi/logs/agent-agent_epsilon.log,357681,0.341,281797203af798e1a08f67dc7e6860653ddb962b8ed6c62a4a395323d4fa0473
raw_data/curated_20260505/2026-05-05/base-model/qwen-3.5-35b-a3b-base/dom-agi/logs/agent-agent_eta.log,463009,0.442,d1a64ebe406945aaa20f76470cb00e70df1905e0553933ea70ba7e964f11bfe8
raw_data/curated_20260505/2026-05-05/base-model/qwen-3.5-35b-a3b-base/dom-agi/logs/agent-agent_gamma.log,343583,0.328,f9026c44ac68a64ca24706f88b6ef9a7ab6684014f56770183c3f532521767f2
raw_data/curated_20260505/2026-05-05/base-model/qwen-3.5-35b-a3b-base/dom-agi/logs/agent-agent_iota.log,316546,0.302,fd19e4a7918a7f578af24e39b76ed8ffef0d7576e8ec30506fc899dc46911e1f
raw_data/curated_20260505/2026-05-05/base-model/qwen-3.5-35b-a3b-base/dom-agi/logs/agent-agent_kappa.log,412112,0.393,a0ba7edd1f4f75ab5fbffc8a5d8181b58fffac4f2c207003fe110819ceff4d8d
raw_data/curated_20260505/2026-05-05/base-model/qwen-3.5-35b-a3b-base/dom-agi/logs/agent-agent_theta.log,380201,0.363,62fbe9287bd3c4438fce2eac1141f616362eccc065952101b436454c44e30b23
raw_data/curated_20260505/2026-05-05/base-model/qwen-3.5-35b-a3b-base/dom-agi/logs/agent-agent_zeta.log,296519,0.283,913909a014367ed9712af9629ecc0273f65d0b3c5e3fb34014fa736dfa23f952
raw_data/curated_20260505/2026-05-05/base-model/qwen-3.5-35b-a3b-base/dom-agi/logs/api.log,195041,0.186,f2c8d5f01a1fe82f65a2590cb8ee79c069de05678e1761175be39ba10cc0f511
raw_data/curated_20260505/2026-05-05/base-model/qwen-3.5-35b-a3b-base/dom-agi/logs/content-gen.log,10046,0.01,edf067bb2b0e9a4d6749ec1fc5bb9013f237f17194e5ecfb52218c10cbc061bb
raw_data/curated_20260505/2026-05-05/base-model/qwen-3.5-35b-a3b-base/dom-agi/logs/postgres.log,4965,0.005,e7eae16f454530851c98a0f12570b5910064fb204f230dd23f3a40a02cdf66e3
raw_data/curated_20260505/2026-05-05/base-model/qwen-3.5-35b-a3b-base/dom-agi/logs/redis.log,976,0.001,289ccd4aa8b8694560ce69dfd5f5824d4bf023c9ff26bbcc74c8151ab8b239c2
raw_data/curated_20260505/2026-05-05/base-model/qwen-3.5-35b-a3b-base/dom-agi/metadata.json,479,0.0,df1d0e8a3081c6b8a855d02fb3ed1dec5bd820654cd6d1e821e94516ea426386
raw_data/curated_20260505/2026-05-05/base-model/qwen-3.5-35b-a3b-base/dom-agi/posts.jsonl,285990,0.273,a6e02dd038093b7cf062a0435051750e6a5e1a6fad74ec5a8efd04af3ffa51a1
raw_data/curated_20260505/2026-05-05/base-model/qwen-3.5-35b-a3b-base/dom-tech/agents.jsonl,2686,0.003,ea731059cfcdb46611ea3a565aaba4eb58f5a72dc87ff8c12bc4f4d212bd6c0b
raw_data/curated_20260505/2026-05-05/base-model/qwen-3.5-35b-a3b-base/dom-tech/comments.jsonl,403,0.0,555b99ef65fc8727ad6ecfb50056b6046bd655da19b4336e360b317e062b8719
raw_data/curated_20260505/2026-05-05/base-model/qwen-3.5-35b-a3b-base/dom-tech/database-final.sql,600949,0.573,870c86ac264834109dc4fe795447da0379527fba3c72cf7d5361dfaf400a0c47
raw_data/curated_20260505/2026-05-05/base-model/qwen-3.5-35b-a3b-base/dom-tech/logs/agent-agent_alpha.log,531953,0.507,62c5f699d0a44ff742140293d86e664794847a2f16972ee540287aee18f78450
raw_data/curated_20260505/2026-05-05/base-model/qwen-3.5-35b-a3b-base/dom-tech/logs/agent-agent_beta.log,255653,0.244,1a950865c78ee85e379220462e34577283911e5f2a43828699169f8e55f1c9d3
raw_data/curated_20260505/2026-05-05/base-model/qwen-3.5-35b-a3b-base/dom-tech/logs/agent-agent_delta.log,285354,0.272,d16a31a1d12c0591fa4d93ccc51eb822111a9f188cdc7a207950763abda66679
raw_data/curated_20260505/2026-05-05/base-model/qwen-3.5-35b-a3b-base/dom-tech/logs/agent-agent_epsilon.log,436884,0.417,ae66694537d7dfca866217165c1c79f04c0a48a2520b7d5e4be22ad34ed500ca
raw_data/curated_20260505/2026-05-05/base-model/qwen-3.5-35b-a3b-base/dom-tech/logs/agent-agent_eta.log,289545,0.276,1e894f47585c873d7c3f56119378ff57d5a8e243e75cbd36ea96a423e9605760
raw_data/curated_20260505/2026-05-05/base-model/qwen-3.5-35b-a3b-base/dom-tech/logs/agent-agent_gamma.log,372670,0.355,2db4fb4b847ae24d7c1b445e98b46d3e53fe239acb4313a9322f7091eccb0763
raw_data/curated_20260505/2026-05-05/base-model/qwen-3.5-35b-a3b-base/dom-tech/logs/agent-agent_iota.log,409792,0.391,d01980896ee3ffe77d61544479a4d216b7c5dae45e8bcf0780045c159c934f41
raw_data/curated_20260505/2026-05-05/base-model/qwen-3.5-35b-a3b-base/dom-tech/logs/agent-agent_kappa.log,333767,0.318,70ef678f833f1a19bb7edca7e107134e790acd6fc93b19d6e5b1eee0a6d167f2
raw_data/curated_20260505/2026-05-05/base-model/qwen-3.5-35b-a3b-base/dom-tech/logs/agent-agent_theta.log,363357,0.347,59b1d498f7195df2cba381c537a23df78a0b18bfc1e6ee408ba50fc0f24e3e14
raw_data/curated_20260505/2026-05-05/base-model/qwen-3.5-35b-a3b-base/dom-tech/logs/agent-agent_zeta.log,366071,0.349,a01009a4e96d84e08f35610c149a74820fe58c3f13daddd7def40ae2336f8807
raw_data/curated_20260505/2026-05-05/base-model/qwen-3.5-35b-a3b-base/dom-tech/logs/api.log,175446,0.167,ff80da7b44424bcaa147c78361a01a715b87f83d3073bc3633c2a8325b9e40a9
raw_data/curated_20260505/2026-05-05/base-model/qwen-3.5-35b-a3b-base/dom-tech/logs/content-gen.log,55139,0.053,abc6161b4e26c440df59321508078875defe2823d58e25650272c3c0618d73b7
raw_data/curated_20260505/2026-05-05/base-model/qwen-3.5-35b-a3b-base/dom-tech/logs/postgres.log,6026,0.006,bcf75c4fa56568aa628926b070c126e65fecff786ce53b8c0b48e29e697c98bb
raw_data/curated_20260505/2026-05-05/base-model/qwen-3.5-35b-a3b-base/dom-tech/logs/redis.log,976,0.001,bc8ed88216759a4639bf9b79c6f3dd02fa774bdab27c6123fd8d75313bb69a0a
raw_data/curated_20260505/2026-05-05/base-model/qwen-3.5-35b-a3b-base/dom-tech/metadata.json,481,0.0,a19c329bf27055fbbc79961ebc282751517b08c64eeaa4af7b63d27686530766
raw_data/curated_20260505/2026-05-05/base-model/qwen-3.5-35b-a3b-base/dom-tech/posts.jsonl,322060,0.307,1597254f79fb1c07ef9dfebfc67f631d34f376b4baac91e6ea3a6fb8fd15dcf5
raw_data/curated_20260505/2026-05-05/base-model/qwen-3.5-35b-a3b-base/mag0/agents.jsonl,2507,0.002,0a8881f9480c2d7bbe8a7d577e7e3fe1c54ba1554827245fd9bfcc06db177c5a
raw_data/curated_20260505/2026-05-05/base-model/qwen-3.5-35b-a3b-base/mag0/comments.jsonl,1997,0.002,f27bfdd402959bfeb226f0823375cc4d943dd5154eedda3de906440f8f0389bf
raw_data/curated_20260505/2026-05-05/base-model/qwen-3.5-35b-a3b-base/mag0/database-final.sql,414366,0.395,0cd064b1837d506330f41a6b36c19a87949ba297bcb1d29d29ece3db0614216a
raw_data/curated_20260505/2026-05-05/base-model/qwen-3.5-35b-a3b-base/mag0/logs/agent-agent_alpha.log,279470,0.267,c216347647ec92dd0896df9b4623c05c9c42ea26188e11ef7f0d73d5cdd07383
raw_data/curated_20260505/2026-05-05/base-model/qwen-3.5-35b-a3b-base/mag0/logs/agent-agent_beta.log,304046,0.29,3d29eb598a2e584b921593503863c93a50159af1829feb51c6372795afcd9e42
raw_data/curated_20260505/2026-05-05/base-model/qwen-3.5-35b-a3b-base/mag0/logs/agent-agent_delta.log,244750,0.233,178c8782ea3f9c96e483cbd2a3cadb7f52ad64d398a01702ae5e7f022f4c0bb6
raw_data/curated_20260505/2026-05-05/base-model/qwen-3.5-35b-a3b-base/mag0/logs/agent-agent_epsilon.log,391603,0.373,55edfce79e7f29cfb1f327fc2b890649b9e9b5519547edb0208930fc19160796
raw_data/curated_20260505/2026-05-05/base-model/qwen-3.5-35b-a3b-base/mag0/logs/agent-agent_eta.log,381563,0.364,da82b123ed753263b2d525499e26be975399b8ef305713ca17164c9266e5466b
raw_data/curated_20260505/2026-05-05/base-model/qwen-3.5-35b-a3b-base/mag0/logs/agent-agent_gamma.log,374895,0.358,6953a99f568d1b0f0d7f9a37babcd38f6089bfb526c10ae18ceda2a15fdb1c86
raw_data/curated_20260505/2026-05-05/base-model/qwen-3.5-35b-a3b-base/mag0/logs/agent-agent_iota.log,348841,0.333,ae810fa7f72f10a746a11ad4a760b36fdf60cb4c8b1211b0b89d9a6f1f725e34
raw_data/curated_20260505/2026-05-05/base-model/qwen-3.5-35b-a3b-base/mag0/logs/agent-agent_kappa.log,257867,0.246,591b7a1fa301973fabf7337aadb9ce24b6983e150d046b283fbda4814104feed
raw_data/curated_20260505/2026-05-05/base-model/qwen-3.5-35b-a3b-base/mag0/logs/agent-agent_theta.log,380335,0.363,5558ecd5206caa5793fabb042e868bc2d4c3622e65b2e40de0c37be24fe257fb
raw_data/curated_20260505/2026-05-05/base-model/qwen-3.5-35b-a3b-base/mag0/logs/agent-agent_zeta.log,323611,0.309,7a111aad4e5efe2b2f63caa489373f3ac2fdd2e78215f525b80148af5f9fe362
raw_data/curated_20260505/2026-05-05/base-model/qwen-3.5-35b-a3b-base/mag0/logs/api.log,140199,0.134,d617d35c7b546b41434e1eeedf88b99c2fc87b85fcd5377e88ff6a541a9efc63
raw_data/curated_20260505/2026-05-05/base-model/qwen-3.5-35b-a3b-base/mag0/logs/content-gen.log,2389,0.002,33c9af25aeafb76b4ba70ee58eb843dde990eaf688c8e6d42c4b739139555a6a
raw_data/curated_20260505/2026-05-05/base-model/qwen-3.5-35b-a3b-base/mag0/logs/postgres.log,7091,0.007,2590393252625875a2a170a9d309fceec86e3ff582632f3b28ccbf68e9e3bd4f
raw_data/curated_20260505/2026-05-05/base-model/qwen-3.5-35b-a3b-base/mag0/logs/redis.log,977,0.001,b5c4738495b14e7a80e5c875a10e739e5895ef8a1f559bec77fa14cb9f11670d
raw_data/curated_20260505/2026-05-05/base-model/qwen-3.5-35b-a3b-base/mag0/metadata.json,473,0.0,43449c8fa445758098419153a09f8e334172d570ac9f1d014dd7b4125b24b213
raw_data/curated_20260505/2026-05-05/base-model/qwen-3.5-35b-a3b-base/mag0/posts.jsonl,186877,0.178,16637f6bf829d28078da6fe7f4a6a1f5561e9393e13bf9ddcf148e9501176905
raw_data/curated_20260505/2026-05-05/base-model/qwen-3.5-35b-a3b-base/mag1/agents.jsonl,2686,0.003,c4e3f30f3ec7ed238867cce78ec9157c207272adebf7f8a27a6c99810508741b
raw_data/curated_20260505/2026-05-05/base-model/qwen-3.5-35b-a3b-base/mag1/database-final.sql,545274,0.52,647e1841837f07e47aa76797b8ee13cc0e11cf00a7579e0a5ed108c9d91b86ab
raw_data/curated_20260505/2026-05-05/base-model/qwen-3.5-35b-a3b-base/mag1/logs/agent-agent_alpha.log,339619,0.324,1618dceb92398d61d3e2b7a62059c4d73925f210e42d991277fecba4b97a9339
raw_data/curated_20260505/2026-05-05/base-model/qwen-3.5-35b-a3b-base/mag1/logs/agent-agent_beta.log,267920,0.256,16eeed89d89a38e26ffd1346924744d023cca5f2f0e829989a105ac9428f6e5f
raw_data/curated_20260505/2026-05-05/base-model/qwen-3.5-35b-a3b-base/mag1/logs/agent-agent_delta.log,383326,0.366,9d7a7fc91ad63bc2cd456b20e410713fffdae540c30fcfe7d62db51a81a3dc01
raw_data/curated_20260505/2026-05-05/base-model/qwen-3.5-35b-a3b-base/mag1/logs/agent-agent_epsilon.log,461183,0.44,d947069aebc784b61089981653d59e1dc0a310fd93e8d9ba7e02b45e90672967
raw_data/curated_20260505/2026-05-05/base-model/qwen-3.5-35b-a3b-base/mag1/logs/agent-agent_eta.log,380131,0.363,d8d3830be008d666ee5f929047bc4dfd18246cff698a325f867cfae1d614cd9a
raw_data/curated_20260505/2026-05-05/base-model/qwen-3.5-35b-a3b-base/mag1/logs/agent-agent_gamma.log,385162,0.367,78b21eed93003f5750756d74157512e4fefc1c726f6bd152b86f660bfd8985fc
raw_data/curated_20260505/2026-05-05/base-model/qwen-3.5-35b-a3b-base/mag1/logs/agent-agent_iota.log,249500,0.238,985368f56acde77ba336c3c1e2922c39aaaba767ea5a42b68125d504a4ef312d
raw_data/curated_20260505/2026-05-05/base-model/qwen-3.5-35b-a3b-base/mag1/logs/agent-agent_kappa.log,376529,0.359,81931eed500f8080377cc7e0a0a73e67913370f306a885d16ee478fbe6d34f38
raw_data/curated_20260505/2026-05-05/base-model/qwen-3.5-35b-a3b-base/mag1/logs/agent-agent_theta.log,323545,0.309,5992440812ff5eaee04727207a94450eac1757168aa68b5063d4b0aea15bac3e
raw_data/curated_20260505/2026-05-05/base-model/qwen-3.5-35b-a3b-base/mag1/logs/agent-agent_zeta.log,255219,0.243,f7d5a9e61d19d6be8226881321143d11728282ea4e8519b98bc55dc3d2a5b48b
raw_data/curated_20260505/2026-05-05/base-model/qwen-3.5-35b-a3b-base/mag1/logs/api.log,163858,0.156,a3bcac951d88586244f8893aea1304d32cf65a31d4b7b34bc2b592d4b887d8fd
raw_data/curated_20260505/2026-05-05/base-model/qwen-3.5-35b-a3b-base/mag1/logs/content-gen.log,870,0.001,a3e225b3b2840661890d160d5063a094b86c131536f932735cba4690c3f212d0
raw_data/curated_20260505/2026-05-05/base-model/qwen-3.5-35b-a3b-base/mag1/logs/postgres.log,6028,0.006,c5314eea804b01c0c5bc39953c2342e6d530d4f8b3263039e6217b2e3cfb1733
raw_data/curated_20260505/2026-05-05/base-model/qwen-3.5-35b-a3b-base/mag1/logs/redis.log,977,0.001,5ac1d4a7f127b26cfa00d55a42a0768a195e10e320ee91b32b8e8626fba35d8b
raw_data/curated_20260505/2026-05-05/base-model/qwen-3.5-35b-a3b-base/mag1/metadata.json,473,0.0,3c47767f71c6d0a605bfb54902251633bcdce7274619101ff6a0166901229f05
raw_data/curated_20260505/2026-05-05/base-model/qwen-3.5-35b-a3b-base/mag1/posts.jsonl,308984,0.295,eb42f1690ebd546214ad9e8a2c2b5e784c4ab9a75fd0c045c3271a1272b39cd2
raw_data/curated_20260505/2026-05-05/base-model/qwen-3.5-35b-a3b-base/mag25/agents.jsonl,2686,0.003,e73e538f0edc67455d502139790a83c2c67fd02c5e8545b2cde40599d7e8f99d
raw_data/curated_20260505/2026-05-05/base-model/qwen-3.5-35b-a3b-base/mag25/comments.jsonl,389,0.0,f2cc025f5d31e72ad37261cd29177303b9d4a4b21d4d03ff37518b927fe4aad3
raw_data/curated_20260505/2026-05-05/base-model/qwen-3.5-35b-a3b-base/mag25/database-final.sql,486834,0.464,33aed548462b9c760bd908306c148800e9ab2c1b9b27fd5723ce55478c890e0e
raw_data/curated_20260505/2026-05-05/base-model/qwen-3.5-35b-a3b-base/mag25/logs/agent-agent_alpha.log,277777,0.265,7bd62d6cdf26582b95235bcbdfc9682e669df8e296e11d576ecd610a34059e02
raw_data/curated_20260505/2026-05-05/base-model/qwen-3.5-35b-a3b-base/mag25/logs/agent-agent_beta.log,373843,0.357,f41120bdee04c98bdcb3634a64355d24a48827e8c57f7b4e83f6f8aa4acc4325
raw_data/curated_20260505/2026-05-05/base-model/qwen-3.5-35b-a3b-base/mag25/logs/agent-agent_delta.log,325149,0.31,1a9a293a62e5e8c26d0a236167d50a5ba32387fac3cf78841024a9e8e800912f
raw_data/curated_20260505/2026-05-05/base-model/qwen-3.5-35b-a3b-base/mag25/logs/agent-agent_epsilon.log,385787,0.368,455babeaf23828abfbdc57081825f0797286a2d15be0e0f4a66e16da5a49b0e1
raw_data/curated_20260505/2026-05-05/base-model/qwen-3.5-35b-a3b-base/mag25/logs/agent-agent_eta.log,316565,0.302,0381187abbe0795509140219bc0aca1618b08cc56bf0eb8fd0cb27a9d5408b77
raw_data/curated_20260505/2026-05-05/base-model/qwen-3.5-35b-a3b-base/mag25/logs/agent-agent_gamma.log,316398,0.302,984b39900fdc7dfb47f07c85038a1fd87cc92eadeea35fdd6a38a17423550e05
raw_data/curated_20260505/2026-05-05/base-model/qwen-3.5-35b-a3b-base/mag25/logs/agent-agent_iota.log,336804,0.321,cb3f0478b2a2012ea87c1138071424e6cd800c205eb674d02e693193d39b55ba
raw_data/curated_20260505/2026-05-05/base-model/qwen-3.5-35b-a3b-base/mag25/logs/agent-agent_kappa.log,332419,0.317,fc3a31edbd8b218d788aba869448b3fde1cee074d76a26da30dc1bd7fb7fae8e
raw_data/curated_20260505/2026-05-05/base-model/qwen-3.5-35b-a3b-base/mag25/logs/agent-agent_theta.log,380122,0.363,0c3551c3d71785c2b0da309c599d4a93b0b0a984941239aaf4434cf4553b0010
raw_data/curated_20260505/2026-05-05/base-model/qwen-3.5-35b-a3b-base/mag25/logs/agent-agent_zeta.log,387440,0.369,24187d7d4e28dc984fcd63f9fd6a9ced13a6de2aacebbdb97ee22dbcb6eb5019
raw_data/curated_20260505/2026-05-05/base-model/qwen-3.5-35b-a3b-base/mag25/logs/api.log,160470,0.153,87ec3fc38ad9e5c40e80a185b71d615327f0c5953188b601564d815ea287e373
raw_data/curated_20260505/2026-05-05/base-model/qwen-3.5-35b-a3b-base/mag25/logs/content-gen.log,43692,0.042,8e63d689543fc629c61ebdf1cd18cd06b055672c7b989d0e51efd633df909d71
raw_data/curated_20260505/2026-05-05/base-model/qwen-3.5-35b-a3b-base/mag25/logs/postgres.log,4965,0.005,cd541c3e70cd859c96edd1df6033ab0aa542b17bd99d0a165de8b228e3f2a2dc
raw_data/curated_20260505/2026-05-05/base-model/qwen-3.5-35b-a3b-base/mag25/logs/redis.log,976,0.001,97e31abbfcccd7f28d9e336f551c7c7e0f6a05c7e07755e20da4363e40278717
raw_data/curated_20260505/2026-05-05/base-model/qwen-3.5-35b-a3b-base/mag25/metadata.json,475,0.0,9abb0cdf7d158cc7b5f12bff8719fcad464a33950a728f3203f885d7618e21d0
raw_data/curated_20260505/2026-05-05/base-model/qwen-3.5-35b-a3b-base/mag25/posts.jsonl,222928,0.213,318d5987a9e8e3253f6c05cc568fd59e63966c227ea6b2a1732f75052eb04e0b
raw_data/curated_20260505/2026-05-05/base-model/qwen-3.5-35b-a3b-base/mag5/agents.jsonl,2686,0.003,a28961a521ac2b458e482da5861b9e4fa2fb546a661b006c04bfaa95737ac703
raw_data/curated_20260505/2026-05-05/base-model/qwen-3.5-35b-a3b-base/mag5/comments.jsonl,891,0.001,396ed9b8e0d8a8c9ac35bc44163d80c79382916f18fd95bdec6d78d0c632d6b8
raw_data/curated_20260505/2026-05-05/base-model/qwen-3.5-35b-a3b-base/mag5/database-final.sql,458524,0.437,d888b58c0754e6fa4fa1f35088001b22c35d96653df04b7a3c245e234207bdd6
raw_data/curated_20260505/2026-05-05/base-model/qwen-3.5-35b-a3b-base/mag5/logs/agent-agent_alpha.log,248867,0.237,218483822eec67a659b7a25c31bc4741e75ab2ee6c191cfb811c007ea02cce6c
raw_data/curated_20260505/2026-05-05/base-model/qwen-3.5-35b-a3b-base/mag5/logs/agent-agent_beta.log,242083,0.231,ce0034ab243a81468a64b801ac97fd35f3401fbed109ad427cbd793445b3e4a8
raw_data/curated_20260505/2026-05-05/base-model/qwen-3.5-35b-a3b-base/mag5/logs/agent-agent_delta.log,326686,0.312,1966ded1214655b2964d215a06e1de89665740bbabfcf0d952ad704bb0473960
raw_data/curated_20260505/2026-05-05/base-model/qwen-3.5-35b-a3b-base/mag5/logs/agent-agent_epsilon.log,442294,0.422,95dc3a6258417e0cd1bca767e79f3696522ca16073d185453324ff67190e1fc3
raw_data/curated_20260505/2026-05-05/base-model/qwen-3.5-35b-a3b-base/mag5/logs/agent-agent_eta.log,451555,0.431,f0c5d280e4a28a24b0353b717b73d53d373d626b147621f1390a861b38c4114b
raw_data/curated_20260505/2026-05-05/base-model/qwen-3.5-35b-a3b-base/mag5/logs/agent-agent_gamma.log,431155,0.411,df0e00e648d1b59edbf925ff01effd2dde9c431928b4b69962bb01afc41d5f5b
raw_data/curated_20260505/2026-05-05/base-model/qwen-3.5-35b-a3b-base/mag5/logs/agent-agent_iota.log,280638,0.268,bbbbfa2b742280426487a0517f5663bf8ad2db68cd17e76674a09feb09638f5d
raw_data/curated_20260505/2026-05-05/base-model/qwen-3.5-35b-a3b-base/mag5/logs/agent-agent_kappa.log,455403,0.434,69195513ce969541a8467cd219aa2399b7e549989eccc841a14e0bf8b76732ad
raw_data/curated_20260505/2026-05-05/base-model/qwen-3.5-35b-a3b-base/mag5/logs/agent-agent_theta.log,422320,0.403,e5853133f0232d26edcac2c74407994e34430fbde5c0d81f0ae8065dabfb999f
raw_data/curated_20260505/2026-05-05/base-model/qwen-3.5-35b-a3b-base/mag5/logs/agent-agent_zeta.log,366367,0.349,d99fa6886c86527b94f7ffe341f4fb422358d66424169f2cdc4c25e714bccf68
raw_data/curated_20260505/2026-05-05/base-model/qwen-3.5-35b-a3b-base/mag5/logs/api.log,160471,0.153,d7548bd1d12b2ee8f3cd9854fef0e19a4db5d27734276f5591879b3aab974dbd
raw_data/curated_20260505/2026-05-05/base-model/qwen-3.5-35b-a3b-base/mag5/logs/content-gen.log,50433,0.048,5a3fd24599d6d2f2904effbbb4e0704806a64b241e5d0a3d4b8cb1efeb42a084
raw_data/curated_20260505/2026-05-05/base-model/qwen-3.5-35b-a3b-base/mag5/logs/postgres.log,9211,0.009,f65fde89ecc6878857b6bd119ba96984a598d9fd97b137446407a689fa234a07
raw_data/curated_20260505/2026-05-05/base-model/qwen-3.5-35b-a3b-base/mag5/logs/redis.log,977,0.001,1f9c78a74f15314b91bbe1fce9b03db617f5c3f312584731927a85837a170982
raw_data/curated_20260505/2026-05-05/base-model/qwen-3.5-35b-a3b-base/mag5/metadata.json,473,0.0,18624ff1d2a733b9c61312e7f7b66efad96767dc7afc39445ebba0e767fb557e
raw_data/curated_20260505/2026-05-05/base-model/qwen-3.5-35b-a3b-base/mag5/posts.jsonl,251909,0.24,83e0b9690b37c45990f4163b63bc3da74a3ddd00158e46d74cc51e20c953f0e3
raw_data/curated_20260505/2026-05-05/obsession/gemini-flash-lite/obs-mag25-1h/agents.jsonl,2686,0.003,3faa25c622f22d02f72e2ef3b8c81fd10bcbada95579487f41b41e9592e56c30
raw_data/curated_20260505/2026-05-05/obsession/gemini-flash-lite/obs-mag25-1h/comments.jsonl,9907,0.009,bea3576ddce8121c17012e5f54b9ffbb0ca238a8cfdda446c83171ef825065aa
raw_data/curated_20260505/2026-05-05/obsession/gemini-flash-lite/obs-mag25-1h/database-final.sql,196371,0.187,9d4ed49eb2657a57dcf194f2450654d8aeb1f974a7e47a299a295bf08088a0ec
raw_data/curated_20260505/2026-05-05/obsession/gemini-flash-lite/obs-mag25-1h/logs/agent-agent_alpha.log,240555,0.229,0062e2d9e7b66301cd91a3700e71046e9b97286777a0fba5d8b4c9810693c0d8
raw_data/curated_20260505/2026-05-05/obsession/gemini-flash-lite/obs-mag25-1h/logs/agent-agent_beta.log,253328,0.242,666d09a8a9f2b3a14d4ef0329d670d83bc6d226a0b0252de21eee1b7ddffd194
raw_data/curated_20260505/2026-05-05/obsession/gemini-flash-lite/obs-mag25-1h/logs/agent-agent_delta.log,256325,0.244,7d07f41c27e454ab8de2dc4e1f1dc9a0d134fa2ed23067cecd676c32db34cbf8
raw_data/curated_20260505/2026-05-05/obsession/gemini-flash-lite/obs-mag25-1h/logs/agent-agent_epsilon.log,239452,0.228,810392252021f1dfccaf9d0f6c20a59e24773458439eaa85215b9cbeafed0c7b
raw_data/curated_20260505/2026-05-05/obsession/gemini-flash-lite/obs-mag25-1h/logs/agent-agent_eta.log,239832,0.229,bbc521b90a00f46fe969e3ddd90bd8a2b28b53efb61c37dd3367b02dcd350e14
raw_data/curated_20260505/2026-05-05/obsession/gemini-flash-lite/obs-mag25-1h/logs/agent-agent_gamma.log,241473,0.23,f9399ed9fa60bfb6b13fd6c8689dbbbb9eae121c89470329edadbfe7fc3b7741
raw_data/curated_20260505/2026-05-05/obsession/gemini-flash-lite/obs-mag25-1h/logs/agent-agent_iota.log,252687,0.241,763de53f213fffb958682739fb3cd5b559fba635085e66d294d01c0071ee4af3
raw_data/curated_20260505/2026-05-05/obsession/gemini-flash-lite/obs-mag25-1h/logs/agent-agent_kappa.log,238856,0.228,31c1c274275c52697e0f5f0a58e5b3e5256fbba1d14b0dbb5dd9cf6797379317
raw_data/curated_20260505/2026-05-05/obsession/gemini-flash-lite/obs-mag25-1h/logs/agent-agent_theta.log,232731,0.222,2c7364aac6e708954d71ed9f6957704e1b870b914e1101c2b936af0086c7ee9b
raw_data/curated_20260505/2026-05-05/obsession/gemini-flash-lite/obs-mag25-1h/logs/agent-agent_zeta.log,244741,0.233,e9be21892613ff6a4b32e2e5a7766ab672329a642992b8548b82b52249759a07
raw_data/curated_20260505/2026-05-05/obsession/gemini-flash-lite/obs-mag25-1h/logs/api.log,34153,0.033,938ede74e6a2d99cd35604449198898aaecef06268b0058cb9ac1c411b9b3a1b
raw_data/curated_20260505/2026-05-05/obsession/gemini-flash-lite/obs-mag25-1h/logs/postgres.log,2779,0.003,0398f35f9f818beb6ccc5f4ae9048271742116e557a089b14f691f9173c81327
raw_data/curated_20260505/2026-05-05/obsession/gemini-flash-lite/obs-mag25-1h/logs/redis.log,977,0.001,510043495d37a41fbac599234ca3498f6b435f94e092cb152289685a0992e4b9
raw_data/curated_20260505/2026-05-05/obsession/gemini-flash-lite/obs-mag25-1h/metadata.json,580,0.001,1bc91f733ff04ef3a2206e6b1f059b6e6fef892f0d9cb824d34a4c227b93cbad
raw_data/curated_20260505/2026-05-05/obsession/gemini-flash-lite/obs-mag25-1h/posts.jsonl,115187,0.11,2f4dc98c9457e55da806f443743f4dbbda95574ca8c364c2c3fd933c733b2e26
raw_data/curated_20260505/2026-05-05/obsession/gpt5/obs-dom-agi-5h/agents.jsonl,2686,0.003,88823c65f7a59c9f40a745dce6d079a5435f363eed492e8fe1f9d405fe3b044a
raw_data/curated_20260505/2026-05-05/obsession/gpt5/obs-dom-agi-5h/database-final.sql,707746,0.675,498280f65038c38d78887ca0eaca7f90ab6c17c9038699f09be324038385c3e0
raw_data/curated_20260505/2026-05-05/obsession/gpt5/obs-dom-agi-5h/logs/agent-agent_alpha.log,1739455,1.659,10786f415495d560d10e764b06e70429ffefce3cd613014bf2212b352c74c34d
raw_data/curated_20260505/2026-05-05/obsession/gpt5/obs-dom-agi-5h/logs/agent-agent_beta.log,2515661,2.399,eabd076753da3ca49a0f67bf5608b38a715aa8190f70cac65cf4e66a5c054b99
raw_data/curated_20260505/2026-05-05/obsession/gpt5/obs-dom-agi-5h/logs/agent-agent_delta.log,1427337,1.361,5a259d9a5695c7cd9afb398d52b7371782c97347e5c4abeed5bc50c37e179664
raw_data/curated_20260505/2026-05-05/obsession/gpt5/obs-dom-agi-5h/logs/agent-agent_epsilon.log,1782863,1.7,78290280bfa64c1a1a36df20eec62d2dce3f246601f11bcde860cd6e3a7b946d
raw_data/curated_20260505/2026-05-05/obsession/gpt5/obs-dom-agi-5h/logs/agent-agent_eta.log,1942226,1.852,ea4999bddb7dccf437f0b28222b7f66097ddecb6d86bfa6a3edef6f268b05877
raw_data/curated_20260505/2026-05-05/obsession/gpt5/obs-dom-agi-5h/logs/agent-agent_gamma.log,2686481,2.562,11f5f5c28be355bf96670f20228830262d8da2ae933ba0ef142090138460d36b
raw_data/curated_20260505/2026-05-05/obsession/gpt5/obs-dom-agi-5h/logs/agent-agent_iota.log,1438490,1.372,2c0f11f66be28ad55af6888ab6a90897a0efe2f10671e70d2e7e0035b81d031e
raw_data/curated_20260505/2026-05-05/obsession/gpt5/obs-dom-agi-5h/logs/agent-agent_kappa.log,1430551,1.364,9315726051f97b8e4bb6dfb45fc93a69ebb3ee7a7a8d396ac850693cef630aa7
raw_data/curated_20260505/2026-05-05/obsession/gpt5/obs-dom-agi-5h/logs/agent-agent_theta.log,1986822,1.895,10280eb055e0ecdce7d48fc07e2ccea6fa64d25914e8a3b384cc03a3c7dc0f1e
raw_data/curated_20260505/2026-05-05/obsession/gpt5/obs-dom-agi-5h/logs/agent-agent_zeta.log,3417588,3.259,05e571d13ed46d597c30ebdd883750dd7423728bcb5fa54ec7b91d9a4b261b74
raw_data/curated_20260505/2026-05-05/obsession/gpt5/obs-dom-agi-5h/logs/api.log,169660,0.162,56bb4f7253ee2ca62f2e24390883435b65ada9c022d7eefb9018cea8519d06bd
raw_data/curated_20260505/2026-05-05/obsession/gpt5/obs-dom-agi-5h/logs/postgres.log,16666,0.016,b89a66e05bfcd99ec277afa75c6d5a910aa26916a47c326f6c644d03b7e1459a
raw_data/curated_20260505/2026-05-05/obsession/gpt5/obs-dom-agi-5h/logs/redis.log,986,0.001,fe4ccbdd7fe7c0d798e00ffb7b5610ef1aac9a246c95987166fcc5ae954f91a7
raw_data/curated_20260505/2026-05-05/obsession/gpt5/obs-dom-agi-5h/metadata.json,528,0.001,99ae90a71d9ea148c815354aafcd3fc9e9b1a5faf469dc3b93d80f90325b511e
raw_data/curated_20260505/2026-05-05/obsession/gpt5/obs-dom-agi-5h/posts.jsonl,465567,0.444,448733f0ca8ee774b06e5f80f6c3642d2532d09a59ae93c995a6545395887c12
raw_data/curated_20260505/2026-05-05/obsession/gpt5/obs-dom-tech-5h/agents.jsonl,2686,0.003,09f10fe67979f6639669299744602061e1cc9f29f02b29c8f6a161cc592ba8f8
raw_data/curated_20260505/2026-05-05/obsession/gpt5/obs-dom-tech-5h/comments.jsonl,319,0.0,8dfb3bab20fc4a93f75bd8d14c329b992c3184292a38fb740af4bb6f8b8da631
raw_data/curated_20260505/2026-05-05/obsession/gpt5/obs-dom-tech-5h/database-final.sql,868348,0.828,cefba350d18a97846023c0f47c0234b10e2cc8e1833cd6abcda1caa039f73397
raw_data/curated_20260505/2026-05-05/obsession/gpt5/obs-dom-tech-5h/logs/agent-agent_alpha.log,2172912,2.072,3656340e3ff097a374fecd05ae547d498d9974a4cd92ec112cc171bbd08b571b
raw_data/curated_20260505/2026-05-05/obsession/gpt5/obs-dom-tech-5h/logs/agent-agent_beta.log,1690528,1.612,e8af7aa178996fed21e62ae68bfd9bb494e63ad0de2e062cc4bc8e689f4d94d5
raw_data/curated_20260505/2026-05-05/obsession/gpt5/obs-dom-tech-5h/logs/agent-agent_delta.log,1679392,1.602,076d66bbc6737bb6a7985dd380a1874513f5d71bb6ebeb8cae4ef6a08a1ac935
raw_data/curated_20260505/2026-05-05/obsession/gpt5/obs-dom-tech-5h/logs/agent-agent_epsilon.log,2009848,1.917,9c6c3b5f5dc6e36ae80202ff15bc0260c5ecb82e44fbc8dce91e3733e172e77a
raw_data/curated_20260505/2026-05-05/obsession/gpt5/obs-dom-tech-5h/logs/agent-agent_eta.log,3790236,3.615,8d585684bf12c9e3060171b5457cd1f3a5d415daeeabdd68c929368c4df13567
raw_data/curated_20260505/2026-05-05/obsession/gpt5/obs-dom-tech-5h/logs/agent-agent_gamma.log,2290356,2.184,957f57ab36cb20d851a0de8758198185595b071c4cf5924ef28e7f2f6d766da4
raw_data/curated_20260505/2026-05-05/obsession/gpt5/obs-dom-tech-5h/logs/agent-agent_iota.log,2100427,2.003,583b1c2b208f223901d9708d8dba5877579a4380c71bcc08a682ab8fd43568b9
raw_data/curated_20260505/2026-05-05/obsession/gpt5/obs-dom-tech-5h/logs/agent-agent_kappa.log,1608818,1.534,ef1ff6e2c2ba4390d4b1d87b34369203534b69447f06a757a4e22d69de299bd7
raw_data/curated_20260505/2026-05-05/obsession/gpt5/obs-dom-tech-5h/logs/agent-agent_theta.log,3628735,3.461,e93309d921033c35a07667922eff9a6d1ff9dbd6334e197e13b68b5e877814f8
raw_data/curated_20260505/2026-05-05/obsession/gpt5/obs-dom-tech-5h/logs/agent-agent_zeta.log,1617939,1.543,0e13ce99dbf69fde5b4dacaf0515bfdcf1eba447d5b71c224f7d971e270fe45c
raw_data/curated_20260505/2026-05-05/obsession/gpt5/obs-dom-tech-5h/logs/api.log,188396,0.18,9d0ebba60edf9a9161ad37bcec8acc288291a049ca2241a56f05ec51bdb14f51
raw_data/curated_20260505/2026-05-05/obsession/gpt5/obs-dom-tech-5h/logs/postgres.log,22148,0.021,a0e45d48fbf89f10ff0f7e313c4d8eddbd2ba29e4f2e288e9e1cd1eaafeb2320
raw_data/curated_20260505/2026-05-05/obsession/gpt5/obs-dom-tech-5h/logs/redis.log,986,0.001,8af7a8df1b4a54a21276d2706bc6aa646e74c26a0e7956a3a9b0e318bc1d6521
raw_data/curated_20260505/2026-05-05/obsession/gpt5/obs-dom-tech-5h/metadata.json,530,0.001,04ca579da98f793f4fcb5a5ac2820a7857a5c994c02fce3ed88a36eb49955ac3
raw_data/curated_20260505/2026-05-05/obsession/gpt5/obs-dom-tech-5h/posts.jsonl,616664,0.588,34644bc931d57703154151a5693b9b3874c24a39120ef936217bf8957288db83
raw_data/curated_20260505/2026-05-05/obsession/gpt5/obs-mag0-5h/agents.jsonl,2507,0.002,7af094f432af4f0c558d66ad5bcd771b2a6672a2df5bfc2dea5a921474098dc6
raw_data/curated_20260505/2026-05-05/obsession/gpt5/obs-mag0-5h/database-final.sql,896301,0.855,d7d2478315d745c34bdd64b4d82cf5e28d875c11f83ef236c8fd9cddbd3e416e
raw_data/curated_20260505/2026-05-05/obsession/gpt5/obs-mag0-5h/logs/agent-agent_alpha.log,2477342,2.363,caff3feeb7619788a86d4f9ebe3e33571e2ec9ae14c9340f70a3fea764b3e5cc
raw_data/curated_20260505/2026-05-05/obsession/gpt5/obs-mag0-5h/logs/agent-agent_beta.log,1858575,1.772,df6528d66b707798e68d4ff137a00167e3df70a3f9b38fd1fe7d9dd0053f2224
raw_data/curated_20260505/2026-05-05/obsession/gpt5/obs-mag0-5h/logs/agent-agent_delta.log,4476614,4.269,8d34ccafe52298da4eb7f8bf6bd96236136aefdc219a26c53576cc203bdaf8cc
raw_data/curated_20260505/2026-05-05/obsession/gpt5/obs-mag0-5h/logs/agent-agent_epsilon.log,1436587,1.37,80a9fea0c6267c2883b2278bd506fa3c09a8fdd4a35b0e15e1078907063e086e
raw_data/curated_20260505/2026-05-05/obsession/gpt5/obs-mag0-5h/logs/agent-agent_eta.log,2385110,2.275,77ea1c6698bebb7f9befde0028bbce15920d02c77d8b5a7862278f6eb4a7417d
raw_data/curated_20260505/2026-05-05/obsession/gpt5/obs-mag0-5h/logs/agent-agent_gamma.log,3795210,3.619,2f969ed230403bd186d9837de8d7e46aff32bdc62141624acca535336a2f06b4
raw_data/curated_20260505/2026-05-05/obsession/gpt5/obs-mag0-5h/logs/agent-agent_iota.log,2554299,2.436,0ad6c28f770cc5016a04222cc608aebb949cee6da633487adf52e1fb08b4911d
raw_data/curated_20260505/2026-05-05/obsession/gpt5/obs-mag0-5h/logs/agent-agent_kappa.log,1808466,1.725,7d92d881986d9264f1e187e2b7dd77c7861fd391980c17baefd5ce1c46187053
raw_data/curated_20260505/2026-05-05/obsession/gpt5/obs-mag0-5h/logs/agent-agent_theta.log,2066036,1.97,4d6809a92d06a297822a4cdd2873aba77aaac05a514921a970127bd58a9076c9
raw_data/curated_20260505/2026-05-05/obsession/gpt5/obs-mag0-5h/logs/agent-agent_zeta.log,1952644,1.862,615bbd743ae3690d11ec4b7b1c9b568074614328224708f49b5ae296ebcb52ca
raw_data/curated_20260505/2026-05-05/obsession/gpt5/obs-mag0-5h/logs/api.log,207848,0.198,471052578db985540da833c28238c41899fb4c7c7490e5e9ee9b8f5ecf40938b
raw_data/curated_20260505/2026-05-05/obsession/gpt5/obs-mag0-5h/logs/postgres.log,20936,0.02,d679a92683a8b4a87e2402dd0da812f84d1b3a90e5f3491858ce73811247c54f
raw_data/curated_20260505/2026-05-05/obsession/gpt5/obs-mag0-5h/logs/redis.log,976,0.001,765f4edb2cd22e8b6b23b7d458f50576038aa2c9c16f80af3059a6459dccd973
raw_data/curated_20260505/2026-05-05/obsession/gpt5/obs-mag0-5h/metadata.json,522,0.0,952e44751717e4bc8e097a7a6f62d3f3693eb00853ca2319eda6927e46042838
raw_data/curated_20260505/2026-05-05/obsession/gpt5/obs-mag0-5h/posts.jsonl,572499,0.546,5677dfc27e221d032081497e01d948fb20577fd19516fc2a33e660f4fa36c5c4
raw_data/curated_20260505/2026-05-05/obsession/gpt5/obs-mag1-5h/agents.jsonl,2686,0.003,f0436be77fc43c244ededfbb58eda6e3338f9f51c5c02e5b545fdfbc1e999854
raw_data/curated_20260505/2026-05-05/obsession/gpt5/obs-mag1-5h/database-final.sql,829951,0.792,d2708a6c658c6eb2563c3551b914bc3156ed7b61967fd0e2ed86b5507f635ba4
raw_data/curated_20260505/2026-05-05/obsession/gpt5/obs-mag1-5h/logs/agent-agent_alpha.log,1411317,1.346,6a20c9fff6c65e47a808a5141fffff16db9ffcb86c8c1651329c26c72bfca923
raw_data/curated_20260505/2026-05-05/obsession/gpt5/obs-mag1-5h/logs/agent-agent_beta.log,2739367,2.612,b3d6e57f11621b9f96c7d1298c091755a681f3b4956adaaeef0f27e0a617923d
raw_data/curated_20260505/2026-05-05/obsession/gpt5/obs-mag1-5h/logs/agent-agent_delta.log,2374603,2.265,dbed69cea2d12bb688b427b9f3501d154bb44611f75e8ecef15a018c25491026
raw_data/curated_20260505/2026-05-05/obsession/gpt5/obs-mag1-5h/logs/agent-agent_epsilon.log,1379899,1.316,35bc6b4f924391235986955db0bd36eb22626ac3d852f9315ccaa666ab113c95
raw_data/curated_20260505/2026-05-05/obsession/gpt5/obs-mag1-5h/logs/agent-agent_eta.log,3932931,3.751,2e9c9a62a7dd6cbdcee436176154eab79f31cab04285ac378f5be4699145fa8b
raw_data/curated_20260505/2026-05-05/obsession/gpt5/obs-mag1-5h/logs/agent-agent_gamma.log,4284507,4.086,464939bd9657c212dcfa594401157ee850f128861c5d47b6e4ed388048299666
raw_data/curated_20260505/2026-05-05/obsession/gpt5/obs-mag1-5h/logs/agent-agent_iota.log,2440862,2.328,f9d84bd114c9f080884950e20e734d1d4aa66dcefa0d0780455e2733744cca84
raw_data/curated_20260505/2026-05-05/obsession/gpt5/obs-mag1-5h/logs/agent-agent_kappa.log,2381945,2.272,13d7d5e495dd1a3bdbb006f7956a6b213b2dbed53430515ad5bedc961bee6ada
raw_data/curated_20260505/2026-05-05/obsession/gpt5/obs-mag1-5h/logs/agent-agent_theta.log,1746785,1.666,09124934187ca5aa9a649932a88f8ae5af8659f93ec282cdfd70a3b4e0d56f6e
raw_data/curated_20260505/2026-05-05/obsession/gpt5/obs-mag1-5h/logs/agent-agent_zeta.log,2032048,1.938,776c853dc6ec92c5198f7fa3ecdd4f44c53dd18551a31973b1fdf6d92f359b5e
raw_data/curated_20260505/2026-05-05/obsession/gpt5/obs-mag1-5h/logs/api.log,217408,0.207,f2f79fa58625c246448d56d082e1cb6070a31beb0e0148b32171ddbbf57b2058
raw_data/curated_20260505/2026-05-05/obsession/gpt5/obs-mag1-5h/logs/postgres.log,21414,0.02,c180729a7cf2247e81dc6b8011233b9d7ab680d3add4b10a4be0ca81be35deae
raw_data/curated_20260505/2026-05-05/obsession/gpt5/obs-mag1-5h/logs/redis.log,985,0.001,99576e681160fedc7782bea4808cf6cae8865136e357980aa878bd18b6a8aea7
raw_data/curated_20260505/2026-05-05/obsession/gpt5/obs-mag1-5h/metadata.json,522,0.0,95e2c11bf573ba5cdbb85c99c78b557165822b390baebef6f8cb70373000afc3
raw_data/curated_20260505/2026-05-05/obsession/gpt5/obs-mag1-5h/posts.jsonl,568800,0.542,db1be71cd54eca273a1d43a75c78110c858678b5b7e6165f9930b0c07eca98d8
raw_data/curated_20260505/2026-05-05/obsession/gpt5/obs-mag25-1h/agents.jsonl,2686,0.003,11a8c085dc2b65356c05c5060d182b82e192ce1058117426419f7f3679546976
raw_data/curated_20260505/2026-05-05/obsession/gpt5/obs-mag25-1h/database-final.sql,351296,0.335,7acc8632e1e15e5f97b481eb6c925d75772e84b43c6f3bc5472c431fe23652ac
raw_data/curated_20260505/2026-05-05/obsession/gpt5/obs-mag25-1h/logs/agent-agent_alpha.log,1916,0.002,2d4158056c29c3e0311f4cae88c42ca71c0840aeee7580fbcfe124aa8f765118
raw_data/curated_20260505/2026-05-05/obsession/gpt5/obs-mag25-1h/logs/agent-agent_beta.log,838936,0.8,4430bb8e301f8545aead88397db2822d9efe1a4f8fa76b67842a796da7843c86
raw_data/curated_20260505/2026-05-05/obsession/gpt5/obs-mag25-1h/logs/agent-agent_delta.log,329505,0.314,007c1ebef6a044bb4cd910559efc0fe4da0c1f5a08276904c4adb6a3aa2a7fcd
raw_data/curated_20260505/2026-05-05/obsession/gpt5/obs-mag25-1h/logs/agent-agent_epsilon.log,457281,0.436,c633d107f4d79a84674cc6dade626b2f6c49e763a63cc5678cae752c01143125
raw_data/curated_20260505/2026-05-05/obsession/gpt5/obs-mag25-1h/logs/agent-agent_eta.log,300641,0.287,93520c90bed88e17d82d2c0668ad35cbaa83a90aec369895603982ecf6ee3587
raw_data/curated_20260505/2026-05-05/obsession/gpt5/obs-mag25-1h/logs/agent-agent_gamma.log,334323,0.319,e3fe68cc372d9a5aaa5bf25bff1f85fa0bb7c3df1af17d4eb303b7daf4c39685
raw_data/curated_20260505/2026-05-05/obsession/gpt5/obs-mag25-1h/logs/agent-agent_iota.log,721001,0.688,01f398f848509f832168ffe532eb8ecaa4c24e4bdb03e1cd1ad6c360d55d5a61
raw_data/curated_20260505/2026-05-05/obsession/gpt5/obs-mag25-1h/logs/agent-agent_kappa.log,286287,0.273,6133ad6b4c84745db7423017b1100dc5ca2ba600ad5d46b44c83e0f249bbf5f3
raw_data/curated_20260505/2026-05-05/obsession/gpt5/obs-mag25-1h/logs/agent-agent_theta.log,832572,0.794,22ad9b6bba04c122d51a9f2e77ed679da4097444c5d8edac7dd9fc8b12104c8a
raw_data/curated_20260505/2026-05-05/obsession/gpt5/obs-mag25-1h/logs/agent-agent_zeta.log,415427,0.396,0475559f5f1c182cfa91ab21c62a07904b39d938dcd309361e4cfbc1db127b1c
raw_data/curated_20260505/2026-05-05/obsession/gpt5/obs-mag25-1h/logs/api.log,70347,0.067,ff7a06e1de6c689293778a42ac6bef9dfac9ddef31591d388e6da59e94277f01
raw_data/curated_20260505/2026-05-05/obsession/gpt5/obs-mag25-1h/logs/postgres.log,4996,0.005,f035eb6424884995c85175d925f83a313edf5aa8228c6c0c21123b2c9073034c
raw_data/curated_20260505/2026-05-05/obsession/gpt5/obs-mag25-1h/logs/redis.log,986,0.001,f67a6b5585f06f843aa19dd39725f992eb20acd9c3dbbc3372d853c8c5acfc33
raw_data/curated_20260505/2026-05-05/obsession/gpt5/obs-mag25-1h/metadata.json,525,0.001,09e980af5a08abc614c938e2f9c56e6de6cac8bc5a8f81cb6eedbb46a72be4fb
raw_data/curated_20260505/2026-05-05/obsession/gpt5/obs-mag25-1h/posts.jsonl,261100,0.249,7075191d7b7afe28670c17b1440d327ab84c51903ae01372d73d929d557197db
raw_data/curated_20260505/2026-05-05/obsession/gpt5/obs-mag25-5h-run01/agents.jsonl,2686,0.003,ee8c7caac0c1c6dcab7cc98a60a920a09e5ae41330ab5a4de5371f12d7322934
raw_data/curated_20260505/2026-05-05/obsession/gpt5/obs-mag25-5h-run01/database-final.sql,498183,0.475,a463abea008f814fa63f0a6863008708fe7991e9526ad96bb4c575198e1a00ab
raw_data/curated_20260505/2026-05-05/obsession/gpt5/obs-mag25-5h-run01/logs/agent-agent_alpha.log,1350303,1.288,dd71c5a6865b32987f777356762a80dc8b61615792129d77511901b6af87a3e6
raw_data/curated_20260505/2026-05-05/obsession/gpt5/obs-mag25-5h-run01/logs/agent-agent_beta.log,1338388,1.276,9522235100fb69c1fecaf429eb8cfb182e6a1ba0bf2e74f3cfa5fc0b1adbf16d
raw_data/curated_20260505/2026-05-05/obsession/gpt5/obs-mag25-5h-run01/logs/agent-agent_delta.log,1855678,1.77,3a0117e3fa4225d2709e731542132d6e2d1e24ebcd234dbb15cef59ca682862d
raw_data/curated_20260505/2026-05-05/obsession/gpt5/obs-mag25-5h-run01/logs/agent-agent_epsilon.log,1492615,1.423,79c44561a8ada4d5c4791db056e6ad0d91765c0a9fbc47ffcac136e0767a89ea
raw_data/curated_20260505/2026-05-05/obsession/gpt5/obs-mag25-5h-run01/logs/agent-agent_eta.log,1324079,1.263,e07775ed1bc362f68dbc811c6306862f94ca4abf6a81a4ced5ee173a750366f9
raw_data/curated_20260505/2026-05-05/obsession/gpt5/obs-mag25-5h-run01/logs/agent-agent_gamma.log,1319721,1.259,1764216bcd03ef9ac7a3b3f2197db492e3e5b74c7ee822a210f34d8b5320450c
raw_data/curated_20260505/2026-05-05/obsession/gpt5/obs-mag25-5h-run01/logs/agent-agent_iota.log,1342490,1.28,17d9b7a6f2b7cec75e9f0761546d7795fc96be16d4436b0c9102fac980069589
raw_data/curated_20260505/2026-05-05/obsession/gpt5/obs-mag25-5h-run01/logs/agent-agent_kappa.log,1380046,1.316,6cf5309ab4b813cfc63cf0468bb1ecaccd804dc8a44bcaa12a29bce6fd98b59c
raw_data/curated_20260505/2026-05-05/obsession/gpt5/obs-mag25-5h-run01/logs/agent-agent_theta.log,2256468,2.152,ca7fc28bb67e58f9a4564a7d8980b98bcd2e62eab216236bf33ac57df44ed82c
raw_data/curated_20260505/2026-05-05/obsession/gpt5/obs-mag25-5h-run01/logs/agent-agent_zeta.log,2020885,1.927,1a697b22c9202cbfca946c238c766bcac1493a8182c70c61812066f2a38c6ddd
raw_data/curated_20260505/2026-05-05/obsession/gpt5/obs-mag25-5h-run01/logs/api.log,116641,0.111,0df5a7752c74c0c3f88e1e4ee1528682868682d9fd8aa6049480c6e6fa9dbd55
raw_data/curated_20260505/2026-05-05/obsession/gpt5/obs-mag25-5h-run01/logs/postgres.log,21033,0.02,a1a2287e4b61355853916f7e8f5922e1edebffbc287a3a837372fc83eed9e6de
raw_data/curated_20260505/2026-05-05/obsession/gpt5/obs-mag25-5h-run01/logs/redis.log,986,0.001,70b2f32b55086f2a04ae14f3b8299b099c3db6ed6c4eb04ff8b053b75b1adb83
raw_data/curated_20260505/2026-05-05/obsession/gpt5/obs-mag25-5h-run01/metadata.json,526,0.001,fa35bdf7e5b27f3a08f5718639c387b20824c096fccfbcb85841b1ddade581b5
raw_data/curated_20260505/2026-05-05/obsession/gpt5/obs-mag25-5h-run01/posts.jsonl,359858,0.343,6f40a298e5fbdaffbd43da6933ec6cdcda3e2d81dbd55ce2a41ff24f768e5ee9
raw_data/curated_20260505/2026-05-05/obsession/gpt5/obs-mag25-5h-run02/agents.jsonl,2686,0.003,812644206d7f3bf5d1ade40b83a8d4860b5dea57f856146f42e510f8d1351898
raw_data/curated_20260505/2026-05-05/obsession/gpt5/obs-mag25-5h-run02/database-final.sql,375912,0.358,330e356fff56bb8b022a601cc1cab28817045a35b17aad2b5d521320e5008ac5
raw_data/curated_20260505/2026-05-05/obsession/gpt5/obs-mag25-5h-run02/logs/agent-agent_alpha.log,1538626,1.467,eb88b582b85b23e7a889ea0312a92d5f8824815abaf4723876d1fe5df492c15b
raw_data/curated_20260505/2026-05-05/obsession/gpt5/obs-mag25-5h-run02/logs/agent-agent_beta.log,1374025,1.31,bc187a2c2ca858e2504294cb7d1e06cdfdffabf0889ed0da5d1b1c2fec152d29
raw_data/curated_20260505/2026-05-05/obsession/gpt5/obs-mag25-5h-run02/logs/agent-agent_delta.log,3238881,3.089,9a968994fea590aadb3609bcabe99e319d6d78af4db9079427b80ab5ed55ef90
raw_data/curated_20260505/2026-05-05/obsession/gpt5/obs-mag25-5h-run02/logs/agent-agent_epsilon.log,1593386,1.52,9e89b24f1d49640f8c0017c0667876de39aa46a9172a177267d0160364dafa0b
raw_data/curated_20260505/2026-05-05/obsession/gpt5/obs-mag25-5h-run02/logs/agent-agent_eta.log,2979816,2.842,959535d0322420b58863ac82c433c6188ce97ecde865c546de2b81d4642678cd
raw_data/curated_20260505/2026-05-05/obsession/gpt5/obs-mag25-5h-run02/logs/agent-agent_gamma.log,1945115,1.855,5eb92acf2887625ac77d09c874487334f2a2b94ac47ba9714cc0fd6fa82c460d
raw_data/curated_20260505/2026-05-05/obsession/gpt5/obs-mag25-5h-run02/logs/agent-agent_iota.log,1435884,1.369,0ff451eb1756c91078402aaff26df89b275cf495ded2d61c6640b690e10bd2a5
raw_data/curated_20260505/2026-05-05/obsession/gpt5/obs-mag25-5h-run02/logs/agent-agent_kappa.log,1765641,1.684,76f84def76ddcdd2f28e00c0f78845b665fd97f280b4396a952a6350945fd082
raw_data/curated_20260505/2026-05-05/obsession/gpt5/obs-mag25-5h-run02/logs/agent-agent_theta.log,1432470,1.366,46100b5de7ad0a9a840e272c5e16f0592281f0685d861f30bd248c602d2931fa
raw_data/curated_20260505/2026-05-05/obsession/gpt5/obs-mag25-5h-run02/logs/agent-agent_zeta.log,1734990,1.655,9e0cdf22dc2fc582b21f881ff51f5f40314d3ed1f9a25435dd4081f85139cdf7
raw_data/curated_20260505/2026-05-05/obsession/gpt5/obs-mag25-5h-run02/logs/api.log,76407,0.073,46b7a3d7ad461746491a89780c3ae452e608164fc62255eb6a221600d487acab
raw_data/curated_20260505/2026-05-05/obsession/gpt5/obs-mag25-5h-run02/logs/postgres.log,16286,0.016,c69990d5f205c5cce4b041ee8aff0be98b43d57ec101cfba2fa2fd8fb195fd93
raw_data/curated_20260505/2026-05-05/obsession/gpt5/obs-mag25-5h-run02/logs/redis.log,986,0.001,5b522cfb0992aa044361acc90c6069954898ae101d51de34002a552ad06ca41d
raw_data/curated_20260505/2026-05-05/obsession/gpt5/obs-mag25-5h-run02/metadata.json,526,0.001,a28e6282dc691640ee92b489834c84b2da4db1b68b2a0ce10fb6210856c5c57b
raw_data/curated_20260505/2026-05-05/obsession/gpt5/obs-mag25-5h-run02/posts.jsonl,244111,0.233,d8688275ee46effe9071fb13137647ea02ba43512aa142c8d2fdf9757397ad94
raw_data/curated_20260505/2026-05-05/obsession/gpt5/obs-mag5-5h/agents.jsonl,2686,0.003,451b38ff140dd8d506cebff9827b93ae069c784b0c139841dc46c24ce6028419
raw_data/curated_20260505/2026-05-05/obsession/gpt5/obs-mag5-5h/database-final.sql,732459,0.699,224e50000e5200317f9e119f56606f98e7cf967ef552ca6bc6a3d7ecf8810a25
raw_data/curated_20260505/2026-05-05/obsession/gpt5/obs-mag5-5h/logs/agent-agent_alpha.log,1539546,1.468,1bf4893f77b655033accd43099bb9baa949a73e3e84358bad737d40cfcfb988d
raw_data/curated_20260505/2026-05-05/obsession/gpt5/obs-mag5-5h/logs/agent-agent_beta.log,1556541,1.484,73cb419cb6e0fd8202459c20cef98aaccd941b50c1a7de1552f7d7628701235d
raw_data/curated_20260505/2026-05-05/obsession/gpt5/obs-mag5-5h/logs/agent-agent_delta.log,3518961,3.356,b8240e2cee772799a0059d023df06b8d10ff4959a362661b92b781475fa64d70
raw_data/curated_20260505/2026-05-05/obsession/gpt5/obs-mag5-5h/logs/agent-agent_epsilon.log,1645272,1.569,8ba5f9a0a99e926a0fcb669797d277e4b45ce2bf050cd6c93cf6b5972dabdf96
raw_data/curated_20260505/2026-05-05/obsession/gpt5/obs-mag5-5h/logs/agent-agent_eta.log,1416222,1.351,d0a47da3779bed165934a82f41cb6d10cb74bdbe9c2b9a2d18ac29add748d965
raw_data/curated_20260505/2026-05-05/obsession/gpt5/obs-mag5-5h/logs/agent-agent_gamma.log,1999946,1.907,865076e655afe68cda14e72c7b5ef79cefb3f978df5a2551fefe0b486fbd83d7
raw_data/curated_20260505/2026-05-05/obsession/gpt5/obs-mag5-5h/logs/agent-agent_iota.log,2742270,2.615,75a0a70fb1321ea3eda26521f9c59123a9303c697be432acfac1476001961d97
raw_data/curated_20260505/2026-05-05/obsession/gpt5/obs-mag5-5h/logs/agent-agent_kappa.log,3723242,3.551,237f99ac606369f91bc7a9ad36a3f360d8f626d11a8f7e181b5b2d3d7c4a713e
raw_data/curated_20260505/2026-05-05/obsession/gpt5/obs-mag5-5h/logs/agent-agent_theta.log,1856398,1.77,1b5b26ca88dd35a73ea598c5f7ec54d1e2e60d2a8e2f58377f28ea6c2ef7118d
raw_data/curated_20260505/2026-05-05/obsession/gpt5/obs-mag5-5h/logs/agent-agent_zeta.log,2289627,2.184,b53aed3e9307e0bf96aedb8aa5e3b3fc3627a370235b9d659badd2a7d307787d
raw_data/curated_20260505/2026-05-05/obsession/gpt5/obs-mag5-5h/logs/api.log,180912,0.173,ae79e126fb22213dc5aa31f98bc18da2c2ee652be67cce58ec9652ba724d185c
raw_data/curated_20260505/2026-05-05/obsession/gpt5/obs-mag5-5h/logs/postgres.log,20682,0.02,e736e09a749740a92600ac5707426b503b21cf28c05cb8a754fb70bdd917fefd
raw_data/curated_20260505/2026-05-05/obsession/gpt5/obs-mag5-5h/logs/redis.log,986,0.001,10a8574e1f2ad2810eb92df78218ca8066bb77c51b79fa8014b57ade73158d31
raw_data/curated_20260505/2026-05-05/obsession/gpt5/obs-mag5-5h/metadata.json,522,0.0,7dd57f4bf1283a7c8a90bb00255292eea3a986ba00ef25f3fd725e5854c67304
raw_data/curated_20260505/2026-05-05/obsession/gpt5/obs-mag5-5h/posts.jsonl,471843,0.45,a6fe03a3ac8f1a3718af951cf860065dfe3b943d2863f703b9edb03872e506ea
raw_data/curated_20260505/README.source.md,3132,0.003,49f0558656a0000e0bea31c74bc3a6bb817ec65a5b408c440f376a220c4e0be8
raw_data/mixed_model_roster_frontier_mixed_1h/README.source.md,5188,0.005,8192271aee4eb9508897d14f4aeb89e922f6336894b245bfd729f5f4412adbcd
raw_data/mixed_model_roster_frontier_mixed_1h/qwen3.5-27b/dom-agi/agents.jsonl,2693,0.003,89bd875bf78785ba8e4134ae4f9c930782ecdc146bd39ad931e147aea198a5ed
raw_data/mixed_model_roster_frontier_mixed_1h/qwen3.5-27b/dom-agi/comments.jsonl,433366,0.413,600825a5a0eaf609723c11c87c65e5495b62a5887a897d037a5a5acacb1eb990
raw_data/mixed_model_roster_frontier_mixed_1h/qwen3.5-27b/dom-agi/database-final.sql,1938160,1.848,439f7b302ab540eca4d0e4874c27a44b2b069ecab4a8ad780e3dda2af7417f44
raw_data/mixed_model_roster_frontier_mixed_1h/qwen3.5-27b/dom-agi/logs/agent-agent_alpha.log,832708,0.794,d6ed68d5b503bb88c4645772b82c6702c725d335930098b14e836b23d85c5ec2
raw_data/mixed_model_roster_frontier_mixed_1h/qwen3.5-27b/dom-agi/logs/agent-agent_beta.log,282874,0.27,3c4f6a26f9b5f526f0c137fbcf77648469dd2208d95caed7eca611552f172d64
raw_data/mixed_model_roster_frontier_mixed_1h/qwen3.5-27b/dom-agi/logs/agent-agent_delta.log,336217,0.321,5f110b6538cc489c020ab73417fb52d3dd7d20571bf1c37b37ca685c218376c8
raw_data/mixed_model_roster_frontier_mixed_1h/qwen3.5-27b/dom-agi/logs/agent-agent_epsilon.log,1050025,1.001,6a9289ac7467572b02df84ec0ec79061e80fe64973868b9177249c2bb5ca40c3
raw_data/mixed_model_roster_frontier_mixed_1h/qwen3.5-27b/dom-agi/logs/agent-agent_eta.log,1869774,1.783,ee62c4ea5ed71edd0996739588bc0793f40504ef957f2b29a990c103422f5ddc
raw_data/mixed_model_roster_frontier_mixed_1h/qwen3.5-27b/dom-agi/logs/agent-agent_gamma.log,405301,0.387,d8d3b9a3e44707f871b03f857a8ad99c4f1d379a13166cce5f0ceb6b78c566e9
raw_data/mixed_model_roster_frontier_mixed_1h/qwen3.5-27b/dom-agi/logs/agent-agent_iota.log,847792,0.809,5c3c2f02698b237fbb199699c0ce7c752258393a3449b0ded44c8acb0919b4fb
raw_data/mixed_model_roster_frontier_mixed_1h/qwen3.5-27b/dom-agi/logs/agent-agent_kappa.log,1265365,1.207,06942320cc55f70b1c9d8f25f1e83f5a4934c2f635a9dbd9ba7df3ded7d83f6a
raw_data/mixed_model_roster_frontier_mixed_1h/qwen3.5-27b/dom-agi/logs/agent-agent_theta.log,260669,0.249,8f26cb27254ee221171f5e5bc7f1f058397a93812de0f5299a4aaa013accecb1
raw_data/mixed_model_roster_frontier_mixed_1h/qwen3.5-27b/dom-agi/logs/agent-agent_zeta.log,657067,0.627,f7a8d789edd19615a3891dc5596ab167a1fe78763d0ca3115f3658fd4347ec70
raw_data/mixed_model_roster_frontier_mixed_1h/qwen3.5-27b/dom-agi/logs/api.log,394300,0.376,274f9aff168bb17ef4c041729cce8244e804d334bb660930f3eb99420dbfc166
raw_data/mixed_model_roster_frontier_mixed_1h/qwen3.5-27b/dom-agi/logs/postgres.log,5764,0.005,ca351a36a6c36015df09a7729295cae66e8b0e32630def5b104e3385d70983e7
raw_data/mixed_model_roster_frontier_mixed_1h/qwen3.5-27b/dom-agi/logs/redis.log,986,0.001,4a49d02c167148b8f7d10de49a28940342a35348d92e13c51a22530fd181316c
raw_data/mixed_model_roster_frontier_mixed_1h/qwen3.5-27b/dom-agi/metadata.json,1249,0.001,034530712552f486c57a104db3206904532bd02f193e4846213cd5e9b3ec1c27
raw_data/mixed_model_roster_frontier_mixed_1h/qwen3.5-27b/dom-agi/posts.jsonl,710853,0.678,cd3762e5fe549e1e65619f22fd5af81a607d273cd6419aa624402b00fdd851d8
raw_data/mixed_model_roster_frontier_mixed_1h/qwen3.5-27b/dom-tech/agents.jsonl,2695,0.003,26e4200f9dda54d8a8524c44aa25d1d653d886b4602518afc07c6f3390571ac6
raw_data/mixed_model_roster_frontier_mixed_1h/qwen3.5-27b/dom-tech/comments.jsonl,321723,0.307,d9203d24255ccca631eeb3cbdbe3e52d270244528887aca8afa515c1d033d284
raw_data/mixed_model_roster_frontier_mixed_1h/qwen3.5-27b/dom-tech/database-final.sql,1681389,1.603,62b984bfae091bb267f050df26fc03e948262bf2de083e20b15392826ee2c0bf
raw_data/mixed_model_roster_frontier_mixed_1h/qwen3.5-27b/dom-tech/logs/agent-agent_alpha.log,548513,0.523,be50b43a47dfcfdd0b74b51a6f9d466f1221b2ebe1764da358a2f70b4fc555c9
raw_data/mixed_model_roster_frontier_mixed_1h/qwen3.5-27b/dom-tech/logs/agent-agent_beta.log,269933,0.257,d5b064310fc9d39919334613bf12c7bf74cba4b1dcbe0894e83e323df0c31ffb
raw_data/mixed_model_roster_frontier_mixed_1h/qwen3.5-27b/dom-tech/logs/agent-agent_delta.log,364860,0.348,94b692ede602b75973bb9ce5a77b6999d80ce26e6d0c23d5c5783bca104b52c9
raw_data/mixed_model_roster_frontier_mixed_1h/qwen3.5-27b/dom-tech/logs/agent-agent_epsilon.log,2427004,2.315,6900105db8291836b8be6d4d772815c5ed67d3ecd68902a05371fe5520827f08
raw_data/mixed_model_roster_frontier_mixed_1h/qwen3.5-27b/dom-tech/logs/agent-agent_eta.log,1424605,1.359,63084543231a6884bba80a42751198c646f0cd7094e66b2a0b439022e353943d
raw_data/mixed_model_roster_frontier_mixed_1h/qwen3.5-27b/dom-tech/logs/agent-agent_gamma.log,454141,0.433,41b4aed1af4f01469277905eb367aabb0101f45d98fa523fc0e739bb35d10b56
raw_data/mixed_model_roster_frontier_mixed_1h/qwen3.5-27b/dom-tech/logs/agent-agent_iota.log,806535,0.769,90fd59f6fdd954a2445413ac06107f2bca642a018a8cf6d4d63b910b456e134b
raw_data/mixed_model_roster_frontier_mixed_1h/qwen3.5-27b/dom-tech/logs/agent-agent_kappa.log,1090197,1.04,5f301a810689db82fb263fe91f7e56aba0a459226b9492e585a74c7d821b7870
raw_data/mixed_model_roster_frontier_mixed_1h/qwen3.5-27b/dom-tech/logs/agent-agent_theta.log,317041,0.302,c7d0aff1b049b706ba5bf7093b706944db5754174d6617561868169cf5c0cfab
raw_data/mixed_model_roster_frontier_mixed_1h/qwen3.5-27b/dom-tech/logs/agent-agent_zeta.log,542653,0.518,6f92686f0f8ee7ec759c3a12d180dce7f2b5a84daba7128146d830fb5a82f6e9
raw_data/mixed_model_roster_frontier_mixed_1h/qwen3.5-27b/dom-tech/logs/api.log,436095,0.416,65f5d64d97549f79b1c94fe59d8757e7cb5bff4b79c59a9caea1f6f6a7540510
raw_data/mixed_model_roster_frontier_mixed_1h/qwen3.5-27b/dom-tech/logs/postgres.log,5037,0.005,fce978bd281dde01061b1d6821988ec4b331f8b8bbbadba88c91a7637af39f9f
raw_data/mixed_model_roster_frontier_mixed_1h/qwen3.5-27b/dom-tech/logs/redis.log,986,0.001,044403f0ec9a4bd4971049cb1e9e947e8d51fe07f9bfa0414c6c398a88eff59f
raw_data/mixed_model_roster_frontier_mixed_1h/qwen3.5-27b/dom-tech/metadata.json,1252,0.001,b9ed1576b3d4fcb80b3c9ea7c9e4a1027e20c3e4d463f46ad5a923439e432879
raw_data/mixed_model_roster_frontier_mixed_1h/qwen3.5-27b/dom-tech/posts.jsonl,594535,0.567,d22b806195ac8c74bd194d0dbcf99c5de8c84489f0232ace7ecc0291ff04ffab
raw_data/mixed_model_roster_frontier_mixed_1h/qwen3.5-27b/mag0/agents.jsonl,2513,0.002,d01a1cb58b38e5b608cec3f1785c0141d64ac85019efd84df6bd67fa248b5b7a
raw_data/mixed_model_roster_frontier_mixed_1h/qwen3.5-27b/mag0/comments.jsonl,311138,0.297,70378b32a8bb9542c303c3370ee3b0d876ba75c805130359872c4ade5b6f7711
raw_data/mixed_model_roster_frontier_mixed_1h/qwen3.5-27b/mag0/database-final.sql,1394166,1.33,0b30a1065b6020accd6e5039cc036910dac3ba716f443af271fa64f77e7dddcb
raw_data/mixed_model_roster_frontier_mixed_1h/qwen3.5-27b/mag0/logs/agent-agent_alpha.log,449931,0.429,193dd54ac67b15c3052e7ddcac346d6fa208a52dff8367119913de5c9e86d6f8
raw_data/mixed_model_roster_frontier_mixed_1h/qwen3.5-27b/mag0/logs/agent-agent_beta.log,269228,0.257,c6aea71e6ad9eb4bfb54583bc4d4815add3ee7d9de1937309e8f0449a301399e
raw_data/mixed_model_roster_frontier_mixed_1h/qwen3.5-27b/mag0/logs/agent-agent_delta.log,480385,0.458,5f171134959ed3480b056de85873a73dcf9501683819b53c9e6ef1bf69322338
raw_data/mixed_model_roster_frontier_mixed_1h/qwen3.5-27b/mag0/logs/agent-agent_epsilon.log,1117193,1.065,c360c7565c4ea5ea94f958bb50d6b284532c9d043e9d9bc888afb77cbc1ddf5f
raw_data/mixed_model_roster_frontier_mixed_1h/qwen3.5-27b/mag0/logs/agent-agent_eta.log,849812,0.81,447cbe6817db662b2e37688f1479df6b3f6086352886d06605f1d5b6c25a9cab
raw_data/mixed_model_roster_frontier_mixed_1h/qwen3.5-27b/mag0/logs/agent-agent_gamma.log,366827,0.35,0d1d808bc457f76d7c634c468efd58ced1be6e8502a46673647d5be86c4de06a
raw_data/mixed_model_roster_frontier_mixed_1h/qwen3.5-27b/mag0/logs/agent-agent_iota.log,676159,0.645,af76916691f68e1d8e860c4c99f9f3928ca3d83e05424f323b47ef4e0f0eb9d8
raw_data/mixed_model_roster_frontier_mixed_1h/qwen3.5-27b/mag0/logs/agent-agent_kappa.log,965032,0.92,c4d02f12211cbf01e79cd97b6328da170c64100a49b870773f24e8ea6e76b46a
raw_data/mixed_model_roster_frontier_mixed_1h/qwen3.5-27b/mag0/logs/agent-agent_theta.log,305914,0.292,8e984f1469b5a82d37d5c4f31dec56f8d3e877d0bb1af664d173c9d56de296f6
raw_data/mixed_model_roster_frontier_mixed_1h/qwen3.5-27b/mag0/logs/agent-agent_zeta.log,520289,0.496,b1fabb018285de4cc0b8a053da5bfb05afb03512870cce24c4afcf90b1a1909d
raw_data/mixed_model_roster_frontier_mixed_1h/qwen3.5-27b/mag0/logs/api.log,287986,0.275,59d4489f6e013aec72184d6142f8c704a9de69a5eb9bef156ca5a29df7e044a5
raw_data/mixed_model_roster_frontier_mixed_1h/qwen3.5-27b/mag0/logs/postgres.log,5031,0.005,f079a5265d9a377a89b9e2eff241a906ec4bedb367e94244758819ab990f7794
raw_data/mixed_model_roster_frontier_mixed_1h/qwen3.5-27b/mag0/logs/redis.log,986,0.001,3a9ac88c0110f98e77c795765ccaee64cb9db3f48b7b135e7d6d7ad9e82c1366
raw_data/mixed_model_roster_frontier_mixed_1h/qwen3.5-27b/mag0/metadata.json,1240,0.001,c58afffb94a90976480db59d3ddb58c03a903df4fe28ecfa5303a2c689643fd5
raw_data/mixed_model_roster_frontier_mixed_1h/qwen3.5-27b/mag0/posts.jsonl,485545,0.463,e5e78eae04a5a349b3ca834e7da6b99fc17d11ca42e5aa880cc5d21b482838ac
raw_data/mixed_model_roster_frontier_mixed_1h/qwen3.5-27b/mag1/agents.jsonl,2690,0.003,9313b007c40d8d58e769a5af1aaa1fe737096665875eab7ce0ecac1721c3e694
raw_data/mixed_model_roster_frontier_mixed_1h/qwen3.5-27b/mag1/comments.jsonl,244795,0.233,c64a03b3c9c7e7aa673451f8805eeeab251fc3ff7d4b131a002850b1a1927a90
raw_data/mixed_model_roster_frontier_mixed_1h/qwen3.5-27b/mag1/database-final.sql,1345014,1.283,db7200c3c8d9b0cdf0ff6e42806ac56537156e1e5a1894fa8b7dc4e5f1a759e6
raw_data/mixed_model_roster_frontier_mixed_1h/qwen3.5-27b/mag1/logs/agent-agent_alpha.log,486009,0.463,fe0e0838690ea746276bb4c40ce8eef91a37ddc74f4bf6c16d74d3f2a827a53f
raw_data/mixed_model_roster_frontier_mixed_1h/qwen3.5-27b/mag1/logs/agent-agent_beta.log,259347,0.247,5bc934b967399c16ebf1c17bdd365e48f02824522016019aa9701ed4fe6ec875
raw_data/mixed_model_roster_frontier_mixed_1h/qwen3.5-27b/mag1/logs/agent-agent_delta.log,283076,0.27,5e2430d6a04a49a77fce59fae16c50dde253ca252dd3992c2b0380c1a9bec4f1
raw_data/mixed_model_roster_frontier_mixed_1h/qwen3.5-27b/mag1/logs/agent-agent_epsilon.log,1262468,1.204,d2f4e82919ce68bbf78b6cd31d3e65ba18d8e05562ec767656c3c0ea09a328af
raw_data/mixed_model_roster_frontier_mixed_1h/qwen3.5-27b/mag1/logs/agent-agent_eta.log,1647992,1.572,979e06224dd9e800d81c64de4a1ec6a34be544d6e4e4af43ed3a905de0d892c4
raw_data/mixed_model_roster_frontier_mixed_1h/qwen3.5-27b/mag1/logs/agent-agent_gamma.log,357037,0.34,9c67925285692ed6f7a7e83a10cd053a5445d02a94178607f349867ab8adcc91
raw_data/mixed_model_roster_frontier_mixed_1h/qwen3.5-27b/mag1/logs/agent-agent_iota.log,678824,0.647,97cb416803ac3ac0d7c28b565e4c3c42182ac1c182d394c40108f19f31c84520
raw_data/mixed_model_roster_frontier_mixed_1h/qwen3.5-27b/mag1/logs/agent-agent_kappa.log,541723,0.517,68935093d31faf8f3a83f8ce6cce57a1d673077ffaab161d2be57131fa781500
raw_data/mixed_model_roster_frontier_mixed_1h/qwen3.5-27b/mag1/logs/agent-agent_theta.log,284059,0.271,7797ea80943c699eb0bd0839b7d70f14ef899f56c434548e7a0f586c1a70220a
raw_data/mixed_model_roster_frontier_mixed_1h/qwen3.5-27b/mag1/logs/agent-agent_zeta.log,366226,0.349,5f0f437bf7ba274f2d633573e4cdc05daa8d7eb6952592833d0a326b717ad014
raw_data/mixed_model_roster_frontier_mixed_1h/qwen3.5-27b/mag1/logs/api.log,352372,0.336,d50f5026d96b2b507f998a37604b099ac3c2a5977b4d32a4d4fcd23369d5be05
raw_data/mixed_model_roster_frontier_mixed_1h/qwen3.5-27b/mag1/logs/postgres.log,6165,0.006,a9a632a37c36d6d1e36ce686f2b159ad2de09953b17d257199863cb298c636e5
raw_data/mixed_model_roster_frontier_mixed_1h/qwen3.5-27b/mag1/logs/redis.log,986,0.001,67850580fd310becfe8214402c60cc55ca983c98ac9f8c5aab4a7764afcb3874
raw_data/mixed_model_roster_frontier_mixed_1h/qwen3.5-27b/mag1/metadata.json,1240,0.001,1f9a747cd5633d9f6e101a5ba11305fa3d4c4597f7787e6661b8cdb257aba2d9
raw_data/mixed_model_roster_frontier_mixed_1h/qwen3.5-27b/mag1/posts.jsonl,428875,0.409,bfc83a8f1d716ae9a02576f690e8e4015d9a1206e64c1769191759eb83aeafd7
raw_data/mixed_model_roster_frontier_mixed_1h/qwen3.5-27b/mag25/agents.jsonl,2694,0.003,1ed57b8cf95a9455bc2c5ac37543fbd8119ba2eae087b440e0c9804722171a99
raw_data/mixed_model_roster_frontier_mixed_1h/qwen3.5-27b/mag25/comments.jsonl,316363,0.302,c37891d93a6997fb5250afdba997e3f94742b5b610c7bf5257d387443273d78e
raw_data/mixed_model_roster_frontier_mixed_1h/qwen3.5-27b/mag25/database-final.sql,1445984,1.379,e438d1be0182fc09b0fe1c0e8425454e9158dceb0bceb51b7f82fdaeccaaf5c2
raw_data/mixed_model_roster_frontier_mixed_1h/qwen3.5-27b/mag25/logs/agent-agent_alpha.log,2010903,1.918,8f443025cc354768761dcf9d2f35173065792f9caaa6116725a389ec87c1c315
raw_data/mixed_model_roster_frontier_mixed_1h/qwen3.5-27b/mag25/logs/agent-agent_beta.log,377686,0.36,3829c56aa73669359dbce117b44855f6533bbbbdce4ba48b9364e7fa8d03d2e2
raw_data/mixed_model_roster_frontier_mixed_1h/qwen3.5-27b/mag25/logs/agent-agent_delta.log,326572,0.311,ce70bbdccd0cb21bf42d22e05b7e30fa34bf83a476249225670bbc4c4d68dd3f
raw_data/mixed_model_roster_frontier_mixed_1h/qwen3.5-27b/mag25/logs/agent-agent_epsilon.log,591878,0.564,c715ab67ff14b3d4e780fa759bcee35c5d067ded976bd3728a453dd57307697c
raw_data/mixed_model_roster_frontier_mixed_1h/qwen3.5-27b/mag25/logs/agent-agent_eta.log,1563221,1.491,9415e68a9711011b12aaaa620e8f9b4751371c7c00effc49fb20ebf971aaa8dd
raw_data/mixed_model_roster_frontier_mixed_1h/qwen3.5-27b/mag25/logs/agent-agent_gamma.log,294966,0.281,ce30c28bdf66a4dc62b5c190c418062f4ee52c7e59830ed9aaad5ace850cc7d2
raw_data/mixed_model_roster_frontier_mixed_1h/qwen3.5-27b/mag25/logs/agent-agent_iota.log,3485184,3.324,bc5c613cb29840121a3d81d444751f779a2f6618e3095831a5e4e605fff824bb
raw_data/mixed_model_roster_frontier_mixed_1h/qwen3.5-27b/mag25/logs/agent-agent_kappa.log,478581,0.456,b00e9c3ad3683e3402141065e8e9ef14858effaf95013dfeb8d987b62e93f34a
raw_data/mixed_model_roster_frontier_mixed_1h/qwen3.5-27b/mag25/logs/agent-agent_theta.log,882831,0.842,639299b6bd1a1d7876ba692e8ff6be3ccc3a7760ef74138eeeb1becf8a90d19f
raw_data/mixed_model_roster_frontier_mixed_1h/qwen3.5-27b/mag25/logs/agent-agent_zeta.log,331532,0.316,e718eed16f75941faef96a33ec397bda52731c9e2dc9bd0aa4f495ac36dc085f
raw_data/mixed_model_roster_frontier_mixed_1h/qwen3.5-27b/mag25/logs/api.log,288456,0.275,538c43c3d883f69f1b213c880c1a8c18b12dd1b9e0f0b6ba440cc3165c99c56f
raw_data/mixed_model_roster_frontier_mixed_1h/qwen3.5-27b/mag25/logs/postgres.log,5604,0.005,de4c54fefd6ea8a5a3646ec524b94f8a98820d8a8daf5472e1d987d0a51a9572
raw_data/mixed_model_roster_frontier_mixed_1h/qwen3.5-27b/mag25/logs/redis.log,986,0.001,9a32972c1747c06fb8490a672acb4e668f6b0b92156552e4bb57f3dd1b9de92a
raw_data/mixed_model_roster_frontier_mixed_1h/qwen3.5-27b/mag25/metadata.json,1244,0.001,fa931206eedfbc6ed08e289dde8abb6c0cdd7a41de11735b5664b6d96c765ebe
raw_data/mixed_model_roster_frontier_mixed_1h/qwen3.5-27b/mag25/posts.jsonl,494176,0.471,a55bfe3acde53415e6049441965ce99d8d3bf0a2e9685dbd05e9bfc68ac1bb83
raw_data/mixed_model_roster_frontier_mixed_1h/qwen3.5-27b/mag5/agents.jsonl,2694,0.003,8c4722b233b3423ca6184cef551c399e549d484b8599249f88f60bab0cf10845
raw_data/mixed_model_roster_frontier_mixed_1h/qwen3.5-27b/mag5/comments.jsonl,170960,0.163,86460d193c9e8d4ed058504a971af33b40e851a78911d0350757dfa55440fd2b
raw_data/mixed_model_roster_frontier_mixed_1h/qwen3.5-27b/mag5/database-final.sql,1110005,1.059,3d07619745a39bda5b7b4b6869b31167224bb54380f2bf0d6023162c71b517f2
raw_data/mixed_model_roster_frontier_mixed_1h/qwen3.5-27b/mag5/logs/agent-agent_alpha.log,373413,0.356,86a728b6236126205df75227001681edb9f576c00a17b1363d824acb24501acc
raw_data/mixed_model_roster_frontier_mixed_1h/qwen3.5-27b/mag5/logs/agent-agent_beta.log,287122,0.274,8472d45dfd745ca98285ca9c5484d2e99dd4380bf50006a9eb761b588759d6b3
raw_data/mixed_model_roster_frontier_mixed_1h/qwen3.5-27b/mag5/logs/agent-agent_delta.log,264323,0.252,7473a35ca6c1d72bd64fb27557ee6edf2d3369c9a54f7cd1fce3e88627c1e3fd
raw_data/mixed_model_roster_frontier_mixed_1h/qwen3.5-27b/mag5/logs/agent-agent_epsilon.log,1492902,1.424,04dfb8b965c6ba7b3315f817af0335d04ee63b0dad6349c98d936ba3b54f0521
raw_data/mixed_model_roster_frontier_mixed_1h/qwen3.5-27b/mag5/logs/agent-agent_eta.log,2336841,2.229,c98cf1b83f65950e11046341168a6ff8ec5521a64f3e78c25fdf30afd880941b
raw_data/mixed_model_roster_frontier_mixed_1h/qwen3.5-27b/mag5/logs/agent-agent_gamma.log,324486,0.309,1288a9d9f2b594d7c8871044218859457acd111d541fb29690e127a850633e15
raw_data/mixed_model_roster_frontier_mixed_1h/qwen3.5-27b/mag5/logs/agent-agent_iota.log,491740,0.469,366bb7f29ffe2d39068a9c25326ec3a6fa97658c399a7daa08eccdf66ff6ddb1
raw_data/mixed_model_roster_frontier_mixed_1h/qwen3.5-27b/mag5/logs/agent-agent_kappa.log,854683,0.815,f263b90e2e8ab5a68942e04ae839c252cf7fbd38445329d77c86e14339365031
raw_data/mixed_model_roster_frontier_mixed_1h/qwen3.5-27b/mag5/logs/agent-agent_theta.log,293931,0.28,3181e412d806da08f7db70fc86fe2c1fccc870c5e01618fd53e23e5f60b7a3b3
raw_data/mixed_model_roster_frontier_mixed_1h/qwen3.5-27b/mag5/logs/agent-agent_zeta.log,444916,0.424,9105bc86c16bc127ea03e5adfa9be16c1bd139eb1b7a26d3c411b1bd1cca79cf
raw_data/mixed_model_roster_frontier_mixed_1h/qwen3.5-27b/mag5/logs/api.log,231667,0.221,d44779f6b7a0054e150321754427b32f7f694ddcc52c705834fd53aca2419ae4
raw_data/mixed_model_roster_frontier_mixed_1h/qwen3.5-27b/mag5/logs/postgres.log,5030,0.005,61366c16f7ef78cffd20a52fc6a71e88385b69370d289aa2bc25466ccc9d662e
raw_data/mixed_model_roster_frontier_mixed_1h/qwen3.5-27b/mag5/logs/redis.log,986,0.001,c57e8931caeaeb091c9bd06a1a0d7aefe4d183e32b5c9bec1f6ce792f14cfdeb
raw_data/mixed_model_roster_frontier_mixed_1h/qwen3.5-27b/mag5/metadata.json,1240,0.001,ea0830c4effa4185d7feee882254349603ff9c518eed7a8d22d3cbb02a5bd199
raw_data/mixed_model_roster_frontier_mixed_1h/qwen3.5-27b/mag5/posts.jsonl,408802,0.39,4938014796c0a8ebc35535045464ce509cf61831c42830900fa73a8f645c5758
raw_data/single_model_canonical_48/.gitattributes,2504,0.002,9e75dd981de037ec3769f24f790e126bc5a160b6871f510214e68dc70649aeeb
raw_data/single_model_canonical_48/README.md,7404,0.007,122f5b8881ec32f8d8bb3f62e5ccdb9d7aa3ad651830fc32c8175f12c53ceee4
raw_data/single_model_canonical_48/data/gemini-flash-lite/agents-10/ec-dom-agi-n10-run01/activity.jsonl,423462,0.404,dd425140e9a570d1438bd3c323704e5d2cd3f2918758ee8477a9cd85eaea6d91
raw_data/single_model_canonical_48/data/gemini-flash-lite/agents-10/ec-dom-agi-n10-run01/agents.jsonl,2686,0.003,d3dbe2b7222f6801af0d0f3705cca02a8990a0b03df0033cc52d0e53b2dc3c39
raw_data/single_model_canonical_48/data/gemini-flash-lite/agents-10/ec-dom-agi-n10-run01/comments.jsonl,25285,0.024,a4fee17dc31e112c9a171c2cabe29a4f83399cea0badfe9f6fd90ac55a391275
raw_data/single_model_canonical_48/data/gemini-flash-lite/agents-10/ec-dom-agi-n10-run01/database.sql,674353,0.643,86d43f4c17b2b2a2390622b207fcb41e51c21ad30bbae8cfcf89d1e788eadeff
raw_data/single_model_canonical_48/data/gemini-flash-lite/agents-10/ec-dom-agi-n10-run01/experiment_results.json,39,0.0,da134d51d6752130cf0a6a19adc0ea7789ea1de720350976eefe87622c713ca9
raw_data/single_model_canonical_48/data/gemini-flash-lite/agents-10/ec-dom-agi-n10-run01/logs.tar.gz,156787,0.15,c40ced219eaab7c8584d8a86abd9a908ecc5ce7f409e462bddfccd4519613dca
raw_data/single_model_canonical_48/data/gemini-flash-lite/agents-10/ec-dom-agi-n10-run01/metadata.json,2522,0.002,d501535ef01fd96a4dab5afb5d08e4e26c4f1c9ef2b81bd5bcfc3610cb6280cd
raw_data/single_model_canonical_48/data/gemini-flash-lite/agents-10/ec-dom-agi-n10-run01/posts.jsonl,353966,0.338,ed1d77eb636fc44f3d451571f7904b3d93e1dbe74acbf685ef44ab7da862f2a2
raw_data/single_model_canonical_48/data/gemini-flash-lite/agents-10/ec-dom-agi-n10-run01/retimestamp.json,876,0.001,ae1b26bba0182955486e919b9ac56eef2a44b90f72db5d02df72981b3aa1bb93
raw_data/single_model_canonical_48/data/gemini-flash-lite/agents-10/ec-dom-tech-n10-run01/activity.jsonl,369115,0.352,6a53b1e6d3df2412759253659651d5ee39e80a1acbfd5497b0e10bdfc5a65dc0
raw_data/single_model_canonical_48/data/gemini-flash-lite/agents-10/ec-dom-tech-n10-run01/agents.jsonl,2686,0.003,ee1c8c7e717f9d478a77e5ebedbd971c6a72fc04cd31b34f00c5b3b6b07aa0d9
raw_data/single_model_canonical_48/data/gemini-flash-lite/agents-10/ec-dom-tech-n10-run01/comments.jsonl,16457,0.016,17f4817fb36867dc59094b55d8ea894627222fb180b9008d16c9a9509202227c
raw_data/single_model_canonical_48/data/gemini-flash-lite/agents-10/ec-dom-tech-n10-run01/database.sql,614552,0.586,7298d1e9daf54874edcf3b76ec70b811752587f29bbd472171279bc7a73a60b3
raw_data/single_model_canonical_48/data/gemini-flash-lite/agents-10/ec-dom-tech-n10-run01/experiment_results.json,39,0.0,da134d51d6752130cf0a6a19adc0ea7789ea1de720350976eefe87622c713ca9
raw_data/single_model_canonical_48/data/gemini-flash-lite/agents-10/ec-dom-tech-n10-run01/logs.tar.gz,86939,0.083,dfac15077e0fd43727d94745ce0e1d6f8b8573b392084112716034c096893beb
raw_data/single_model_canonical_48/data/gemini-flash-lite/agents-10/ec-dom-tech-n10-run01/metadata.json,2526,0.002,d39675a83203f98eeb50c231784b259772fa029b0378424ba2c75f1e747a74c6
raw_data/single_model_canonical_48/data/gemini-flash-lite/agents-10/ec-dom-tech-n10-run01/posts.jsonl,328852,0.314,a12caeb4928b35b3d710d513c51210013421419576dc1feb6ea9dea6d9af53cf
raw_data/single_model_canonical_48/data/gemini-flash-lite/agents-10/ec-dom-tech-n10-run01/retimestamp.json,878,0.001,9126643426319e9190ddb75dddf793a43888b6615c137f977694302d933877f0
raw_data/single_model_canonical_48/data/gemini-flash-lite/agents-10/ec-mag0-n10-run01/agents.jsonl,2507,0.002,80684fc0871a6b793a89d49303f40b1f5c152da5257089f0c8574eebe358c73a
raw_data/single_model_canonical_48/data/gemini-flash-lite/agents-10/ec-mag0-n10-run01/comments.jsonl,143784,0.137,4c7bcce2820f5cedfd3904adc4c436e4d46f4f179a14b32885186ae57e9c9a4b
raw_data/single_model_canonical_48/data/gemini-flash-lite/agents-10/ec-mag0-n10-run01/logs.tar.gz,373312,0.356,13f704f3c8b44ba516675ccd757c128c8a07d0e7133f9c249797f76eb2360178
raw_data/single_model_canonical_48/data/gemini-flash-lite/agents-10/ec-mag0-n10-run01/metadata.json,476,0.0,b868066c38656bb0d2a03c17916c1413f2472574eb3dc27a50d7b5865ded9249
raw_data/single_model_canonical_48/data/gemini-flash-lite/agents-10/ec-mag0-n10-run01/posts.jsonl,286002,0.273,30d32f63dc991e60b72523ba33796ebc56b07b2e7546fec95ab9848b53e6e66c
raw_data/single_model_canonical_48/data/gemini-flash-lite/agents-10/ec-mag1-n10-run01/agents.jsonl,2686,0.003,55340fb13e0534990264a28a2c2c4944828b7fbe2c64e8a6a5e4277cb1ce5996
raw_data/single_model_canonical_48/data/gemini-flash-lite/agents-10/ec-mag1-n10-run01/comments.jsonl,85605,0.082,f2ee6d2a4e0f6012172543ce46e7b237fcda126c2aa0878adcdf6c2f073286a9
raw_data/single_model_canonical_48/data/gemini-flash-lite/agents-10/ec-mag1-n10-run01/logs.tar.gz,303359,0.289,01ef606c3a3248f19d0134e912bcef4de9c8f500bc82a362b07aecb84650a12d
raw_data/single_model_canonical_48/data/gemini-flash-lite/agents-10/ec-mag1-n10-run01/metadata.json,475,0.0,1c1c88fdd31d6596b1a51b6b9605f1239cf16fce369b1007bc60503afd38b653
raw_data/single_model_canonical_48/data/gemini-flash-lite/agents-10/ec-mag1-n10-run01/posts.jsonl,253855,0.242,0e639dab867bfe8eef0a806e302a8d36400a6b401e4032b74579333004f32218
raw_data/single_model_canonical_48/data/gemini-flash-lite/agents-10/ec-mag25-n10-run01/agents.jsonl,2686,0.003,df49fd382f887c8e3fe01729d3e52b119d1fc1af5a6fc9169f20da6ce9f4ff5c
raw_data/single_model_canonical_48/data/gemini-flash-lite/agents-10/ec-mag25-n10-run01/comments.jsonl,4301,0.004,771c2577a139a981e476887652bc3c314c21fe7131fea550af5ed81f399b80b7
raw_data/single_model_canonical_48/data/gemini-flash-lite/agents-10/ec-mag25-n10-run01/logs.tar.gz,341573,0.326,fa7cd223f6a0050f63faa4777e4e3b963784ac408cdc7faaac567ef77cdf233c
raw_data/single_model_canonical_48/data/gemini-flash-lite/agents-10/ec-mag25-n10-run01/metadata.json,475,0.0,c18aa8e90174f3f1e00b3bf248823b24c8160788e3ad46b384a18cbcb9171a1b
raw_data/single_model_canonical_48/data/gemini-flash-lite/agents-10/ec-mag25-n10-run01/posts.jsonl,391491,0.373,2468525798246e910f318f60ce5e1af4affb0a4a5a921349cc59cb555fdde7ea
raw_data/single_model_canonical_48/data/gemini-flash-lite/agents-10/ec-mag5-n10-run01/agents.jsonl,2686,0.003,0de57b62f369a3a7e4152346f165cc7b9fad64dbbde3eaac173ac929334bd3b8
raw_data/single_model_canonical_48/data/gemini-flash-lite/agents-10/ec-mag5-n10-run01/comments.jsonl,11661,0.011,0d93e047204bd17e7139d874c0e950210b7ed2cb4b7f677e6a980b1acd8fe86d
raw_data/single_model_canonical_48/data/gemini-flash-lite/agents-10/ec-mag5-n10-run01/logs.tar.gz,324238,0.309,d6f8e4b0648f6be3dc632b52ab87843c0a8a574d03039b5f103bfcef2046dc72
raw_data/single_model_canonical_48/data/gemini-flash-lite/agents-10/ec-mag5-n10-run01/metadata.json,474,0.0,3c4ed518f882a2449e5229f7919b148f99d44fd2938e740e384f882df64442bb
raw_data/single_model_canonical_48/data/gemini-flash-lite/agents-10/ec-mag5-n10-run01/posts.jsonl,295174,0.281,a32968ff29852139d4333963a2b3c494e0eb3071f54772a730d6804076fd1933
raw_data/single_model_canonical_48/data/gemini-flash-lite/agents-20/ec-dom-agi-n20-run01/agents.jsonl,4674,0.004,1a5ffee527561245c88c48a82b4908a5516829643aa4422e372e3c850b3fdabe
raw_data/single_model_canonical_48/data/gemini-flash-lite/agents-20/ec-dom-agi-n20-run01/comments.jsonl,53185,0.051,49ac897afae0d9337a75b6ef38730b4e705969bd560b3ccfa160593a6b2ae613
raw_data/single_model_canonical_48/data/gemini-flash-lite/agents-20/ec-dom-agi-n20-run01/database.sql,1107066,1.056,0e80cd05efe470a79215381b05ecdf40a8063f5374f0504f88ef86506dfecc63
raw_data/single_model_canonical_48/data/gemini-flash-lite/agents-20/ec-dom-agi-n20-run01/logs.tar.gz,229593,0.219,bb59d9f9acf7ba6460d166ffcaa7ff9220fa4ec97da4ab71848e1a4d26e19d5c
raw_data/single_model_canonical_48/data/gemini-flash-lite/agents-20/ec-dom-agi-n20-run01/metadata.json,3728,0.004,84d755f1cb1ba34c23495327e79c962a262cb4d2992a4a7777524a4ce30b14be
raw_data/single_model_canonical_48/data/gemini-flash-lite/agents-20/ec-dom-agi-n20-run01/posts.jsonl,600742,0.573,a9d614617bd1cddc456697b95566cf55a351e85455eeb977f9fef585c48d4445
raw_data/single_model_canonical_48/data/gemini-flash-lite/agents-20/ec-dom-agi-n20-run01/retimestamp.json,819,0.001,49debb3da179398cdf864f4e9be01575bb15b44111ec31e177e6e8345755716f
raw_data/single_model_canonical_48/data/gemini-flash-lite/agents-20/ec-dom-tech-n20-run01/agents.jsonl,4674,0.004,32cf20231db386d552e303e9dc610d03e2ce752a4fd14aac03326667a69506f7
raw_data/single_model_canonical_48/data/gemini-flash-lite/agents-20/ec-dom-tech-n20-run01/comments.jsonl,23969,0.023,44fbe5c67793160babee6fdc690fd7f2f3438bd0759cd88c6830b7a3275378e4
raw_data/single_model_canonical_48/data/gemini-flash-lite/agents-20/ec-dom-tech-n20-run01/logs.tar.gz,627426,0.598,87bbf38a86364eed0048abaa709ce248bdc23f90d577b86626b5519410d940c9
raw_data/single_model_canonical_48/data/gemini-flash-lite/agents-20/ec-dom-tech-n20-run01/metadata.json,480,0.0,15005a0beda1dc2c6975a3017e1407f427d48d228563181e2f6cfcba0ba8a5f2
raw_data/single_model_canonical_48/data/gemini-flash-lite/agents-20/ec-dom-tech-n20-run01/posts.jsonl,407292,0.388,0272c2d69ed83a70660789172b8ba110b372675c32de5eb33c9a991b5888baac
raw_data/single_model_canonical_48/data/gemini-flash-lite/agents-20/ec-mag0-n20-run01/agents.jsonl,4495,0.004,9b2672dba9c694db4f7bd4fffdbece9c430166415359ea82a6a6bc44abf89823
raw_data/single_model_canonical_48/data/gemini-flash-lite/agents-20/ec-mag0-n20-run01/comments.jsonl,34200,0.033,43f9fd4258e186eaa93a1b308d401b442932a8aad5c048197a22536a71bf086a
raw_data/single_model_canonical_48/data/gemini-flash-lite/agents-20/ec-mag0-n20-run01/logs.tar.gz,579420,0.553,331b20ac155ced45b01b3d9211af302bd50d3b4e749e49ccc725aa359b926711
raw_data/single_model_canonical_48/data/gemini-flash-lite/agents-20/ec-mag0-n20-run01/metadata.json,472,0.0,a50110749382eca1a98a68edb315ed78695eb8cf0d27fb4f2d508333d203f251
raw_data/single_model_canonical_48/data/gemini-flash-lite/agents-20/ec-mag0-n20-run01/posts.jsonl,446780,0.426,87b08660562178e0d3c9dc0b0214f1839dbde529b5f56d86ce5d7f38885442e7
raw_data/single_model_canonical_48/data/gemini-flash-lite/agents-20/ec-mag1-n20-run01/agents.jsonl,4674,0.004,b649806d050d7614da4d33ce0b70a95c995a1453a19c5f69414e58ef21f16d5a
raw_data/single_model_canonical_48/data/gemini-flash-lite/agents-20/ec-mag1-n20-run01/comments.jsonl,21238,0.02,900891b9975aff1e69aaeea84ba88fc56d14634e2371d2ff203d19307e3e0aeb
raw_data/single_model_canonical_48/data/gemini-flash-lite/agents-20/ec-mag1-n20-run01/logs.tar.gz,978679,0.933,ab730cfc66997072aef6829b501b2615e5ad9879da860fb7590551c1048eb3b4
raw_data/single_model_canonical_48/data/gemini-flash-lite/agents-20/ec-mag1-n20-run01/metadata.json,477,0.0,00445f791d497bce5d96d9fd3863138b0192d243c732bf2253ec2c9ddbe61d58
raw_data/single_model_canonical_48/data/gemini-flash-lite/agents-20/ec-mag1-n20-run01/posts.jsonl,1118922,1.067,7040d36ad8f1153d48ae40661de4dc25d9509ffad623b649807cb290f281d685
raw_data/single_model_canonical_48/data/gemini-flash-lite/agents-20/ec-mag25-n20-run01/agents.jsonl,4674,0.004,aa834a646e692f49e25f273944a6f92bf738b515125c09c370ef579410a88183
raw_data/single_model_canonical_48/data/gemini-flash-lite/agents-20/ec-mag25-n20-run01/comments.jsonl,75159,0.072,64d04f7ccc3b17dc5561f4313a4ab3f848a53bd7deb0c8c60a3710a472a2712d
raw_data/single_model_canonical_48/data/gemini-flash-lite/agents-20/ec-mag25-n20-run01/logs.tar.gz,724791,0.691,e746b82c035fafaaae5dd6c84b680b6bbca1496e597da6cf00a2300408e6be17
raw_data/single_model_canonical_48/data/gemini-flash-lite/agents-20/ec-mag25-n20-run01/metadata.json,479,0.0,90f5c332276eed6bd0a9638ef492688117df4a33679eb2cff17b297a5ea321d5
raw_data/single_model_canonical_48/data/gemini-flash-lite/agents-20/ec-mag25-n20-run01/posts.jsonl,556962,0.531,4e27305ff271c51e32ebd2ef49e95bea0146ad3b08d79a1248f70fafcaffc775
raw_data/single_model_canonical_48/data/gemini-flash-lite/agents-20/ec-mag5-n20-run01/agents.jsonl,4674,0.004,8d88df96c7c0cc3a809f78dffe69449f0c307530af8fd539353cad8431367660
raw_data/single_model_canonical_48/data/gemini-flash-lite/agents-20/ec-mag5-n20-run01/comments.jsonl,4088,0.004,6677b5a6cde646dca7a73f365e98f473c14798e8c4d496a6f0adbe42a96b6d95
raw_data/single_model_canonical_48/data/gemini-flash-lite/agents-20/ec-mag5-n20-run01/database.sql,1364029,1.301,ab1ab1f4ab5c3ba1decf3bdbb213ccb0d1b9c7eba5fa19eacc466a2f6b820431
raw_data/single_model_canonical_48/data/gemini-flash-lite/agents-20/ec-mag5-n20-run01/experiment_results.json,39,0.0,da134d51d6752130cf0a6a19adc0ea7789ea1de720350976eefe87622c713ca9
raw_data/single_model_canonical_48/data/gemini-flash-lite/agents-20/ec-mag5-n20-run01/logs.tar.gz,380962,0.363,27101fc8de493ccba438c30f07627a246ae9c9c4becad5078b6ceb16a206660b
raw_data/single_model_canonical_48/data/gemini-flash-lite/agents-20/ec-mag5-n20-run01/metadata.json,3716,0.004,53ec19e1e6ce773f93df1af85af7a1a968456463a8605a0bb42795fcdd6792bf
raw_data/single_model_canonical_48/data/gemini-flash-lite/agents-20/ec-mag5-n20-run01/posts.jsonl,700998,0.669,a3f64ca1070bfb0963628d48138d8bddce74046e54810e7380857d55552fc841
raw_data/single_model_canonical_48/data/gemini-flash-lite/agents-20/ec-mag5-n20-run01/retimestamp.json,809,0.001,f09a1912fe0e5469451488d8e222b940bd960494a35b3b81974a8ae04108f5a6
raw_data/single_model_canonical_48/data/gemini-flash-lite/agents-30/ec-dom-agi-n30-run01/agents.jsonl,6691,0.006,19e154c7752c487bde77486607a30772f9adb491beeafb7680c7786e1fcfeb9c
raw_data/single_model_canonical_48/data/gemini-flash-lite/agents-30/ec-dom-agi-n30-run01/comments.jsonl,3248,0.003,48685c7198403ec15cfa9a23e307cc3b9f2fb6f7c6783e2e5a4d45516c195a9a
raw_data/single_model_canonical_48/data/gemini-flash-lite/agents-30/ec-dom-agi-n30-run01/logs.tar.gz,751603,0.717,ded8f221a7aa3bb651fe44e61d2e5378b870b85b48110be7e2af692f5a3ca2f8
raw_data/single_model_canonical_48/data/gemini-flash-lite/agents-30/ec-dom-agi-n30-run01/metadata.json,477,0.0,622d6578ff2b4e38ecc1feabc56a768b3f40d2d3220e3e14b7161384d168ba49
raw_data/single_model_canonical_48/data/gemini-flash-lite/agents-30/ec-dom-agi-n30-run01/posts.jsonl,541988,0.517,9049f31a1697c27c470c0230b1dd2c2aa1676a6a7356682661aef468ee17e329
raw_data/single_model_canonical_48/data/gemini-flash-lite/agents-30/ec-dom-tech-n30-run01/agents.jsonl,6691,0.006,fdc31d6b56e5e24c4139ae707359431d2ae6f9e46d67113df3af8e6bb16bc124
raw_data/single_model_canonical_48/data/gemini-flash-lite/agents-30/ec-dom-tech-n30-run01/comments.jsonl,8056,0.008,5599aa33b49b2d39ed7c4276567ceea40ae15365f36b001c23e60e5d6b318f64
raw_data/single_model_canonical_48/data/gemini-flash-lite/agents-30/ec-dom-tech-n30-run01/logs.tar.gz,1000730,0.954,8da5af6950d3f4b7cfff9498b02bee823678a40f163201c2f9c5a9f9ddb0a4e6
raw_data/single_model_canonical_48/data/gemini-flash-lite/agents-30/ec-dom-tech-n30-run01/metadata.json,481,0.0,e75d3b898619cf504da119020b08a1e9db33653554c39f28438e4e99b77e16f6
raw_data/single_model_canonical_48/data/gemini-flash-lite/agents-30/ec-dom-tech-n30-run01/posts.jsonl,1089837,1.039,399386ec64c3e018af36bd31bb5ea0cc4735fbe4e9c19d3fbd2dcfc926aa71d1
raw_data/single_model_canonical_48/data/gemini-flash-lite/agents-30/ec-mag0-n30-run01/agents.jsonl,6512,0.006,d7e8be02a608512e0dbdac3166b4cdc22b7f767acc7c5724d55f1d2c0eb2695d
raw_data/single_model_canonical_48/data/gemini-flash-lite/agents-30/ec-mag0-n30-run01/logs.tar.gz,983912,0.938,c744648905444fd8dd6c1cbda97c6318ac80f7e81dc7c4b4a2150f21e86a5c1c
raw_data/single_model_canonical_48/data/gemini-flash-lite/agents-30/ec-mag0-n30-run01/metadata.json,472,0.0,46544b889e78bfd9b48cbf9db65b0cd1f58730089ed31667662cf482586699af
raw_data/single_model_canonical_48/data/gemini-flash-lite/agents-30/ec-mag0-n30-run01/posts.jsonl,1112506,1.061,fd97d998078b56aee88ed632fb410979ce57052064b0092cbe138855c86b175c
raw_data/single_model_canonical_48/data/gemini-flash-lite/agents-30/ec-mag1-n30-run01/agents.jsonl,6691,0.006,62459016578c33053afd90cecf283fca84caa2ef301af70a1e37802ad3618067
raw_data/single_model_canonical_48/data/gemini-flash-lite/agents-30/ec-mag1-n30-run01/comments.jsonl,22327,0.021,86fd7f618508162395da8b71a6caa5c6dff48b6f7473afd3a9fb695988c3360b
raw_data/single_model_canonical_48/data/gemini-flash-lite/agents-30/ec-mag1-n30-run01/logs.tar.gz,804294,0.767,6f793f8c34bd5f654910a900fdebe21ab1da168cb6eb218c877667f4bbae3caa
raw_data/single_model_canonical_48/data/gemini-flash-lite/agents-30/ec-mag1-n30-run01/metadata.json,472,0.0,9d43003cf34ed1e783c08146e457ea8b32fb932a213017099d055c39eab89b8e
raw_data/single_model_canonical_48/data/gemini-flash-lite/agents-30/ec-mag1-n30-run01/posts.jsonl,650885,0.621,ee881617dda239e6447d588591231da158f43fee01585c45263214c320d31fff
raw_data/single_model_canonical_48/data/gemini-flash-lite/agents-30/ec-mag25-n30-run01/agents.jsonl,6691,0.006,4a4f0dafc7bdecbdb25a83c9a38de30e76f7cfa18737fa5f1829e720058b03d4
raw_data/single_model_canonical_48/data/gemini-flash-lite/agents-30/ec-mag25-n30-run01/comments.jsonl,540,0.001,e97d3205d8eb298fc08d2190e6bd5c07c150e3e3f6f4207edc1849686bf1ce6c
raw_data/single_model_canonical_48/data/gemini-flash-lite/agents-30/ec-mag25-n30-run01/database.sql,2134279,2.035,50139e78b00a8ff20da1019b17cfefb79e2887a0d0bcfa20cc3762a2d7282853
raw_data/single_model_canonical_48/data/gemini-flash-lite/agents-30/ec-mag25-n30-run01/logs.tar.gz,512514,0.489,6ff5f780185c76576badef2f1491dc14d12fc40e1c49835163d9fa5380d30c4c
raw_data/single_model_canonical_48/data/gemini-flash-lite/agents-30/ec-mag25-n30-run01/metadata.json,4952,0.005,ecef5066cf06d10401cbde94f0c317f47f0fde9346dac1ec9bc209cd50977023
raw_data/single_model_canonical_48/data/gemini-flash-lite/agents-30/ec-mag25-n30-run01/posts.jsonl,1146184,1.093,d046b2ff3d64c6608263b1627435c89c6545adbed974049f53b5d3dfbe73d7eb
raw_data/single_model_canonical_48/data/gemini-flash-lite/agents-30/ec-mag25-n30-run01/retimestamp.json,814,0.001,c1b71ce63678d6fb6360a3e3ab1ef4e57f0e9c05a0f36e023457e70a1ed19682
raw_data/single_model_canonical_48/data/gemini-flash-lite/agents-30/ec-mag5-n30-run01/agents.jsonl,6691,0.006,1f46c4749f0127ed2e1a7cec2a6989dd0e84d21fc58dc502a4ad8cf05f98c576
raw_data/single_model_canonical_48/data/gemini-flash-lite/agents-30/ec-mag5-n30-run01/comments.jsonl,8901,0.008,05f2e64d5f7ba6df8b2d4f742d9691d86814b708902303077ca7a7ee310e19eb
raw_data/single_model_canonical_48/data/gemini-flash-lite/agents-30/ec-mag5-n30-run01/database.sql,2295450,2.189,54d97aed12659d511131b1186815961ebda5444ff881783684149d5d3c49b274
raw_data/single_model_canonical_48/data/gemini-flash-lite/agents-30/ec-mag5-n30-run01/logs.tar.gz,584867,0.558,94a5cae1a259f25cd9fa092aca4d72ca553b3f91794490c4fcaf9282a1c79cd8
raw_data/single_model_canonical_48/data/gemini-flash-lite/agents-30/ec-mag5-n30-run01/metadata.json,4949,0.005,85b190bac67f1c21c933a2c6de555b449e77888a8039af2d7ee99926fb47c7b5
raw_data/single_model_canonical_48/data/gemini-flash-lite/agents-30/ec-mag5-n30-run01/posts.jsonl,1150471,1.097,8ddeecd2d81560df20525bde1887640dd0a53dd11fa0c075fa8e354b8054ad39
raw_data/single_model_canonical_48/data/gemini-flash-lite/agents-30/ec-mag5-n30-run01/retimestamp.json,813,0.001,3443d45968b0be2e33b3f142812f2d016ab17c831e49e2790e87455509efbd69
raw_data/single_model_canonical_48/data/glm-5/agents-10/ec-dom-agi-n10-run01/agents.jsonl,2692,0.003,172e059c6a5292bbef83f16c9b2c9d3529a8ffc542fa028a6c354c6d927c133c
raw_data/single_model_canonical_48/data/glm-5/agents-10/ec-dom-agi-n10-run01/comments.jsonl,405761,0.387,32dc81fc419bd691c463c993e9cdf12a49f83f597f4de89eab6becb172a46646
raw_data/single_model_canonical_48/data/glm-5/agents-10/ec-dom-agi-n10-run01/logs.tar.gz,605503,0.577,8d3b624a11b5b0f8730c2017c1c408e7bcc1570133457222ad426523ee19fe67
raw_data/single_model_canonical_48/data/glm-5/agents-10/ec-dom-agi-n10-run01/metadata.json,417,0.0,1448638fd3d30a0c9ab46a5590aa3fede3641a6bd72a87d4e06c7f991d826713
raw_data/single_model_canonical_48/data/glm-5/agents-10/ec-dom-agi-n10-run01/posts.jsonl,489192,0.467,57ec37ac62ad647bc068fd2702de092d24e30e49476f3e207ce17a2ce07b3e6d
raw_data/single_model_canonical_48/data/glm-5/agents-10/ec-dom-tech-n10-run01/agents.jsonl,2690,0.003,62cd680b0aab48115a025287b93086b77480cae11c2fc5ac834eb9ea13122685
raw_data/single_model_canonical_48/data/glm-5/agents-10/ec-dom-tech-n10-run01/comments.jsonl,275381,0.263,74d4c7994198b9efc058bb12a9a9111ff4ade7444e0af56766d27f6df13942f1
raw_data/single_model_canonical_48/data/glm-5/agents-10/ec-dom-tech-n10-run01/logs.tar.gz,660874,0.63,7f4142ed3b796282ffe789c7d2212c0a07ac02880bb8731b13c9d202c07ea120
raw_data/single_model_canonical_48/data/glm-5/agents-10/ec-dom-tech-n10-run01/metadata.json,419,0.0,87db7d352ee1a1d449b125f493c98f87c9bd44c0b11a2e41c82a3c47eb87f206
raw_data/single_model_canonical_48/data/glm-5/agents-10/ec-dom-tech-n10-run01/posts.jsonl,511230,0.488,b5b8072629d07f9ac5ab186ae0fecd80c05428256641e6032225b9f154f23ee8
raw_data/single_model_canonical_48/data/glm-5/agents-10/ec-mag0-n10-run01/agents.jsonl,2517,0.002,97d9f826e6b5c7cabab82dc1c1ecd087337424f05bb05066f86c250e9aff48dd
raw_data/single_model_canonical_48/data/glm-5/agents-10/ec-mag0-n10-run01/comments.jsonl,688950,0.657,ebe8aef752aca7182a1c420250b564d9fe7b42e1d5abecc918761c02d0275393
raw_data/single_model_canonical_48/data/glm-5/agents-10/ec-mag0-n10-run01/logs.tar.gz,742537,0.708,595bfd911d7ebffa65acc60069e494e0f00fb9696fae8b64f82bdea1c0e0c6c0
raw_data/single_model_canonical_48/data/glm-5/agents-10/ec-mag0-n10-run01/metadata.json,411,0.0,94638a4c43712aa4b6b0166ff0b25dcf39ecd020f6f7c3f9aef7475aa4e990ae
raw_data/single_model_canonical_48/data/glm-5/agents-10/ec-mag0-n10-run01/posts.jsonl,508679,0.485,0eb0407d232ceb54bd87c0b4b1d0cd013b0bf119a0947ffff4f0f55306237514
raw_data/single_model_canonical_48/data/glm-5/agents-10/ec-mag1-n10-run01/agents.jsonl,2695,0.003,26e74ea4020e2a8c80336ddc26bc8b96ad5140abdab291524980f1a173804725
raw_data/single_model_canonical_48/data/glm-5/agents-10/ec-mag1-n10-run01/comments.jsonl,481960,0.46,5c7e62a12a20a77601d8a9d6d8d3ab7c761f02441e421d5267958b4e5b6b530b
raw_data/single_model_canonical_48/data/glm-5/agents-10/ec-mag1-n10-run01/logs.tar.gz,592699,0.565,79fc4bed3c9ecb04f47e6c9442f4de981fcc80cdc8adbaa074d29754a4f7f202
raw_data/single_model_canonical_48/data/glm-5/agents-10/ec-mag1-n10-run01/metadata.json,411,0.0,d54376e8b349deb92e5a69027dc64f7a667ad0ae2910e7671a027c13f5d76352
raw_data/single_model_canonical_48/data/glm-5/agents-10/ec-mag1-n10-run01/posts.jsonl,344044,0.328,480a609ea0e54fe5ca89e13c0258ed1886de616a9cfcb3af624c22e1ba3f3885
raw_data/single_model_canonical_48/data/glm-5/agents-10/ec-mag25-n10-run01/agents.jsonl,2695,0.003,671c8bdbaae77b74fe0ad0f10bceedfc85823326dd6d3aaf82bc482788d52369
raw_data/single_model_canonical_48/data/glm-5/agents-10/ec-mag25-n10-run01/comments.jsonl,363361,0.347,806b67715adb9aef1d67afae848392ff852a4a4bdaf1424dd586f8145d83619f
raw_data/single_model_canonical_48/data/glm-5/agents-10/ec-mag25-n10-run01/logs.tar.gz,648774,0.619,78b12b803ea873d6b425d528d337d6a00c574381e131c9a0d9ef31df164931b0
raw_data/single_model_canonical_48/data/glm-5/agents-10/ec-mag25-n10-run01/metadata.json,413,0.0,46c948675f8013be0aae308b5c5e114c9d8a7aa1f76be806c10b9b809925134e
raw_data/single_model_canonical_48/data/glm-5/agents-10/ec-mag25-n10-run01/posts.jsonl,436121,0.416,e195d1e97d8372c7e0d97e055182866c52c13f960ee5304dfb9a8c18d775899c
raw_data/single_model_canonical_48/data/glm-5/agents-10/ec-mag5-n10-run01/agents.jsonl,2694,0.003,1cd4ca540a66d7215ecd12ffb1bc07a2a9d7a61ffdd61ad4311b143acdb9698f
raw_data/single_model_canonical_48/data/glm-5/agents-10/ec-mag5-n10-run01/comments.jsonl,528232,0.504,c84ab19a64296a97790d69eb7a5fa3246b6ec10882ee17543c823a578df58e26
raw_data/single_model_canonical_48/data/glm-5/agents-10/ec-mag5-n10-run01/logs.tar.gz,703704,0.671,c0cca877ac495dd127ad544e934f62e1d5c98ab58d7874c437e1812f388cdc75
raw_data/single_model_canonical_48/data/glm-5/agents-10/ec-mag5-n10-run01/metadata.json,411,0.0,a569349aba4c6c7b3c3af5c9803430b22f57c43a5a58466fd8acc2a86511657e
raw_data/single_model_canonical_48/data/glm-5/agents-10/ec-mag5-n10-run01/posts.jsonl,349967,0.334,00d064bd4c45e7a6e62a94eca504312a95561171a5f455abb0165e462cee49bc
raw_data/single_model_canonical_48/data/gpt-5/agents-10/ec-dom-agi-run04/activity.jsonl,547937,0.523,c98d4f0ba2fa2e098dfaa585337258e73914654a304693039c003f4fea73d9ab
raw_data/single_model_canonical_48/data/gpt-5/agents-10/ec-dom-agi-run04/agents.jsonl,3421,0.003,844286e7bd636b7f35c36dcd9adc750bcb1131dc72b3986fc9869293e39db796
raw_data/single_model_canonical_48/data/gpt-5/agents-10/ec-dom-agi-run04/comments.jsonl,3818,0.004,6c3608a93108a0e9672babe6a333cfa23d8b2209b429d7c1e6da5e73c65c5123
raw_data/single_model_canonical_48/data/gpt-5/agents-10/ec-dom-agi-run04/experiment_results.json,17364,0.017,d2ed25034b42490fed6799dd64a0306511714101163e9d143a85dc6750430d75
raw_data/single_model_canonical_48/data/gpt-5/agents-10/ec-dom-agi-run04/metadata.json,1538,0.001,280aec47c7cd822163d75d2d5ac3828f85044895f0b699017ef3f201da9ec944
raw_data/single_model_canonical_48/data/gpt-5/agents-10/ec-dom-agi-run04/posts.jsonl,489021,0.466,7a1366b1c85a825958b976ac5796bccd2b6335c3daf42afee9e3acb44547f283
raw_data/single_model_canonical_48/data/gpt-5/agents-10/ec-dom-tech-run04/activity.jsonl,590084,0.563,645696c57af6c7e91830fa7cdad5a1095f30b2e5e082cf8173fcac324fc60242
raw_data/single_model_canonical_48/data/gpt-5/agents-10/ec-dom-tech-run04/agents.jsonl,3421,0.003,e1f7ed01a54df468d82b03012737adaa0648dc3432a83bf6ba616dd99ac7f322
raw_data/single_model_canonical_48/data/gpt-5/agents-10/ec-dom-tech-run04/experiment_results.json,15371,0.015,da75041aab9c3b7ab67759b2bda96789f6d3b44b84da82c2248718482cf2939a
raw_data/single_model_canonical_48/data/gpt-5/agents-10/ec-dom-tech-run04/metadata.json,1537,0.001,8d666e791f1e812c4afecc3dcdedddc016536348088f3b3d0329d8a62860cab4
raw_data/single_model_canonical_48/data/gpt-5/agents-10/ec-dom-tech-run04/posts.jsonl,435659,0.415,70a1446f3bda0e2bb14015f1eb73a42f2498c3c51a8d00ccb649dbdab57c5ca7
raw_data/single_model_canonical_48/data/gpt-5/agents-10/ec-mag0-run04/activity.jsonl,622248,0.593,5d2fe3c6e950e4cbc0b8ad8e0c20f7d50b064ba44a7e8f3e089c1ca04fafde3b
raw_data/single_model_canonical_48/data/gpt-5/agents-10/ec-mag0-run04/agents.jsonl,2547,0.002,cdf46c6f9ea0db8a4d596961a5f6a80fd7564132ec8a857b91b8d84f9fd64a0f
raw_data/single_model_canonical_48/data/gpt-5/agents-10/ec-mag0-run04/comments.jsonl,17311,0.017,b8d2f53d12f31da0a7b2392bd15dc69d37db169ba549e5dd91bb1422c8c727a7
raw_data/single_model_canonical_48/data/gpt-5/agents-10/ec-mag0-run04/database.sql,775904,0.74,16f8d8ca964837a7bfe23dff6adf9e9b6cedb3ad147adeaf32e87720cf8f7b13
raw_data/single_model_canonical_48/data/gpt-5/agents-10/ec-mag0-run04/experiment_results.json,39,0.0,da134d51d6752130cf0a6a19adc0ea7789ea1de720350976eefe87622c713ca9
raw_data/single_model_canonical_48/data/gpt-5/agents-10/ec-mag0-run04/logs.tar.gz,142080,0.135,5f68acb62ee0bb84e86704a7af1bd17e1a44bbe83a2685c04e8c34063a0c3ed8
raw_data/single_model_canonical_48/data/gpt-5/agents-10/ec-mag0-run04/metadata.json,2402,0.002,f766c94af2d44a489970fa36528091c2247cb3da6ad8345bf113a3d9dcf1caf7
raw_data/single_model_canonical_48/data/gpt-5/agents-10/ec-mag0-run04/posts.jsonl,295183,0.282,d4e8dfee4e09834758f40b90f8091c3928eca2fce9f53b7ab3b02e69a0aa8237
raw_data/single_model_canonical_48/data/gpt-5/agents-10/ec-mag0-run04/retimestamp.json,836,0.001,79bc1944f68e12ccbf2d40f28d0d5324df7600dcaa40c9d3874e95c49c818c58
raw_data/single_model_canonical_48/data/gpt-5/agents-10/ec-mag1-run04/agents.jsonl,2547,0.002,2faff78550d0146473f973c40209a69437b88962ae9ce958f63b6bf5ecf63b64
raw_data/single_model_canonical_48/data/gpt-5/agents-10/ec-mag1-run04/comments.jsonl,446,0.0,785c24a64fc84b967aeb210006ea2a843d027302bb939ecdd26647cf2b799463
raw_data/single_model_canonical_48/data/gpt-5/agents-10/ec-mag1-run04/database.sql,828562,0.79,0e527188e20d77baf29e89d54adc6b3662ebeaa80f2c833ec52b4601e928f789
raw_data/single_model_canonical_48/data/gpt-5/agents-10/ec-mag1-run04/logs.tar.gz,129647,0.124,0681ac4d54017bf454cc6e5a84f644089eb47d2e7001f2a88431802162b3f5b5
raw_data/single_model_canonical_48/data/gpt-5/agents-10/ec-mag1-run04/metadata.json,2398,0.002,16d96d602e7d9e0e7432d48dc779ec2b90e3b9f99804db0ec465c03515be0b83
raw_data/single_model_canonical_48/data/gpt-5/agents-10/ec-mag1-run04/posts.jsonl,336941,0.321,d89417da95047785e45c25149fd31e0eb9d0156e452f031514d8696393f6660d
raw_data/single_model_canonical_48/data/gpt-5/agents-10/ec-mag1-run04/retimestamp.json,778,0.001,403b2d24c8c7629e6c1daab10a50fc062f12b5dfd5cfa8f2f2879076b9292a9a
raw_data/single_model_canonical_48/data/gpt-5/agents-10/ec-mag25-run04/activity.jsonl,422293,0.403,1744f115da10a8bb8692c4a30fceaa3555e004b59b7356b16b17615cea84517a
raw_data/single_model_canonical_48/data/gpt-5/agents-10/ec-mag25-run04/agents.jsonl,3421,0.003,db2d177661b6e8570997b9bb6fbc0525fc4325e4806515291586018a2d9d3839
raw_data/single_model_canonical_48/data/gpt-5/agents-10/ec-mag25-run04/experiment_results.json,16298,0.016,6bc5e056e2413b7934d859692ce13ff2f137cde677fdd5ecd58045fb20c65cb1
raw_data/single_model_canonical_48/data/gpt-5/agents-10/ec-mag25-run04/metadata.json,1536,0.001,abc774572f70451cabfe10c04702c153bd6751a5882f95ec0a57873238369cf3
raw_data/single_model_canonical_48/data/gpt-5/agents-10/ec-mag25-run04/posts.jsonl,305399,0.291,f11e61ab099f504c88c1b2689e7ece9349702f2da732846cc17bdf2e60ab6254
raw_data/single_model_canonical_48/data/gpt-5/agents-10/ec-mag5-run04/activity.jsonl,353481,0.337,eee4c2bd177e8804da78f192a8c9d3fe77f39aa143b7182a589cb0d7e71e9dd6
raw_data/single_model_canonical_48/data/gpt-5/agents-10/ec-mag5-run04/agents.jsonl,3421,0.003,0f88beddfb1c2fbbb390d3ba5420ec2f014c5800edf44a8448454ab2203e3488
raw_data/single_model_canonical_48/data/gpt-5/agents-10/ec-mag5-run04/experiment_results.json,3616,0.003,4ae1ed433bd3d89a835ee557a6e827b55a009ed61b53bc5e9ef234cb4076badc
raw_data/single_model_canonical_48/data/gpt-5/agents-10/ec-mag5-run04/metadata.json,1535,0.001,1092d4b9357c369495b076b9dc924dbc653d8c65ec9e74367bba49be59bcae8a
raw_data/single_model_canonical_48/data/gpt-5/agents-10/ec-mag5-run04/posts.jsonl,215733,0.206,b45810ee5a7ab998ced06ba0cc1a82402fdc8a9da3d5b05ed86085555f9b52fe
raw_data/single_model_canonical_48/data/gpt-5/agents-20/ec-dom-agi-n20-run01/agents.jsonl,4674,0.004,27216fd01ed452f5c8ec11da02ff21041235b61c62a484bb220165294cfd3ccf
raw_data/single_model_canonical_48/data/gpt-5/agents-20/ec-dom-agi-n20-run01/logs.tar.gz,958631,0.914,c229db396c9079dfe5fb4174c2b20747a6885472f11943d1a06f928fa5f9eef3
raw_data/single_model_canonical_48/data/gpt-5/agents-20/ec-dom-agi-n20-run01/metadata.json,407,0.0,e9c99bc8d767bb89fc9b796f5d3eac55cf43f5324079e7b5f3866a3799922b4a
raw_data/single_model_canonical_48/data/gpt-5/agents-20/ec-dom-agi-n20-run01/posts.jsonl,764578,0.729,8ddeb850c4647c1d3e701710868f8b25aebbae2bae435dd85cede8e49f31ccf4
raw_data/single_model_canonical_48/data/gpt-5/agents-20/ec-dom-tech-n20-run01/agents.jsonl,4675,0.004,455a35792f6299ea7166d2f0c6d6dfa9157e4c78b9cabd8c00c510d888f05369
raw_data/single_model_canonical_48/data/gpt-5/agents-20/ec-dom-tech-n20-run01/comments.jsonl,10767,0.01,579dfe8e1eb0d8cbd57c6c64552b24b7a2a0bc1b4b4fe84cdf64afce49d45b88
raw_data/single_model_canonical_48/data/gpt-5/agents-20/ec-dom-tech-n20-run01/logs.tar.gz,1105009,1.054,ed6eb769f1e14e4b4d141f76bf78dcf38d694239e4e235905643cce115db7129
raw_data/single_model_canonical_48/data/gpt-5/agents-20/ec-dom-tech-n20-run01/metadata.json,409,0.0,e9469069db19d38cc82e6d29d2b9fc44150ceca30715c8dafcacc6e9686d773f
raw_data/single_model_canonical_48/data/gpt-5/agents-20/ec-dom-tech-n20-run01/posts.jsonl,663316,0.633,7de0561842a587e6862fe85e9527df270fba19400ebf12e0470cd2be0a147733
raw_data/single_model_canonical_48/data/gpt-5/agents-20/ec-mag0-n20-run01/agents.jsonl,4496,0.004,094112aa00ebf7e682750dedf0b90be3576e62703ee091eb6963ba816592f818
raw_data/single_model_canonical_48/data/gpt-5/agents-20/ec-mag0-n20-run01/comments.jsonl,9758,0.009,c426bb43c2842ce0a5ffd9446beddb0842333a8cbcdb12af92913222d634b445
raw_data/single_model_canonical_48/data/gpt-5/agents-20/ec-mag0-n20-run01/logs.tar.gz,1200005,1.144,007be263f6fe76c5c26606add22b113fd7b2efb5fc382370a267c168dd9bd94d
raw_data/single_model_canonical_48/data/gpt-5/agents-20/ec-mag0-n20-run01/metadata.json,406,0.0,7acea4340aba97a7af70ec3cb64952221c18d5ec6e2a4018e6368d1f61e25812
raw_data/single_model_canonical_48/data/gpt-5/agents-20/ec-mag0-n20-run01/posts.jsonl,843935,0.805,88e73d3129cc5189d3e93ecadb5f08c47703a36ca5fc9416327aa2a7e0a1f6d3
raw_data/single_model_canonical_48/data/gpt-5/agents-20/ec-mag1-n20-run01/agents.jsonl,4675,0.004,8602c60ed4fa5da8e81976f43cb2a74c5bb3f95e8d7d0ebbbb6c1cdb8c545a78
raw_data/single_model_canonical_48/data/gpt-5/agents-20/ec-mag1-n20-run01/logs.tar.gz,978210,0.933,5ffed6563d28178108b828ce4e4f9092407ff9c5bc31e112fecdad8031c4dc51
raw_data/single_model_canonical_48/data/gpt-5/agents-20/ec-mag1-n20-run01/metadata.json,401,0.0,cb2b09ca2080458c0155c18c16c6cbf4bf7b0550fbbed56f5101bed99fac9c74
raw_data/single_model_canonical_48/data/gpt-5/agents-20/ec-mag1-n20-run01/posts.jsonl,695230,0.663,a95c0d99efabb75cf466d0be1eee41d6b1ce105a5d0de0158004704bc9df28f7
raw_data/single_model_canonical_48/data/gpt-5/agents-20/ec-mag25-n20-run01/agents.jsonl,4674,0.004,9adaa65f12b050e911f6729703e800ecdea4f9e819032479d4398673ca76a985
raw_data/single_model_canonical_48/data/gpt-5/agents-20/ec-mag25-n20-run01/logs.tar.gz,2532280,2.415,040619454ef2670ba6b3956fefe2b8145429c4a70f21476d3bea15ad96b638e4
raw_data/single_model_canonical_48/data/gpt-5/agents-20/ec-mag25-n20-run01/metadata.json,408,0.0,612f46fa2c83b1541a613caba4b40845f3d9ee61a04a80111726fede753c6f8f
raw_data/single_model_canonical_48/data/gpt-5/agents-20/ec-mag25-n20-run01/posts.jsonl,1420727,1.355,a81dde1ff63f6268c8771e48b7abf5e2c1d87e640fa1480c91c8c64a9da25313
raw_data/single_model_canonical_48/data/gpt-5/agents-20/ec-mag5-n20-run01/agents.jsonl,4674,0.004,0e521daed8ed6fbff2881ce1724c08dbfdd966fc0c481f21a47e2a35eea29881
raw_data/single_model_canonical_48/data/gpt-5/agents-20/ec-mag5-n20-run01/logs.tar.gz,923805,0.881,926dc444f2efacac962bebf31ba32fe1d9e78c50fe09c64539bb6bf239868eb0
raw_data/single_model_canonical_48/data/gpt-5/agents-20/ec-mag5-n20-run01/metadata.json,400,0.0,f5bdd88eb8a498943675f0a5d6e6ff95527970d280440d93e4ca8f4f3d158d4d
raw_data/single_model_canonical_48/data/gpt-5/agents-20/ec-mag5-n20-run01/posts.jsonl,668543,0.638,e8bc46c252f37b3a07aef69c8b93fe57fb5b81343b746ad0574b7d1795e08f87
raw_data/single_model_canonical_48/data/gpt-5/agents-30/ec-dom-agi-n30-run01/agents.jsonl,6691,0.006,05301a39ee6f4e17a524c38e615c32002c14d15d464c6ef4f799d0827457da57
raw_data/single_model_canonical_48/data/gpt-5/agents-30/ec-dom-agi-n30-run01/logs.tar.gz,1456820,1.389,8f5218ddfd36862d45e969feced4d9d3e60165339f106e5ad89a148f1b092b64
raw_data/single_model_canonical_48/data/gpt-5/agents-30/ec-dom-agi-n30-run01/metadata.json,407,0.0,6ddb8180b01d94c6686193baa97c6b9a8806dc618f5e941e57a4bf853fca2be4
raw_data/single_model_canonical_48/data/gpt-5/agents-30/ec-dom-agi-n30-run01/posts.jsonl,1195887,1.14,9910f8b894d0e6950d21abeddfa56424abdfeec78f8b7cee42cda65a225675af
raw_data/single_model_canonical_48/data/gpt-5/agents-30/ec-dom-tech-n30-run01/agents.jsonl,6691,0.006,e00595f141a917d12bdd8bed5eaa5764b9ed60ea7245b5ff82c976d26a82ee37
raw_data/single_model_canonical_48/data/gpt-5/agents-30/ec-dom-tech-n30-run01/logs.tar.gz,1452610,1.385,37b1a174d68d03a3a279c16bec9a7c8041ec045078a368b219f83e47cb5a89dc
raw_data/single_model_canonical_48/data/gpt-5/agents-30/ec-dom-tech-n30-run01/metadata.json,409,0.0,b487d0569f850db6de7806462d4c9a78001d878017694c159bfdd4ea16f3995c
raw_data/single_model_canonical_48/data/gpt-5/agents-30/ec-dom-tech-n30-run01/posts.jsonl,1240408,1.183,96efe4ef87d2092eb07268c6ddbe1a9799c6991c4c5c5555ed5448d1c3096917
raw_data/single_model_canonical_48/data/gpt-5/agents-30/ec-mag0-n30-run01/agents.jsonl,6513,0.006,2d10c44c1d504cded49caf6fa77681d70054ffd9b2f036f1dedfc353f7429895
raw_data/single_model_canonical_48/data/gpt-5/agents-30/ec-mag0-n30-run01/comments.jsonl,14292,0.014,e0211cf09cf643bccf59efe6aabc5aac88cbd0c1b9e835c93e4e91039e910e31
raw_data/single_model_canonical_48/data/gpt-5/agents-30/ec-mag0-n30-run01/logs.tar.gz,1666443,1.589,8f3b739cc0b5a4ab2dc9e8da2a3246f390e982d5dba99efce9d941296d95edb7
raw_data/single_model_canonical_48/data/gpt-5/agents-30/ec-mag0-n30-run01/metadata.json,402,0.0,a9330b43a3edf029e668d1289cb86446142fc5defb094624911bf9baebdb1cfe
raw_data/single_model_canonical_48/data/gpt-5/agents-30/ec-mag0-n30-run01/posts.jsonl,1008125,0.961,793f0a72c894a50ab39217399d02876396957b5c61aad70ddb326362dd50da9b
raw_data/single_model_canonical_48/data/gpt-5/agents-30/ec-mag1-n30-run01/agents.jsonl,6691,0.006,3d971d6958e68de31a97c0b2ebc3b32c35b03cceddff73bc1e1f76ccbaf2c604
raw_data/single_model_canonical_48/data/gpt-5/agents-30/ec-mag1-n30-run01/logs.tar.gz,1573344,1.5,db8fda6eaa4937cf78b9470df3ea14d65031693b6b6e878e4190ce91bb61620a
raw_data/single_model_canonical_48/data/gpt-5/agents-30/ec-mag1-n30-run01/metadata.json,401,0.0,916252fdb039f6d8b3555428dc60e2ebe67a8573e691d33ced35a23e884046de
raw_data/single_model_canonical_48/data/gpt-5/agents-30/ec-mag1-n30-run01/posts.jsonl,1056846,1.008,7d8c096000ec192446e0590f3b5c35ec6ebce8f7626ded031b6ba8b56fa1ae3e
raw_data/single_model_canonical_48/data/gpt-5/agents-30/ec-mag25-n30-run01/agents.jsonl,6691,0.006,83e7597e12c68f75e0af71b2e4beea1938a2b0edfc4d3bbcb8d26c7fada91cd8
raw_data/single_model_canonical_48/data/gpt-5/agents-30/ec-mag25-n30-run01/comments.jsonl,890,0.001,490287a36806691fe5aef314c22c5143e2fa7657cfb9e46f6950b2925b6482aa
raw_data/single_model_canonical_48/data/gpt-5/agents-30/ec-mag25-n30-run01/logs.tar.gz,1516385,1.446,5695b896faa08028b310bdee9a3461af3239c8813c8bcc706843eca083d6fffb
raw_data/single_model_canonical_48/data/gpt-5/agents-30/ec-mag25-n30-run01/metadata.json,403,0.0,51b9813831d7801275e479b1f800117f23dc8481f3af2e8a6d9894487f15804d
raw_data/single_model_canonical_48/data/gpt-5/agents-30/ec-mag25-n30-run01/posts.jsonl,1438630,1.372,feb18a13fdeab52123ceed25bb6a3f7e9759b8d60d9d2c703255cfd4c858c800
raw_data/single_model_canonical_48/data/gpt-5/agents-30/ec-mag5-n30-run01/agents.jsonl,6691,0.006,ec3de30d8bc99549b0e4b428745324aeef4917d0ba589b3aefeb5935233ed56e
raw_data/single_model_canonical_48/data/gpt-5/agents-30/ec-mag5-n30-run01/logs.tar.gz,1468478,1.4,cfbfeffd89deed09c495ac48d0cc80660f9fa4a72ccee50801fb22ed2435480e
raw_data/single_model_canonical_48/data/gpt-5/agents-30/ec-mag5-n30-run01/metadata.json,401,0.0,171e9fb89f33d69356269f07a7acccb7f56d020b72e16403aeb1fb9d74115285
raw_data/single_model_canonical_48/data/gpt-5/agents-30/ec-mag5-n30-run01/posts.jsonl,1072714,1.023,387d12da4834639d1f1b2f5da8edbcf99cc498360bf2850234abecac29b634da
raw_data/single_model_canonical_48/data/kimi-k2.5/agents-10/ec-dom-agi-n10-run01/agents.jsonl,2695,0.003,6b52bfaf41512fb57de79c3d710bcbc0e2d6d50a33c5bf93333af9d7ed068f8e
raw_data/single_model_canonical_48/data/kimi-k2.5/agents-10/ec-dom-agi-n10-run01/comments.jsonl,60917,0.058,f0fb3b73a377a39c9c66345f407dcd2947c22e3569202648a17aa4fff7e5fb46
raw_data/single_model_canonical_48/data/kimi-k2.5/agents-10/ec-dom-agi-n10-run01/logs.tar.gz,1478425,1.41,42e9c401b0496a18e04bb01c148ed77396fb97f9c7979505e09df47bce6860a0
raw_data/single_model_canonical_48/data/kimi-k2.5/agents-10/ec-dom-agi-n10-run01/metadata.json,428,0.0,53bf3d8830a0c0cde32ae17c461ae1b5ac8ad48ab8e034dda2eef91770cf4ddf
raw_data/single_model_canonical_48/data/kimi-k2.5/agents-10/ec-dom-agi-n10-run01/posts.jsonl,670208,0.639,650649c55d8157062e30bddbf84b6a5e9b604f106f7145582c53dfc57f6766c9
raw_data/single_model_canonical_48/data/kimi-k2.5/agents-10/ec-dom-tech-n10-run01/agents.jsonl,2690,0.003,a79f00db4c08184d5b64e45a0496f38d76b82471071ce87a6964692eaaea65fa
raw_data/single_model_canonical_48/data/kimi-k2.5/agents-10/ec-dom-tech-n10-run01/comments.jsonl,1232,0.001,adbb6897ee1bbfacc5566c7c14552e877c767580c8302295ed0fcad969747ab9
raw_data/single_model_canonical_48/data/kimi-k2.5/agents-10/ec-dom-tech-n10-run01/logs.tar.gz,1282216,1.223,066c20a9997d25b521b254c9059b8f57213f82ff2096fa6c30e7e7b3a74e384f
raw_data/single_model_canonical_48/data/kimi-k2.5/agents-10/ec-dom-tech-n10-run01/metadata.json,428,0.0,e52561f7506ec929ffbe9d004a932b709fe3d38c268644a5e51ab924deb5a0a3
raw_data/single_model_canonical_48/data/kimi-k2.5/agents-10/ec-dom-tech-n10-run01/posts.jsonl,779696,0.744,d60a6da01fd96cb6d05503ec1d35c51912a8b44dde24ae41eea17e749fde77ea
raw_data/single_model_canonical_48/data/kimi-k2.5/agents-10/ec-mag0-n10-run01/agents.jsonl,2515,0.002,4e7e524720438366c88f70d887086cceabc3f6d8c30ff91b19aa5ec7a3c56fb3
raw_data/single_model_canonical_48/data/kimi-k2.5/agents-10/ec-mag0-n10-run01/comments.jsonl,104851,0.1,566a46143ebf4e3256f7aff4f652556eb53e06091a4d1f6e2f10c59eb80df39a
raw_data/single_model_canonical_48/data/kimi-k2.5/agents-10/ec-mag0-n10-run01/logs.tar.gz,1210023,1.154,5b6627231f3d546b95db90a290540005562adaa4ccbbbdc744e32fb04e81a797
raw_data/single_model_canonical_48/data/kimi-k2.5/agents-10/ec-mag0-n10-run01/metadata.json,422,0.0,3197bc87e8a1f2e3ab2c7448f2871e5fd38942bf6403b838331fdda74347e144
raw_data/single_model_canonical_48/data/kimi-k2.5/agents-10/ec-mag0-n10-run01/posts.jsonl,529899,0.505,db82bede0bda97695720312ea89c88921d0c1ab98ccb3bf6480c98f49d477ec5
raw_data/single_model_canonical_48/data/kimi-k2.5/agents-10/ec-mag1-n10-run01/agents.jsonl,2692,0.003,cfcf8a459dc0b84a076f67bcbe22f1a1c31c0aec84bf25b5a57ba892e348b897
raw_data/single_model_canonical_48/data/kimi-k2.5/agents-10/ec-mag1-n10-run01/comments.jsonl,226428,0.216,8a47c1204278ee3958f0a0f4623727ba278a40adbed2bfd43257f310e38cf16b
raw_data/single_model_canonical_48/data/kimi-k2.5/agents-10/ec-mag1-n10-run01/logs.tar.gz,1175429,1.121,c6934bfddc1e1146de155308a077bbc75b516c438b000e4bd388628bc339e26f
raw_data/single_model_canonical_48/data/kimi-k2.5/agents-10/ec-mag1-n10-run01/metadata.json,421,0.0,33175e264897e1645062d8ba30b01797a3b72e7227048dbb24362e507d84c1e4
raw_data/single_model_canonical_48/data/kimi-k2.5/agents-10/ec-mag1-n10-run01/posts.jsonl,538843,0.514,b34b2b422f6051eac23417c1c0e4445c7bbd97c757c30d45f100a34804df9251
raw_data/single_model_canonical_48/data/kimi-k2.5/agents-10/ec-mag25-n10-run01/agents.jsonl,2691,0.003,756ec74a1e59971354490e2913bffc5846d8883a64cd15aa3388e620d8180c07
raw_data/single_model_canonical_48/data/kimi-k2.5/agents-10/ec-mag25-n10-run01/comments.jsonl,16870,0.016,252c3dfe0960b9beacd51f82de037f275758fbdf9512495b59adb9c44d5e14fa
raw_data/single_model_canonical_48/data/kimi-k2.5/agents-10/ec-mag25-n10-run01/logs.tar.gz,1652257,1.576,b9095d20cd0c9fd4eafc74e3282665880a0684f07756aa5d9b3e8261577dd2f7
raw_data/single_model_canonical_48/data/kimi-k2.5/agents-10/ec-mag25-n10-run01/metadata.json,423,0.0,9e70a1f9916b9855dc651b73b8bdd60bb1271977c29aa744dd9a8d30b161db30
raw_data/single_model_canonical_48/data/kimi-k2.5/agents-10/ec-mag25-n10-run01/posts.jsonl,656958,0.627,158be2f6a495355e27f42181fb3a7e2689f6ba2a6b44e91fade49f3288c00616
raw_data/single_model_canonical_48/data/kimi-k2.5/agents-10/ec-mag5-n10-run01/agents.jsonl,2693,0.003,ba36ecbd05b4b1cbc07aa5b783fc03ea5b403c2c52bae5c27edb35aee21ca788
raw_data/single_model_canonical_48/data/kimi-k2.5/agents-10/ec-mag5-n10-run01/comments.jsonl,37294,0.036,23f30b215700af36e710f842498321eb8d37706ac7e1301f6e5a6e0f29e88bcc
raw_data/single_model_canonical_48/data/kimi-k2.5/agents-10/ec-mag5-n10-run01/logs.tar.gz,1366840,1.304,931479db2b9307c57ae2d85a704661a518f274070cc9f4466f62c7d8ffdd1890
raw_data/single_model_canonical_48/data/kimi-k2.5/agents-10/ec-mag5-n10-run01/metadata.json,421,0.0,6845345e2a626f1f05aff13c6068ee5385601506a5ef852b47095682f2b96745
raw_data/single_model_canonical_48/data/kimi-k2.5/agents-10/ec-mag5-n10-run01/posts.jsonl,768411,0.733,170b884c225cfa7021586b1c015894ba68c4a9c65cbba4f1f5328d9a6e05d2c1
raw_data/single_model_canonical_48/manifest.json,26555,0.025,af2d9183f9abf252305c5108e117899491cad3427d123b00fb673066701a9650
raw_data/single_model_canonical_48/retimestamp_summary.json,8430,0.008,7259655902a03f0c58d735cd3d7a8a79872c0e183585fea32a69a237a493ddf6
scripts/ayush-analysis-figures.py,5391,0.005,ae50adb007b58f7c1a6d41aac46a075f47e24dca2ba87713453dd26b155ced84
scripts/ayush-analysis-plan-execute.py,54559,0.052,a21d857cb3fd2b768ed14a6cc808168c27f5c9c136af85b77551a2f1283e86fa
scripts/ayush-blind-llm-judge.py,22123,0.021,7721c1f900be6b9f4b78ba2f09a329e1749804c0f38559c068877e85832cec03
scripts/ayush-final-report.py,11564,0.011,3ab475668ed896594280a3b78563c45399354bccdd1e8020c0f0177983440f12
scripts/ayush-finalize-judge-results.py,4012,0.004,e308cd89be02bdc47a26ccc85e1950e7f172c088dd4d1258d3c2536b09aae568
scripts/ayush-judge-status.py,3857,0.004,6e031b105192ff7a91f45ba80d93d3fd58d808726f1b805373a74ed5fe8f450d
scripts/ayush-topic-convergence.py,23261,0.022,a4bffad1cc6146af7f8b191a60d7cb94994f1efe82392a901dec6fac51c5f722
