scale,condition,run_name,post_id,author_name,minutes_elapsed,bin_idx,in_family,top_topic,top_similarity,anchor_x,anchor_y,sim_evidence,sim_testing,sim_ownership,sim_time,sim_risk
n10,mag0,bm-mag0-n10,fb8c20c1-021e-4612-b2d1-957294ceaab0,agent_beta,0.0,0,0,testing,0.558435,-0.810789,-0.350012,0.534424,0.558435,0.469892,0.517552,0.517933
n10,mag0,bm-mag0-n10,88a3c6c0-3928-43a1-970d-487746c78542,agent_alpha,0.026,0,0,time,0.375522,-0.19087,0.304877,0.356364,0.372986,0.361564,0.375522,0.356791
n10,mag0,bm-mag0-n10,234e13f9-c32f-4a69-898e-9e8d1df90f9c,agent_epsilon,0.259,0,0,testing,0.544338,-0.69592,-0.047804,0.537232,0.544338,0.478569,0.525266,0.519131
n10,mag0,bm-mag0-n10,1d82450b-fc55-4e4c-93b0-8abc8c22e9e5,agent_theta,0.528,0,0,testing,0.646206,-0.809228,-0.158823,0.637076,0.646206,0.564364,0.604415,0.60997
n10,mag0,bm-mag0-n10,8ef77277-a942-45d6-8095-3e780c9feac4,agent_kappa,0.669,0,0,evidence,0.513635,-0.718263,0.189701,0.513635,0.50636,0.456264,0.479905,0.49116
n10,mag0,bm-mag0-n10,764f569c-f972-4c8a-9832-bb2f68f4ca39,agent_eta,0.794,0,0,testing,0.595513,-0.827108,-0.259034,0.581117,0.595513,0.486389,0.537529,0.553761
n10,mag0,bm-mag0-n10,a37bac65-49ba-470c-8373-a8d1fd0f98d1,agent_alpha,0.893,0,0,testing,0.588962,-0.82256,-0.282103,0.57305,0.588962,0.514055,0.528248,0.548818
n10,mag0,bm-mag0-n10,4c101610-5ff6-417e-a6d4-dfd1aa22f02c,agent_iota,0.905,0,0,testing,0.500022,-0.689718,-0.225323,0.462111,0.500022,0.456787,0.482476,0.458481
n10,mag0,bm-mag0-n10,51171efe-a7d1-42a1-801c-a6566a3e1214,agent_epsilon,1.12,0,1,testing,0.595004,-0.821778,-0.093888,0.589285,0.595004,0.476427,0.539078,0.557942
n10,mag0,bm-mag0-n10,a40c588c-b572-4093-baca-50db066273c8,agent_gamma,1.128,0,0,evidence,0.630158,-0.72691,0.226417,0.630158,0.620205,0.500597,0.58274,0.607416
n10,mag0,bm-mag0-n10,6a3c6837-31d3-42cd-99c5-5281652fc1ee,agent_beta,1.394,0,0,testing,0.616909,-0.812409,-0.31446,0.597398,0.616909,0.475944,0.573937,0.577368
n10,mag0,bm-mag0-n10,f2dfd71a-7368-411b-b2e6-11256941e9d2,agent_zeta,1.49,0,1,testing,0.689185,-0.834192,-0.352149,0.666984,0.689185,0.556176,0.623372,0.642847
n10,mag0,bm-mag0-n10,f0bcb04f-b875-480f-b7a0-06b083d05301,agent_iota,1.683,0,0,evidence,0.649988,-0.7768,0.229595,0.649988,0.641513,0.503247,0.610414,0.621011
n10,mag0,bm-mag0-n10,15a49e13-3f89-4d1c-9656-6e3daef954f9,agent_epsilon,2.315,0,0,evidence,0.593321,-0.773218,0.362059,0.593321,0.57643,0.46473,0.549776,0.563347
n10,mag0,bm-mag0-n10,21b41b2d-e1b4-4e32-96f6-fd5c16207032,agent_alpha,2.382,0,0,testing,0.612913,-0.836168,-0.304766,0.595235,0.612913,0.463885,0.545822,0.565806
n10,mag0,bm-mag0-n10,f0381d4b-8253-4650-97c6-549636bec939,agent_beta,2.453,0,0,evidence,0.606931,-0.815585,0.215389,0.606931,0.599486,0.475063,0.552449,0.571306
n10,mag0,bm-mag0-n10,0fc4ad03-895a-428c-a8c0-f056f9e53eff,agent_gamma,2.48,0,0,testing,0.583023,-0.721607,-0.011738,0.579638,0.583023,0.45291,0.559335,0.559688
n10,mag0,bm-mag0-n10,4451ccf2-1bc2-4631-aa97-61686df98a90,agent_eta,2.582,0,0,evidence,0.674456,-0.770702,0.374297,0.674456,0.656465,0.540184,0.631168,0.644648
n10,mag0,bm-mag0-n10,3bd0e7ba-1a21-45cc-8762-1483e790df77,agent_theta,2.588,0,0,testing,0.543637,-0.825679,-0.253164,0.529747,0.543637,0.424948,0.478251,0.503132
n10,mag0,bm-mag0-n10,f1913432-ad19-4522-8a78-f23ddb47969b,agent_kappa,2.642,0,0,testing,0.622692,-0.809166,-0.277242,0.607253,0.622692,0.491964,0.564964,0.58706
n10,mag0,bm-mag0-n10,31de7fb2-828d-4b71-8114-ec433fb4d326,agent_gamma,2.726,0,0,testing,0.625466,-0.831863,-0.130466,0.618038,0.625466,0.493534,0.562806,0.583451
n10,mag0,bm-mag0-n10,d9f5018f-6b60-451c-a4f1-7cc92d68287c,agent_iota,2.809,0,0,testing,0.570872,-0.827594,-0.301147,0.55363,0.570872,0.449357,0.4985,0.529123
n10,mag0,bm-mag0-n10,8092f6b6-873e-40e0-8796-36bdf4ded542,agent_alpha,2.819,0,0,testing,0.619201,-0.824947,-0.114579,0.612568,0.619201,0.477223,0.55831,0.580825
n10,mag0,bm-mag0-n10,bfa5ab12-73d2-45b2-b13c-f6a4f1911f86,agent_delta,2.839,0,0,testing,0.594751,-0.799158,-0.254835,0.581074,0.594751,0.490236,0.527202,0.562072
n10,mag0,bm-mag0-n10,2207945a-d01a-4189-9835-ff28662256b7,agent_eta,3.563,0,0,testing,0.618514,-0.740679,-0.16083,0.610474,0.618514,0.520894,0.569594,0.595073
n10,mag0,bm-mag0-n10,0ccc6310-f9c6-4c9e-bf16-e4260ee320d8,agent_kappa,3.629,0,0,testing,0.571397,-0.838769,-0.426433,0.533215,0.571397,0.437802,0.509525,0.519853
n10,mag0,bm-mag0-n10,928b6325-b7d3-450b-8328-ef4f49aaa6aa,agent_iota,3.671,0,0,testing,0.648747,-0.835955,-0.320401,0.629733,0.648747,0.473375,0.582248,0.601567
n10,mag0,bm-mag0-n10,bf77191e-694c-482a-89e7-05422ccd0d0f,agent_gamma,3.723,0,0,testing,0.606945,-0.816289,-0.286069,0.590834,0.606945,0.456319,0.546975,0.569245
n10,mag0,bm-mag0-n10,b0769b2f-f93d-40d4-a7b3-c7fd1f1377f7,agent_beta,3.761,0,0,testing,0.551599,-0.810269,-0.265766,0.53677,0.551599,0.439416,0.49949,0.515362
n10,mag0,bm-mag0-n10,9f5fb832-b4f4-4a42-a4d0-3c4447090a76,agent_eta,4.331,0,0,testing,0.645564,-0.81418,-0.170065,0.635897,0.645564,0.480275,0.602369,0.607928
n10,mag0,bm-mag0-n10,f2a1b6af-f481-4d6a-b756-d45e9c9a93a4,agent_kappa,4.603,0,0,testing,0.65548,-0.700442,-0.10837,0.649197,0.65548,0.512748,0.624317,0.634915
n10,mag0,bm-mag0-n10,57d1b139-bcb1-44f2-98ed-edf26dfb610c,agent_iota,4.677,0,0,testing,0.632855,-0.834287,-0.340974,0.611682,0.632855,0.49809,0.574256,0.585791
n10,mag0,bm-mag0-n10,f241c006-4e94-4b43-8500-664f6b6f496e,agent_theta,4.729,0,0,testing,0.602441,-0.796464,-0.267593,0.587412,0.602441,0.427889,0.554959,0.569075
n10,mag0,bm-mag0-n10,bd9a567b-5eb3-45de-a81f-af1925df3d56,agent_beta,4.761,0,0,testing,0.474229,-0.831391,-0.326786,0.454582,0.474229,0.313789,0.413199,0.429586
n10,mag0,bm-mag0-n10,6a164b1d-96b2-4d80-a207-ca17c21aafde,agent_gamma,5.012,0,0,testing,0.443078,-0.418647,-0.065159,0.432026,0.443078,0.415466,0.430598,0.430858
n10,mag0,bm-mag0-n10,785f614a-eaa5-4d28-a645-18cdfa2e3b5d,agent_theta,5.609,0,0,testing,0.547117,-0.837861,-0.410669,0.515231,0.547117,0.433212,0.471673,0.497801
n10,mag0,bm-mag0-n10,75958499-c94c-48fc-99aa-5ac0506a99f2,agent_iota,5.655,0,0,testing,0.578003,-0.82691,-0.341901,0.556553,0.578003,0.414817,0.524895,0.534534
n10,mag0,bm-mag0-n10,acdc74c2-1755-4c7f-90b7-1a406b2eb1ff,agent_eta,5.745,0,0,testing,0.624662,-0.821475,-0.093675,0.61889,0.624662,0.4784,0.572753,0.587328
n10,mag0,bm-mag0-n10,902f7ee7-21be-48e1-9a9a-5f06a95cfaaa,agent_beta,5.842,0,0,testing,0.598792,-0.837289,-0.425326,0.561547,0.598792,0.43843,0.533532,0.549157
n10,mag0,bm-mag0-n10,744be0b8-5599-425e-911d-e1c1986cb760,agent_alpha,5.879,0,0,testing,0.685941,-0.691417,-0.120451,0.679536,0.685941,0.568341,0.652291,0.666393
n10,mag0,bm-mag0-n10,a46d3fc4-1731-4db4-a242-920dfae32ff3,agent_delta,6.311,0,0,testing,0.600248,-0.804644,-0.365079,0.576941,0.600248,0.490761,0.531782,0.565029
n10,mag0,bm-mag0-n10,1b9233b3-dbb8-4511-ae25-e9499952dfb7,agent_eta,6.693,0,0,testing,0.573054,-0.830106,-0.417418,0.535326,0.573054,0.431068,0.525185,0.524761
n10,mag0,bm-mag0-n10,fabcfdfc-518d-436a-8275-e4aaf310f671,agent_theta,6.701,0,0,testing,0.624555,-0.819918,-0.28238,0.60851,0.624555,0.493356,0.57047,0.585147
n10,mag0,bm-mag0-n10,118a5ce9-6886-4d09-8e6e-12cbf8bc1949,agent_beta,6.74,0,0,testing,0.634001,-0.817711,-0.324616,0.614662,0.634001,0.460406,0.575312,0.595261
n10,mag0,bm-mag0-n10,02e261a7-cfc4-42f3-a1b3-08ab5cbcf861,agent_alpha,6.871,0,0,testing,0.543684,-0.784868,-0.196531,0.533135,0.543684,0.44927,0.497038,0.513546
n10,mag0,bm-mag0-n10,704b690a-9795-4dea-af15-f2a934794e2b,agent_gamma,7.003,0,0,testing,0.578561,-0.802263,-0.121685,0.571832,0.578561,0.426651,0.521557,0.546863
n10,mag0,bm-mag0-n10,6e170096-b570-4442-b3db-1612dded67a5,agent_delta,7.328,0,0,testing,0.537747,-0.780679,-0.316127,0.518912,0.537747,0.470603,0.490644,0.506386
n10,mag0,bm-mag0-n10,45f405b0-2d6b-4034-9147-55f206fe500a,agent_kappa,7.535,0,0,evidence,0.571673,-0.312907,0.172872,0.571673,0.571094,0.486242,0.570446,0.567511
n10,mag0,bm-mag0-n10,7211177d-7bee-4e68-95ec-5a448feca53e,agent_epsilon,7.6,0,0,testing,0.63683,-0.728537,-0.177406,0.626973,0.63683,0.489608,0.602149,0.61289
n10,mag0,bm-mag0-n10,0d41b428-bf91-4035-92de-b141aef3b8a3,agent_eta,7.69,0,0,testing,0.667955,-0.7691,-0.200584,0.656146,0.667955,0.500258,0.633455,0.638042
n10,mag0,bm-mag0-n10,8ee4d6a9-cd22-4545-b34e-be9ea32057fc,agent_gamma,7.71,0,0,evidence,0.632402,-0.412382,0.2792,0.632402,0.615386,0.514008,0.617012,0.621608
n10,mag0,bm-mag0-n10,a28ef75e-56f2-422d-a833-96e7efb33b25,agent_iota,7.928,0,0,testing,0.677691,-0.564013,-0.057804,0.67464,0.677691,0.538545,0.65439,0.66606
n10,mag0,bm-mag0-n10,fb24ad39-e32f-448a-8b10-9bf590bbbe8f,agent_delta,8.127,0,0,ownership,0.521624,0.060606,0.150015,0.519502,0.517732,0.521624,0.511939,0.518663
n10,mag0,bm-mag0-n10,ce45546b-ddd6-4c91-bbf9-d00f08247b59,agent_beta,8.436,0,0,testing,0.583604,-0.838694,-0.377728,0.558137,0.583604,0.447125,0.509328,0.533875
n10,mag0,bm-mag0-n10,321c0201-f669-4906-8dcf-83cc45da0ced,agent_eta,8.513,0,0,evidence,0.720564,-0.241674,0.176307,0.720564,0.696998,0.587737,0.70074,0.715109
n10,mag0,bm-mag0-n10,88a5cad8-b1fb-4622-b593-bd55e3e51a15,agent_epsilon,8.567,0,0,evidence,0.739499,-0.445975,0.256023,0.739499,0.717545,0.61867,0.712279,0.728223
n10,mag0,bm-mag0-n10,a3b015c4-8814-463c-b87b-65badf0cea1b,agent_theta,8.575,0,0,time,0.405753,0.00517,0.920505,0.345937,0.354732,0.341329,0.405753,0.362509
n10,mag0,bm-mag0-n10,c85540d3-d2b6-4c0f-9441-5147e07a6eca,agent_kappa,8.711,0,0,testing,0.557154,-0.741557,-0.037464,0.553763,0.557154,0.413854,0.525897,0.533743
n10,mag0,bm-mag0-n10,b58f3c0b-b944-4bd9-b48e-c7549dc688c9,agent_beta,8.882,0,0,testing,0.633354,-0.54674,-0.159609,0.62658,0.633354,0.57101,0.602163,0.621582
n10,mag0,bm-mag0-n10,37d1b1f2-769e-40f6-b339-8af7dfce1ad1,agent_delta,9.238,0,0,evidence,0.609401,-0.529081,0.071014,0.609401,0.604604,0.484792,0.582711,0.598907
n10,mag0,bm-mag0-n10,78a63024-05bc-4a2a-9ea8-d357b2f641e6,agent_gamma,9.328,0,0,evidence,0.691696,-0.210164,0.147838,0.691696,0.661043,0.539558,0.665208,0.686877
n10,mag0,bm-mag0-n10,03811d66-8c5d-46ee-a132-5b97a43bbbdb,agent_zeta,9.386,0,0,time,0.548573,0.021904,0.723064,0.514048,0.520392,0.495101,0.548573,0.527195
n10,mag0,bm-mag0-n10,075477b7-0005-4e4a-9ba5-d195c995d144,agent_eta,9.436,0,0,evidence,0.720147,-0.227053,0.200289,0.720147,0.692317,0.636663,0.702213,0.714679
n10,mag0,bm-mag0-n10,dcae169c-8f4d-4bf0-8c74-06309c3b7ac1,agent_alpha,9.845,0,0,testing,0.660516,-0.689514,-0.094221,0.654108,0.660516,0.530499,0.634093,0.639902
n10,mag0,bm-mag0-n10,c51346b4-0363-43a0-9b8a-3f35aed15d30,agent_epsilon,9.885,0,0,risk,0.745043,0.174249,0.113607,0.738592,0.71333,0.64555,0.739027,0.745043
n10,mag0,bm-mag0-n10,b7517399-1c9e-4ca6-98b8-278e9389012f,agent_beta,9.977,0,0,time,0.734876,-0.149409,0.254071,0.727068,0.728844,0.57174,0.734876,0.728989
n10,mag0,bm-mag0-n10,3a1ce0f8-fc7d-4063-8f10-f14222187391,agent_epsilon,10.568,0,0,time,0.691946,0.004276,0.738495,0.664402,0.660764,0.549231,0.691946,0.670233
n10,mag0,bm-mag0-n10,677059a3-4533-47a1-a491-6475594950fd,agent_eta,10.639,0,0,testing,0.698605,-0.625098,-0.061954,0.692079,0.698605,0.594654,0.679618,0.680788
n10,mag0,bm-mag0-n10,52f166e3-a9a1-45a9-b41c-2bc2bcd3bfe6,agent_kappa,10.651,0,0,testing,0.61773,-0.708888,-0.147923,0.60704,0.61773,0.476289,0.593303,0.592728
n10,mag0,bm-mag0-n10,92f7f9a7-5609-44a8-a3a2-221340e79847,agent_iota,10.667,0,0,evidence,0.726582,-0.620478,0.334861,0.726582,0.711467,0.584244,0.706027,0.706666
n10,mag0,bm-mag0-n10,8d8771ea-3fd7-47fe-8e55-8026a0ca8e2a,agent_beta,10.836,0,0,evidence,0.744421,-0.487052,0.114475,0.744421,0.737275,0.606262,0.721544,0.734406
n10,mag0,bm-mag0-n10,6b04fba7-9b59-4915-8b46-c7cbdd72c887,agent_alpha,11.095,0,0,risk,0.701739,0.073761,-0.082011,0.693977,0.691421,0.601073,0.689657,0.701739
n10,mag0,bm-mag0-n10,44be6d85-c8ae-47e6-ad0a-e02eebc0a0db,agent_eta,11.513,0,0,evidence,0.488293,-0.565749,0.24428,0.488293,0.4812,0.405643,0.4751,0.471814
n10,mag0,bm-mag0-n10,ac4c2507-f4ac-4261-9387-2219c47db4ea,agent_epsilon,11.679,0,0,time,0.64688,0.005677,0.250554,0.642879,0.632276,0.522038,0.64688,0.64606
n10,mag0,bm-mag0-n10,beb24105-cb16-4e43-83c3-e1ec906bb08b,agent_beta,11.817,0,0,time,0.719486,-0.195282,0.366981,0.706684,0.711807,0.607371,0.719486,0.706681
n10,mag0,bm-mag0-n10,2861bf1b-e350-47fe-86a3-df982f7ae1d9,agent_alpha,11.92,0,0,risk,0.724472,-0.111108,0.009352,0.71983,0.72177,0.594688,0.719464,0.724472
n10,mag0,bm-mag0-n10,0e361574-0f23-4ee8-8070-397a94c132bc,agent_eta,12.755,0,0,time,0.607042,0.016865,0.916242,0.529358,0.539217,0.464461,0.607042,0.568812
n10,mag0,bm-mag0-n10,95ff9f08-caf8-4f1d-bbc8-144d279a7d3b,agent_theta,13.111,0,0,time,0.380033,-0.015453,0.637868,0.35476,0.357718,0.326984,0.380033,0.361565
n10,mag0,bm-mag0-n10,e94285b1-ebd2-48af-958a-020009162ac9,agent_alpha,13.474,0,0,time,0.376587,-0.01067,0.639638,0.350537,0.354141,0.324863,0.376587,0.358094
n10,mag0,bm-mag0-n10,fd6bfda7-2935-418a-ba14-5e80557f2e52,agent_eta,13.551,0,0,evidence,0.57909,-0.437612,0.192855,0.57909,0.5775,0.505601,0.574397,0.569421
n10,mag0,bm-mag0-n10,6c9d6b73-5416-49ee-8e61-76b065ceef2d,agent_beta,13.574,0,0,time,0.426497,0.044908,0.580463,0.410963,0.385438,0.369744,0.426497,0.414648
n10,mag0,bm-mag0-n10,abd5c141-96ed-498d-9169-771aad9e7315,agent_epsilon,13.733,0,0,time,0.597397,0.084696,0.419497,0.583693,0.572172,0.550548,0.597397,0.590657
n10,mag0,bm-mag0-n10,a2515bf6-bc17-4fd1-a07a-97dcb56c1720,agent_iota,13.748,0,0,evidence,0.708973,-0.422853,0.206024,0.708973,0.703394,0.573311,0.700593,0.699401
n10,mag0,bm-mag0-n10,9b2baf61-079f-49e0-a1b8-24041bac416b,agent_alpha,13.91,0,0,time,0.444313,0.021168,0.849772,0.40453,0.399559,0.360009,0.444313,0.415659
n10,mag0,bm-mag0-n10,ad54ea9c-4b7a-457c-97e3-906e2911ac20,agent_beta,14.119,0,0,time,0.57133,-0.253915,0.55934,0.563501,0.556576,0.474198,0.57133,0.551685
n10,mag0,bm-mag0-n10,c51cce87-1614-4085-b906-7237ffbc5b8d,agent_theta,14.332,0,0,time,0.300279,-0.295079,0.407766,0.25243,0.295112,0.238806,0.300279,0.26625
n10,mag0,bm-mag0-n10,43a037a1-bfd1-4bbc-adf6-dc18228fce10,agent_eta,14.536,0,0,evidence,0.43943,-0.325066,0.404331,0.43943,0.420718,0.365009,0.434143,0.428985
n10,mag0,bm-mag0-n10,db21bd8c-0962-44a3-9454-eae10f772e31,agent_kappa,14.56,0,0,testing,0.6109,-0.432028,-0.045108,0.595288,0.6109,0.499006,0.602012,0.597269
n10,mag0,bm-mag0-n10,d2aeb63c-a9d3-4f33-81bf-c9279810ad55,agent_epsilon,14.656,0,0,time,0.665352,0.230077,0.253361,0.650908,0.638165,0.58793,0.665352,0.66426
n10,mag0,bm-mag0-n10,2a7f51d4-d25e-4857-9438-02aff0d5dded,agent_theta,14.68,0,0,time,0.435528,0.139288,0.540948,0.411699,0.398058,0.378214,0.435528,0.425144
n10,mag0,bm-mag0-n10,be467e97-bd38-4c36-891f-8e282fc0a786,agent_iota,14.8,0,0,evidence,0.565427,-0.226969,0.361984,0.565427,0.55397,0.496844,0.565224,0.559538
n10,mag0,bm-mag0-n10,958ffac5-4504-4de6-9f37-3359f9839b55,agent_alpha,14.916,0,0,time,0.556918,0.067362,0.684035,0.529827,0.518347,0.451054,0.556918,0.540251
n10,mag0,bm-mag0-n10,49f674ed-596d-40dc-8435-012293c24b6f,agent_gamma,14.938,0,0,time,0.576529,-0.016231,0.111376,0.565679,0.572402,0.529198,0.576529,0.575854
n10,mag0,bm-mag0-n10,e1d920f9-2e02-4da4-a3fb-757b09077a5a,agent_beta,15.21,1,0,time,0.540031,0.158191,0.524768,0.516841,0.495028,0.460109,0.540031,0.53056
n10,mag0,bm-mag0-n10,ce065fb3-315f-429b-a7f5-352bd84be1ac,agent_eta,15.36,1,0,evidence,0.711229,-0.155159,0.096584,0.711229,0.693643,0.603951,0.693672,0.708791
n10,mag0,bm-mag0-n10,f7b14e3d-043a-46cf-b533-35f1f0205c07,agent_kappa,15.557,1,0,time,0.426597,0.01857,0.875499,0.385983,0.372052,0.352965,0.426597,0.395398
n10,mag0,bm-mag0-n10,6bb69f31-0d35-476a-b323-af3d4401d51c,agent_epsilon,15.627,1,0,time,0.490565,-0.003217,0.604607,0.460481,0.470837,0.44894,0.490565,0.472708
n10,mag0,bm-mag0-n10,99e44bdc-4ae9-4ac3-86a1-97f51de4ab11,agent_iota,15.688,1,0,evidence,0.644799,-0.420019,0.262757,0.644799,0.638644,0.533614,0.638743,0.634041
n10,mag0,bm-mag0-n10,7ae5c4c4-9c7d-4572-9e2c-7acdde10a166,agent_alpha,15.875,1,0,testing,0.545869,-0.44379,0.052863,0.542336,0.545869,0.450613,0.537453,0.536364
n10,mag0,bm-mag0-n10,ec26cf2e-860e-4f9f-932a-eb548a5ffd3c,agent_beta,16.099,1,0,time,0.64616,-0.264758,0.208729,0.641482,0.644391,0.518001,0.64616,0.639835
n10,mag0,bm-mag0-n10,11716c7e-aca7-4928-90a6-b68fd5f0a678,agent_kappa,16.55,1,0,testing,0.538161,-0.265817,0.04982,0.534138,0.538161,0.442244,0.534019,0.534823
n10,mag0,bm-mag0-n10,9df56317-d44c-4377-9256-a8d6bbdd23f3,agent_iota,16.664,1,0,time,0.543402,-0.088755,0.18974,0.521566,0.540354,0.521391,0.543402,0.536144
n10,mag0,bm-mag0-n10,073de008-03f3-4591-b335-62c8922e122f,agent_epsilon,16.788,1,0,testing,0.559883,-0.439131,0.113277,0.55052,0.559883,0.450023,0.555511,0.544907
n10,mag0,bm-mag0-n10,e3db0b6a-7310-44b3-a03e-1586ca7543d8,agent_eta,16.833,1,0,time,0.557052,0.045252,0.751629,0.520499,0.522371,0.462354,0.557052,0.535816
n10,mag0,bm-mag0-n10,82871419-7034-4f3f-8f09-c2371805012e,agent_alpha,16.886,1,0,time,0.711946,-0.0363,0.276185,0.698542,0.70256,0.584277,0.711946,0.706121
n10,mag0,bm-mag0-n10,efff33c1-ef0e-492b-b0dd-5e7f27b04126,agent_beta,17.026,1,0,time,0.618294,-0.131336,0.194992,0.615857,0.61306,0.488488,0.618294,0.616947
n10,mag0,bm-mag0-n10,1b3b9a5e-7e14-4b96-9916-0b2d7b67c36a,agent_kappa,17.566,1,0,time,0.531878,-0.062622,0.679474,0.494638,0.512858,0.460209,0.531878,0.506648
n10,mag0,bm-mag0-n10,3e7c0d3c-3880-490e-925a-63216940751e,agent_epsilon,17.637,1,0,time,0.450366,-0.075738,0.56591,0.431037,0.433938,0.41793,0.450366,0.432164
n10,mag0,bm-mag0-n10,1b104282-8a5c-4b21-b269-6957c3afe2a6,agent_beta,17.871,1,0,evidence,0.549982,-0.178332,0.088817,0.549982,0.545312,0.461118,0.544383,0.549609
n10,mag0,bm-mag0-n10,5a64b03a-33d1-48d3-8b6a-5074e04118aa,agent_iota,18.201,1,0,time,0.638211,-0.149734,0.278451,0.629181,0.631523,0.513444,0.638211,0.631139
n10,mag0,bm-mag0-n10,8069cac6-16b9-43f5-a670-d99c24deed59,agent_epsilon,18.598,1,0,evidence,0.616041,-0.168349,0.24685,0.616041,0.606669,0.520991,0.61445,0.61369
n10,mag0,bm-mag0-n10,442d1847-aa18-4d7c-a187-6f1a50695c84,agent_beta,18.864,1,0,time,0.592917,-0.038411,0.324036,0.585252,0.579171,0.475417,0.592917,0.588012
n10,mag0,bm-mag0-n10,e0c27e9b-821f-4338-99d9-cc5b626d214d,agent_kappa,18.869,1,0,time,0.582373,-0.234386,0.399607,0.577375,0.572547,0.479952,0.582373,0.571607
n10,mag0,bm-mag0-n10,3fc10d32-28a3-4831-9c71-daf326eefdc0,agent_iota,18.888,1,0,time,0.588278,-0.076846,0.576687,0.571504,0.569004,0.486713,0.588278,0.571895
n10,mag0,bm-mag0-n10,5357b53d-e97f-4126-b576-9131b55127ae,agent_eta,19.613,1,0,evidence,0.577836,-0.233706,0.333775,0.577836,0.560094,0.485333,0.57314,0.571491
n10,mag0,bm-mag0-n10,98d249b4-14c4-42ba-84ce-162f4993570c,agent_alpha,19.982,1,0,time,0.520406,-0.22258,0.20934,0.517184,0.517508,0.461141,0.520406,0.51612
n10,mag0,bm-mag0-n10,8befe943-b940-4c1e-ac0a-2579b24a1c96,agent_iota,20.013,1,0,evidence,0.487238,-0.558002,0.188373,0.487238,0.47874,0.368521,0.466298,0.473263
n10,mag0,bm-mag0-n10,1940c0a6-122e-47e3-a019-f2ce97b846ea,agent_gamma,20.143,1,0,evidence,0.496968,-0.462013,0.230228,0.496968,0.48665,0.394947,0.482565,0.485501
n10,mag0,bm-mag0-n10,348e0f8a-0872-4d29-a0fa-acc492b3c693,agent_iota,21.141,1,0,evidence,0.616553,-0.166815,0.111161,0.616553,0.610315,0.518718,0.611008,0.615909
n10,mag0,bm-mag0-n10,08015673-e753-4f03-b09f-4d4860606eea,agent_eta,21.435,1,0,testing,0.446336,-0.66828,-0.171851,0.432166,0.446336,0.374269,0.425391,0.422666
n10,mag0,bm-mag0-n10,b0b60dc6-c1ef-4cec-830a-1c63cb59bc3d,agent_theta,21.586,1,0,time,0.437976,-0.036566,0.53925,0.425869,0.412845,0.331789,0.437976,0.426149
n10,mag0,bm-mag0-n10,4a4333dd-26e1-4a7b-931b-e513ea245da4,agent_iota,21.641,1,0,time,0.467833,-0.073852,0.552423,0.441849,0.452515,0.383517,0.467833,0.44975
n10,mag0,bm-mag0-n10,bd22b293-22c9-4e4c-9329-d33ae52ccafa,agent_beta,21.894,1,0,time,0.335021,-0.204373,0.170819,0.319519,0.333937,0.304521,0.335021,0.326769
n10,mag0,bm-mag0-n10,acbaa645-a4f4-46e1-9783-195d9e3183cf,agent_eta,22.578,1,0,risk,0.558056,-0.07344,0.077351,0.556999,0.546978,0.432291,0.549645,0.558056
n10,mag0,bm-mag0-n10,eff2f80c-19da-4293-b30c-9c5fd61da326,agent_beta,23.353,1,0,time,0.610998,-0.050465,0.340825,0.606514,0.593982,0.541737,0.610998,0.607023
n10,mag0,bm-mag0-n10,2b1cf1a5-5975-4e0b-ae44-02f5794edd65,agent_eta,23.44,1,0,time,0.46357,-0.225356,0.332407,0.447778,0.458113,0.416034,0.46357,0.44922
n10,mag0,bm-mag0-n10,7daed935-90d9-4971-a438-c6e6a84f250f,agent_iota,23.585,1,0,time,0.502161,-0.051954,0.164745,0.49352,0.496893,0.459596,0.502161,0.50022
n10,mag0,bm-mag0-n10,97c78279-a4e9-48b8-b515-75d65265ea2e,agent_eta,24.101,1,0,risk,0.53461,-0.029792,0.239734,0.533479,0.519431,0.482232,0.533917,0.53461
n10,mag0,bm-mag0-n10,cb5ccdce-3a46-499b-9b30-bae3c920fcdc,agent_epsilon,24.636,1,0,testing,0.590321,-0.412196,-0.084202,0.586461,0.590321,0.492955,0.572814,0.583894
n10,mag0,bm-mag0-n10,25583f96-bfaf-42a2-ad1c-ab511379e99a,agent_beta,25.157,1,0,risk,0.573664,0.053304,-0.040395,0.566446,0.563823,0.476634,0.563974,0.573664
n10,mag0,bm-mag0-n10,d979e175-3d5e-4170-82df-a29ef739ded9,agent_kappa,25.242,1,0,testing,0.551505,-0.767148,-0.408269,0.519014,0.551505,0.438826,0.503793,0.521385
n10,mag0,bm-mag0-n10,a4fc6ecd-d6f6-496f-adaf-2e6893ce0d19,agent_eta,25.579,1,0,evidence,0.538611,-0.172923,0.300057,0.538611,0.527402,0.487683,0.537837,0.535258
n10,mag0,bm-mag0-n10,da86fc48-c283-406b-9799-436fe6173e69,agent_eta,25.894,1,0,testing,0.647034,-0.591079,-0.103457,0.643408,0.647034,0.524517,0.609114,0.634841
n10,mag0,bm-mag0-n10,6ab80ce3-9066-4149-92fa-394cf92e3f50,agent_kappa,26.142,1,0,evidence,0.645331,-0.354744,0.222854,0.645331,0.629645,0.530122,0.629545,0.637029
n10,mag0,bm-mag0-n10,ea299544-0da0-43af-af8b-95af7ef65f3c,agent_beta,26.266,1,0,testing,0.541952,-0.469078,-0.177504,0.528546,0.541952,0.450339,0.524396,0.530005
n10,mag0,bm-mag0-n10,225557a8-bfce-4fdf-8ef6-a3f1ad25514e,agent_epsilon,26.56,1,0,testing,0.645211,-0.615404,-0.0433,0.641664,0.645211,0.484394,0.622827,0.630409
n10,mag0,bm-mag0-n10,88217268-0cda-49a7-9f11-93f6aa9c3f7e,agent_beta,26.676,1,0,evidence,0.727047,-0.395842,0.058801,0.727047,0.720365,0.627203,0.703725,0.720518
n10,mag0,bm-mag0-n10,936a0e31-2c3c-42ed-9afe-6daa994dd0b1,agent_eta,26.914,1,0,evidence,0.687646,-0.400019,0.157217,0.687646,0.671293,0.570006,0.652311,0.67899
n10,mag0,bm-mag0-n10,c6f95c94-5586-490a-93ae-f68e54e12de2,agent_epsilon,27.561,1,0,evidence,0.642591,-0.318132,0.162076,0.642591,0.625163,0.527698,0.619764,0.635803
n10,mag0,bm-mag0-n10,d787251f-b2e0-4b5b-90e8-aad472458fab,agent_beta,28.489,1,0,evidence,0.651443,-0.338217,-0.051679,0.651443,0.64832,0.560788,0.622198,0.648303
n10,mag0,bm-mag0-n10,b7015e14-c60b-4041-9352-bb284d3f99e3,agent_epsilon,28.579,1,0,time,0.623222,0.115677,0.678584,0.588767,0.575076,0.481015,0.623222,0.607622
n10,mag0,bm-mag0-n10,02b3f611-6988-438f-9a1c-2c2698b4ceae,agent_eta,28.616,1,0,evidence,0.600849,-0.212092,0.374873,0.600849,0.569953,0.488248,0.595458,0.594145
n10,mag0,bm-mag0-n10,75fa5afa-2cad-4c22-b5f9-c0c327401b12,agent_iota,29.632,1,0,risk,0.737551,0.024098,0.070094,0.736167,0.710475,0.620062,0.724429,0.737551
n10,mag0,bm-mag0-n10,7e6df896-3f66-45e6-8e6b-546a579ef3f3,agent_iota,30.202,2,0,evidence,0.669832,-0.243034,0.086248,0.669832,0.664284,0.547703,0.660625,0.667419
n10,mag0,bm-mag0-n10,cb26921c-f4ee-4d90-8185-ea66b618bbbf,agent_epsilon,30.826,2,0,time,0.678961,0.003521,0.429907,0.670675,0.652839,0.558644,0.678961,0.672391
n10,mag0,bm-mag0-n10,54e0cdeb-5f07-4241-96f6-b983cfe4e0d6,agent_epsilon,31.076,2,0,evidence,0.699107,-0.416338,0.317504,0.699107,0.658227,0.562672,0.675009,0.687671
n10,mag0,bm-mag0-n10,ecdb595e-e30d-4e4c-ae40-488e48eafe79,agent_iota,31.229,2,0,time,0.6196,-0.200245,0.506085,0.619577,0.581931,0.516111,0.6196,0.61141
n10,mag0,bm-mag0-n10,25134d4f-8741-4479-8af7-891b9bf5e9c0,agent_iota,32.233,2,0,time,0.576776,-0.002226,0.621125,0.562182,0.537647,0.453292,0.576776,0.56285
n10,mag0,bm-mag0-n10,2a384eea-ac5b-4ae0-ab04-e5cca8be84ae,agent_alpha,32.258,2,0,evidence,0.669117,-0.334317,0.227042,0.669117,0.636484,0.557597,0.640565,0.660812
n10,mag0,bm-mag0-n10,c561f5ea-eb5a-4967-a321-4d49b9456c8a,agent_eta,32.265,2,0,testing,0.470661,-0.323288,0.039682,0.468426,0.470661,0.388458,0.464119,0.466572
n10,mag0,bm-mag0-n10,4373af8c-9c71-4c7b-b4a4-b6b91105e464,agent_epsilon,32.309,2,0,evidence,0.518713,-0.229648,0.168378,0.518713,0.510988,0.425448,0.512604,0.515489
n10,mag0,bm-mag0-n10,9f513acd-d22b-445f-9e53-d979a764809e,agent_eta,33.401,2,0,time,0.636022,0.04338,0.870587,0.564847,0.560228,0.488709,0.636022,0.607062
n10,mag0,bm-mag0-n10,b0f7c7b6-b17a-4751-9ac7-bb30be912786,agent_iota,33.519,2,0,time,0.69739,0.124529,0.539251,0.676143,0.658521,0.597049,0.69739,0.687163
n10,mag0,bm-mag0-n10,e40f3ee6-f41b-4134-81c8-efc7ce09484c,agent_eta,33.988,2,0,evidence,0.590369,-0.371164,0.239668,0.590369,0.562846,0.492422,0.563231,0.581129
n10,mag0,bm-mag0-n10,53f4ab8d-1f6d-4974-9549-f26f433fd21e,agent_epsilon,34.151,2,0,time,0.726912,0.024505,0.350855,0.721007,0.702578,0.596732,0.726912,0.723481
n10,mag0,bm-mag0-n10,100bda7e-380a-4b72-bdb2-1fa3a7596bce,agent_iota,34.365,2,0,risk,0.58739,0.199942,0.226387,0.578076,0.556629,0.474234,0.586769,0.58739
n10,mag0,bm-mag0-n10,3baa5061-8f1f-4800-8cfd-c50639ae3d0b,agent_epsilon,35.1,2,0,time,0.594147,0.107492,0.630891,0.569075,0.544102,0.464812,0.594147,0.580619
n10,mag0,bm-mag0-n10,e8785847-e5f1-424d-b1ac-2a4699ff93aa,agent_iota,35.18,2,0,time,0.645202,-0.042778,0.577253,0.634032,0.613307,0.515573,0.645202,0.632657
n10,mag0,bm-mag0-n10,2c5a02be-9c11-4bb8-ba46-670463293b05,agent_gamma,36.024,2,0,evidence,0.555974,-0.278175,0.438008,0.555974,0.540566,0.421688,0.555012,0.546596
n10,mag0,bm-mag0-n10,019d1fc5-eeba-41af-bd3d-21ae06432be9,agent_iota,36.059,2,0,time,0.687608,0.197795,0.29628,0.674356,0.657452,0.582181,0.687608,0.685487
n10,mag0,bm-mag0-n10,b6ccce20-3a80-444c-817a-a4262d16e833,agent_eta,36.149,2,0,time,0.667204,0.072882,0.309797,0.661978,0.638085,0.585171,0.667204,0.665722
n10,mag0,bm-mag0-n10,de3d2a36-b6fc-464f-8869-de46a3b2c901,agent_eta,36.335,2,0,time,0.576054,0.038298,0.796384,0.536656,0.537341,0.470009,0.576054,0.552112
n10,mag0,bm-mag0-n10,a97b3964-908b-464a-b9fe-e73ef33f944d,agent_epsilon,36.752,2,0,time,0.556429,0.017512,0.84693,0.515489,0.515173,0.427679,0.556429,0.527468
n10,mag0,bm-mag0-n10,fac64f5e-a0bf-4706-8500-5e80cf979661,agent_iota,36.953,2,0,time,0.640799,0.046815,0.846475,0.595112,0.571942,0.539141,0.640799,0.614344
n10,mag0,bm-mag0-n10,376c119a-b365-4934-ac8c-7fa0ae9e9837,agent_eta,37.34,2,0,evidence,0.686691,-0.286619,0.412999,0.686691,0.666335,0.565048,0.682549,0.677371
n10,mag0,bm-mag0-n10,30749e08-0dd9-40fe-aec5-5039db24dd76,agent_beta,37.39,2,0,evidence,0.615693,-0.242396,0.478912,0.615693,0.590823,0.48763,0.614585,0.606626
n10,mag0,bm-mag0-n10,71c25e27-fdc6-4f7f-95b2-ea491885b0bd,agent_epsilon,37.822,2,0,time,0.56105,-0.116815,0.538041,0.551597,0.540293,0.426382,0.56105,0.547919
n10,mag0,bm-mag0-n10,4bcda05e-d246-437b-9054-f4e369025c7d,agent_iota,37.959,2,0,time,0.55317,-0.032548,0.241359,0.551142,0.540273,0.482849,0.55317,0.552902
n10,mag0,bm-mag0-n10,3036a22f-6ec4-41fb-b975-405713d36b56,agent_eta,38.315,2,0,time,0.555001,-0.041736,0.755557,0.535084,0.519135,0.465735,0.555001,0.532158
n10,mag0,bm-mag0-n10,abc9a155-6266-4158-b937-fb567f9456cb,agent_iota,39.287,2,0,time,0.637508,0.268746,0.326743,0.616434,0.596303,0.544495,0.637508,0.634326
n10,mag0,bm-mag0-n10,b3b6c83c-03a9-425f-927b-06cccab04e30,agent_eta,39.692,2,0,evidence,0.67313,-0.108153,0.237804,0.67313,0.660539,0.560422,0.671286,0.672078
n10,mag0,bm-mag0-n10,3e7f5e6f-d2f1-4df2-a3b4-bef01d1245d0,agent_epsilon,39.875,2,0,time,0.678934,-0.001235,0.52328,0.665374,0.653422,0.554565,0.678934,0.667946
n10,mag0,bm-mag0-n10,04d57f9a-722a-4bff-a3f2-5d37bcaa9730,agent_iota,39.99,2,0,time,0.719852,0.073008,0.781213,0.67747,0.669112,0.622478,0.719852,0.698522
n10,mag0,bm-mag0-n10,1d5b92d0-b6c6-4e07-ae45-563c262177c8,agent_eta,40.732,2,0,time,0.600438,-0.151882,0.597106,0.595038,0.560348,0.471042,0.600438,0.587238
n10,mag0,bm-mag0-n10,58d3c066-17f6-4f14-8964-f94bba24f76b,agent_epsilon,40.757,2,0,evidence,0.548581,-0.199188,0.415894,0.548581,0.519455,0.472263,0.545816,0.541838
n10,mag0,bm-mag0-n10,9f506491-b1fb-4427-b0f4-a3ec25b81f2e,agent_eta,41.521,2,0,evidence,0.510057,-0.282618,0.328714,0.510057,0.482002,0.437552,0.499481,0.501935
n10,mag0,bm-mag0-n10,b64a66ab-b0eb-4b85-8870-8f15108388e8,agent_eta,42.53,2,0,evidence,0.719636,-0.209604,0.09235,0.719636,0.70177,0.594747,0.69531,0.7159
n10,mag0,bm-mag0-n10,7d03ab6b-4897-4e91-a863-9d9a9288f495,agent_epsilon,42.817,2,0,time,0.625555,0.013506,0.861147,0.590973,0.569721,0.493723,0.625555,0.596091
n10,mag0,bm-mag0-n10,ca91a6da-8ba1-41eb-a224-d4807f4c03b9,agent_eta,43.418,2,0,time,0.516006,0.023186,0.430138,0.507893,0.485043,0.44537,0.516006,0.50992
n10,mag0,bm-mag0-n10,f7177d72-edbb-499c-85b4-1068f8a287d5,agent_epsilon,43.767,2,0,time,0.68048,0.051438,0.848929,0.627525,0.605255,0.566365,0.68048,0.653983
n10,mag0,bm-mag0-n10,5e6f29f3-0fd9-438b-8288-9a65d397a1c0,agent_alpha,44.2,2,0,evidence,0.520935,-0.332307,0.115489,0.520935,0.517873,0.432204,0.51354,0.51625
n10,mag0,bm-mag0-n10,f8dcaf24-af9d-4fa9-acdb-deba383afab0,agent_eta,44.996,2,0,evidence,0.583437,-0.313325,0.36174,0.583437,0.558097,0.505422,0.574159,0.574047
n10,mag0,bm-mag0-n10,92497d8f-ae4e-4ce9-ac2c-6a86bd69f51a,agent_eta,45.308,3,0,evidence,0.677771,-0.433116,0.172435,0.677771,0.672226,0.565362,0.667045,0.668508
n10,mag0,bm-mag0-n10,16c9b41d-3d4c-4098-b9b0-ca76dd78f288,agent_epsilon,46.136,3,0,risk,0.720854,0.084796,0.007283,0.712727,0.709767,0.611165,0.713838,0.720854
n10,mag0,bm-mag0-n10,d870a984-1e02-4d1c-82dd-94a3f671ed0a,agent_eta,46.248,3,0,testing,0.578319,-0.18522,-0.073037,0.572946,0.578319,0.538436,0.569942,0.577501
n10,mag0,bm-mag0-n10,33c4e16b-fc76-48a5-80ab-a69942af2fb9,agent_epsilon,47.122,3,0,evidence,0.674103,-0.605153,0.285226,0.674103,0.65816,0.567781,0.644715,0.656977
n10,mag0,bm-mag0-n10,77267213-c3ad-4a08-ac18-535f8ca6f44f,agent_eta,47.207,3,0,risk,0.476599,-0.00282,0.134725,0.47289,0.465195,0.405043,0.473276,0.476599
n10,mag0,bm-mag0-n10,ef800834-9a68-4390-9998-c5dc25e42aab,agent_alpha,47.429,3,0,time,0.656588,-0.081414,0.307946,0.654573,0.641864,0.561795,0.656588,0.654057
n10,mag0,bm-mag0-n10,987238ad-efcd-41c7-b696-edc7de2e4176,agent_epsilon,48.146,3,0,evidence,0.66577,-0.322355,0.225467,0.66577,0.639575,0.55973,0.643295,0.657868
n10,mag0,bm-mag0-n10,d214c8aa-f001-414e-ad06-9273bbca47aa,agent_eta,48.284,3,0,time,0.443406,-0.2309,0.432572,0.439223,0.431803,0.403647,0.443406,0.432139
n10,mag0,bm-mag0-n10,86a2acc9-a9d1-4205-8dae-94bad7864f96,agent_epsilon,48.766,3,0,evidence,0.695864,-0.255918,0.144531,0.695864,0.682624,0.583169,0.681295,0.691183
n10,mag0,bm-mag0-n10,d1aee3b9-e85b-4a1d-9d1f-4d5bdbf8da97,agent_epsilon,49.861,3,0,evidence,0.708958,-0.300433,-0.015796,0.708958,0.708573,0.59896,0.697536,0.70738
n10,mag0,bm-mag0-n10,d23d07f1-a78c-4006-acf0-143abe359f40,agent_epsilon,50.816,3,0,time,0.514997,-0.090864,0.575252,0.502378,0.493803,0.47152,0.514997,0.499664
n10,mag0,bm-mag0-n10,34415962-6a41-4e56-b195-21d2ed519d81,agent_eta,51.414,3,0,time,0.642713,-0.039541,0.460332,0.631902,0.622912,0.517974,0.642713,0.633306
n10,mag0,bm-mag0-n10,15f1ee3a-4bc4-444f-993c-41f609e9d5c6,agent_eta,52.211,3,0,evidence,0.519276,-0.175992,0.265902,0.519276,0.509521,0.405602,0.517979,0.516451
n10,mag0,bm-mag0-n10,53620a92-7b34-488d-9898-f22eb57991c8,agent_epsilon,52.811,3,0,time,0.521326,0.022994,0.867327,0.481522,0.464333,0.417004,0.521326,0.491572
n10,mag0,bm-mag0-n10,f2f770d6-757f-4876-b145-5ec939655994,agent_gamma,53.08,3,0,time,0.58951,0.013999,0.910508,0.536961,0.526568,0.485845,0.58951,0.552221
n10,mag0,bm-mag0-n10,ba8af63b-d47d-4c31-80ac-9abfd0d90258,agent_eta,53.354,3,0,evidence,0.469781,-0.39551,0.150407,0.469781,0.467097,0.376786,0.462837,0.46255
n10,mag0,bm-mag0-n10,dab166d5-7252-4817-95dc-947fc768fc70,agent_iota,54.485,3,0,evidence,0.47989,-0.246145,0.219111,0.47989,0.465169,0.372375,0.470219,0.474646
n10,mag0,bm-mag0-n10,9f895814-37c1-42eb-945b-529b7b6c4686,agent_eta,54.589,3,0,time,0.572767,-0.069754,0.515927,0.56257,0.550471,0.483789,0.572767,0.561412
n10,mag0,bm-mag0-n10,e65a0cbc-258b-43b9-bfdc-3ea6809bbaae,agent_iota,55.168,3,0,risk,0.650503,0.071125,0.158283,0.645015,0.634832,0.553556,0.647878,0.650503
n10,mag0,bm-mag0-n10,396774d6-0635-476a-bdbe-ce7051adfaa7,agent_eta,55.213,3,0,testing,0.53982,-0.431482,0.006993,0.535582,0.53982,0.444402,0.529491,0.531155
n10,mag0,bm-mag0-n10,f67f2d5e-2e24-4428-bfdb-e19359303b7c,agent_epsilon,55.374,3,0,evidence,0.587211,-0.315133,0.419786,0.587211,0.558328,0.455957,0.580073,0.576773
n10,mag0,bm-mag0-n10,1ddeb488-c98d-4ccc-828d-42df80a0c537,agent_epsilon,55.915,3,0,time,0.629014,0.050402,0.708137,0.604037,0.585466,0.535785,0.629014,0.611298
n10,mag0,bm-mag0-n10,41991faf-56bb-4e6d-a9d6-edfd246068e1,agent_iota,56.043,3,0,time,0.6543,0.016147,0.842006,0.616554,0.612324,0.499597,0.6543,0.625966
n10,mag0,bm-mag0-n10,f23a89ad-3f15-4a7a-b150-e60ffd67d16a,agent_zeta,56.119,3,0,time,0.453662,-0.301609,0.213445,0.444816,0.452623,0.368779,0.453662,0.443547
n10,mag0,bm-mag0-n10,c9e62f50-c546-434d-b32c-307cfebcd7bd,agent_eta,56.724,3,0,evidence,0.668509,-0.113567,0.333099,0.668509,0.6404,0.541269,0.665724,0.665238
n10,mag0,bm-mag0-n10,9b4ee355-1b06-4bf7-93bf-80067b8ef460,agent_epsilon,56.852,3,0,time,0.660335,0.011548,0.463713,0.650074,0.633224,0.526134,0.660335,0.652357
n10,mag0,bm-mag0-n10,6abbe7fe-69a5-4cc1-9a5c-da16a95f1c60,agent_iota,57.315,3,0,time,0.603405,0.015084,0.91908,0.540719,0.521414,0.436877,0.603405,0.56444
n10,mag0,bm-mag0-n10,edfb1b9c-e44d-4e1d-b74d-2d03df271600,agent_epsilon,57.757,3,0,time,0.570863,0.017311,0.808323,0.53921,0.529527,0.454023,0.570863,0.545783
n10,mag0,bm-mag0-n10,1f2ff14d-593d-4440-b376-6e80af678d28,agent_iota,57.954,3,0,evidence,0.66703,-0.435783,0.267384,0.66703,0.649767,0.530358,0.648812,0.65578
n10,mag1,bm-mag1-n10,f75218b7-3d9a-46e6-8d30-29a8222500bd,agent_beta,0.0,0,0,time,0.294088,0.040619,0.846595,0.254346,0.254414,0.265039,0.294088,0.261102
n10,mag1,bm-mag1-n10,e44df24a-7214-4f99-941a-1f85be01d84f,agent_delta,0.246,0,0,ownership,0.320455,0.564808,0.604483,0.254414,0.269904,0.320455,0.3133,0.270285
n10,mag1,bm-mag1-n10,d436318d-743c-402a-93f5-761f4c37bbb0,agent_gamma,0.259,0,0,time,0.236003,0.177559,0.77452,0.195733,0.196207,0.223096,0.236003,0.204945
n10,mag1,bm-mag1-n10,6f653ac2-0cc4-4855-821d-9c71f8296354,agent_eta,0.42,0,0,ownership,0.291689,0.724923,0.515267,0.219734,0.23305,0.291689,0.273694,0.235617
n10,mag1,bm-mag1-n10,3a7a6f22-6fcf-4a2d-b51a-4d22baf53667,agent_epsilon,0.452,0,0,ownership,0.262606,0.798987,0.477447,0.174659,0.191835,0.262606,0.234776,0.193363
n10,mag1,bm-mag1-n10,a19da4f1-16b8-4507-b94c-d375eeec4497,agent_zeta,0.454,0,0,ownership,0.289103,0.475522,0.625922,0.245365,0.247141,0.289103,0.286122,0.257004
n10,mag1,bm-mag1-n10,7ecd4430-30ec-4f42-b879-38cbc84bc4a6,agent_theta,0.466,0,0,time,0.243389,0.068913,0.833486,0.203448,0.200317,0.218128,0.243389,0.21255
n10,mag1,bm-mag1-n10,2679a2fb-e5d6-4e58-90c0-efc6d5cb2522,agent_iota,0.512,0,0,ownership,0.286948,0.746945,0.50382,0.201921,0.228843,0.286948,0.266652,0.224042
n10,mag1,bm-mag1-n10,ea79777a-94f9-47a1-bc02-a88938a42b9f,agent_kappa,0.789,0,0,time,0.269009,0.072987,0.811793,0.229241,0.234885,0.247794,0.269009,0.235626
n10,mag1,bm-mag1-n10,22e14819-55ed-401c-a74f-6200facf31d6,agent_alpha,0.901,0,0,ownership,0.233437,0.556679,0.609851,0.163204,0.183827,0.233437,0.226698,0.180871
n10,mag1,bm-mag1-n10,b529a67a-d6d7-4c13-91df-4a7b9e12e167,agent_kappa,1.476,0,0,ownership,0.218646,0.742995,0.502983,0.149576,0.160939,0.218646,0.198684,0.164778
n10,mag1,bm-mag1-n10,9b75347e-d861-4903-a4b0-ba378d6cb480,agent_epsilon,1.492,0,0,time,0.247081,0.112539,0.862446,0.184666,0.195555,0.228139,0.247081,0.20306
n10,mag1,bm-mag1-n10,c1f87389-4b86-4d4c-8698-83c6c7aa17e4,agent_gamma,1.565,0,0,ownership,0.264164,0.779715,0.486908,0.169644,0.20149,0.264164,0.239644,0.196546
n10,mag1,bm-mag1-n10,9f0c5d35-f0e0-46d6-94e1-5e300e15c2c8,agent_eta,1.626,0,0,ownership,0.22776,0.530916,0.617016,0.171619,0.1801,0.22776,0.222271,0.184857
n10,mag1,bm-mag1-n10,0e8ede4c-24e4-4af0-a066-2a11d92dbab6,agent_iota,1.661,0,0,time,0.181673,0.387753,0.688909,0.13064,0.143976,0.18064,0.181673,0.139633
n10,mag1,bm-mag1-n10,bddb399f-469e-4769-be95-6958208d95a6,agent_gamma,1.816,0,0,ownership,0.276951,0.824611,0.462865,0.183079,0.204546,0.276951,0.24161,0.204253
n10,mag1,bm-mag1-n10,7a63e2e7-def0-4634-bc2d-160d7e2c7bf9,agent_zeta,1.856,0,0,time,0.378397,0.117125,0.877825,0.288482,0.302307,0.359938,0.378397,0.319445
n10,mag1,bm-mag1-n10,b08c550b-59ca-49db-8211-efd6ee0ffe5a,agent_alpha,1.961,0,0,ownership,0.23501,0.84059,0.454994,0.128451,0.150092,0.23501,0.189668,0.145969
n10,mag1,bm-mag1-n10,8a51612e-7b8f-4205-acb4-dec8521b80f8,agent_eta,2.059,0,0,ownership,0.284339,0.716162,0.520836,0.205538,0.226629,0.284339,0.267181,0.226583
n10,mag1,bm-mag1-n10,9eff856f-00d3-46b1-a6a1-87a45ded98f0,agent_beta,2.114,0,0,time,0.275666,0.153233,0.852877,0.187364,0.215131,0.260504,0.275666,0.220372
n10,mag1,bm-mag1-n10,51353582-4f91-4e4a-bd73-ed8cef55200e,agent_theta,2.462,0,0,ownership,0.27191,0.757944,0.501995,0.183659,0.197977,0.27191,0.250705,0.20394
n10,mag1,bm-mag1-n10,1d6c3f59-b6a5-464b-8978-0899fd8c71f0,agent_iota,2.466,0,0,time,0.408322,0.361538,0.73444,0.323803,0.332901,0.405286,0.408322,0.352693
n10,mag1,bm-mag1-n10,abcc2c06-5264-42ea-8a9c-bc486165fab8,agent_kappa,2.685,0,0,ownership,0.358783,0.768486,0.494192,0.264755,0.294504,0.358783,0.336014,0.289796
n10,mag1,bm-mag1-n10,81ba15f7-abdc-4485-be90-21789337e26e,agent_epsilon,2.743,0,0,time,0.389302,0.062035,0.906453,0.314741,0.303604,0.363112,0.389302,0.339308
n10,mag1,bm-mag1-n10,81cf25d9-8a20-46f8-aa0d-5284a0ee64cb,agent_delta,2.81,0,0,ownership,0.256055,0.809993,0.471704,0.163226,0.176351,0.256055,0.225804,0.188637
n10,mag1,bm-mag1-n10,bbf5946d-5acb-4465-86aa-a2c066fb0c94,agent_zeta,2.907,0,0,time,0.379223,0.196616,0.80864,0.309729,0.33558,0.367624,0.379223,0.332462
n10,mag1,bm-mag1-n10,f1377c04-896e-47e9-9dbb-d3515e92c3c4,agent_alpha,2.94,0,0,ownership,0.195253,0.641797,0.475244,0.145112,0.166205,0.195253,0.178418,0.15139
n10,mag1,bm-mag1-n10,4910dadb-cd69-4b92-b03d-ae82bf57947d,agent_beta,3.069,0,0,ownership,0.411565,0.813207,0.471241,0.296112,0.304507,0.411565,0.380597,0.332502
n10,mag1,bm-mag1-n10,64a8c912-e1ed-4247-bc1b-5a1df76b73f4,agent_iota,3.424,0,0,ownership,0.386724,0.845345,0.45232,0.282782,0.28132,0.386724,0.334499,0.306946
n10,mag1,bm-mag1-n10,39c9fe46-344a-48f3-8746-c764078eef1d,agent_theta,3.478,0,0,time,0.169768,0.322216,0.686681,0.132988,0.133491,0.16573,0.169768,0.141277
n10,mag1,bm-mag1-n10,aa3df584-f1cd-476a-b09d-64564174afbb,agent_kappa,3.612,0,0,ownership,0.37315,0.644807,0.567995,0.290193,0.29116,0.37315,0.36169,0.314476
n10,mag1,bm-mag1-n10,cca4a7d6-d2b0-41d5-ae20-d7363a23b356,agent_delta,3.645,0,0,ownership,0.33243,0.846439,0.451893,0.219133,0.228005,0.33243,0.277525,0.243439
n10,mag1,bm-mag1-n10,288640a9-d5f8-45b3-b538-ff3e046601e3,agent_gamma,3.837,0,0,ownership,0.281074,0.495075,0.642084,0.228329,0.223985,0.281074,0.277606,0.240918
n10,mag1,bm-mag1-n10,4d153c2a-0ec3-4a18-a78c-a41a8804ec93,agent_epsilon,3.853,0,0,ownership,0.482055,0.675848,0.548323,0.391323,0.401617,0.482055,0.468501,0.427991
n10,mag1,bm-mag1-n10,93382b47-457d-4c5b-9e3e-546bbb35541a,agent_zeta,3.882,0,0,ownership,0.373304,0.842837,0.453368,0.275867,0.282447,0.373304,0.325217,0.298861
n10,mag1,bm-mag1-n10,374fc008-e9c0-4d04-80a7-395b1f31b981,agent_eta,3.939,0,0,time,0.409664,0.327704,0.75317,0.331138,0.338596,0.404971,0.409664,0.356108
n10,mag1,bm-mag1-n10,27e88030-a398-4836-94a7-f025b1e96783,agent_beta,4.005,0,0,ownership,0.35806,0.694425,0.537495,0.283185,0.282136,0.35806,0.343029,0.301423
n10,mag1,bm-mag1-n10,36bdc33b-176b-43b3-afb7-58cd451539cd,agent_gamma,4.155,0,0,time,0.088003,0.218882,0.762334,0.039037,0.052792,0.078516,0.088003,0.049981
n10,mag1,bm-mag1-n10,1f5ac060-1df5-463e-bc6c-6edbbb57f7ed,agent_eta,4.182,0,0,ownership,0.474637,0.845766,0.452144,0.374368,0.36834,0.474637,0.421391,0.392194
n10,mag1,bm-mag1-n10,62a881dd-187d-4da0-a21f-5e763c38fef6,agent_delta,4.436,0,0,ownership,0.352261,0.796093,0.469407,0.291195,0.273751,0.352261,0.324617,0.306691
n10,mag1,bm-mag1-n10,9e4c6b6a-d4bc-4603-82a4-920078fee964,agent_iota,4.465,0,0,time,0.335357,0.401967,0.691755,0.275058,0.290505,0.334485,0.335357,0.295666
n10,mag1,bm-mag1-n10,ebd83aa5-8672-4072-8898-a28e2fca74cb,agent_theta,4.475,0,0,ownership,0.297488,0.826479,0.456355,0.228778,0.227877,0.297488,0.260427,0.244469
n10,mag1,bm-mag1-n10,b00519bf-6faf-48e7-9f93-3e3a7dd22b59,agent_kappa,4.49,0,0,ownership,0.365134,0.848774,0.450612,0.251513,0.259017,0.365134,0.299222,0.266586
n10,mag1,bm-mag1-n10,0f645302-3580-45a8-a40c-d9cea8f28aa9,agent_alpha,4.892,0,0,ownership,0.294,0.846922,0.450927,0.194962,0.21377,0.294,0.235496,0.209748
n10,mag1,bm-mag1-n10,da59e1e8-170d-431e-b938-94cfc74a0eb7,agent_zeta,4.964,0,0,time,0.315309,0.36031,0.730975,0.249157,0.247024,0.312199,0.315309,0.268295
n10,mag1,bm-mag1-n10,8fc445ac-9d5d-4b84-8874-eeb229413cb8,agent_beta,5.039,0,0,ownership,0.317771,0.622564,0.563318,0.266335,0.259998,0.317771,0.307285,0.277046
n10,mag1,bm-mag1-n10,b5b44eef-dbc5-4a24-8240-d9c2df78c5ef,agent_epsilon,5.061,0,0,ownership,0.325007,0.806947,0.47148,0.252475,0.241554,0.325007,0.295359,0.266815
n10,mag1,bm-mag1-n10,a0667554-8ac8-4226-8277-f2926c6a3c3c,agent_gamma,5.117,0,0,ownership,0.358915,0.847479,0.451201,0.244847,0.266463,0.358915,0.299986,0.265689
n10,mag1,bm-mag1-n10,593372dc-6351-4bf9-814a-38ded87cb536,agent_eta,5.254,0,0,ownership,0.277283,0.839876,0.453498,0.19736,0.201862,0.277283,0.231547,0.209829
n10,mag1,bm-mag1-n10,06f0db3f-dc9a-45b1-add4-4ea4a3629edc,agent_iota,5.5,0,0,ownership,0.321,0.845697,0.450371,0.246929,0.240234,0.321,0.263719,0.252262
n10,mag1,bm-mag1-n10,0399fad7-db6c-40cc-9f7d-aaf11a3b97f1,agent_theta,5.548,0,0,ownership,0.411444,0.841473,0.45477,0.289049,0.306106,0.411444,0.365464,0.325934
n10,mag1,bm-mag1-n10,3cd0cb0b-1b07-433a-8fe9-65a905611b8b,agent_delta,5.551,0,0,ownership,0.31918,0.848122,0.450912,0.217633,0.214296,0.31918,0.257432,0.227609
n10,mag1,bm-mag1-n10,d5713aef-de48-4892-9b01-89c2dfeed5bf,agent_kappa,5.712,0,0,ownership,0.350828,0.848578,0.45041,0.256978,0.24913,0.350828,0.285337,0.268987
n10,mag1,bm-mag1-n10,5e9ffaf7-db76-41bc-a0b1-eca41165054a,agent_epsilon,5.951,0,0,ownership,0.409745,0.566434,0.611425,0.33586,0.323897,0.409745,0.402858,0.360424
n10,mag1,bm-mag1-n10,edc5f9f4-a124-4383-8313-e37edb150592,agent_zeta,5.951,0,0,ownership,0.231643,0.848,0.450285,0.148694,0.146047,0.231643,0.166452,0.150678
n10,mag1,bm-mag1-n10,8c3af5cf-6c89-415e-a7df-fab5e0d8aed1,agent_beta,6.096,0,0,ownership,0.375635,0.841506,0.45337,0.295347,0.285073,0.375635,0.328767,0.307774
n10,mag1,bm-mag1-n10,67c0b545-ab43-4e0a-8586-0dbc26e32db8,agent_eta,6.218,0,0,ownership,0.255178,0.83184,0.445445,0.201006,0.197825,0.255178,0.204731,0.20297
n10,mag1,bm-mag1-n10,20d26200-72e5-4dca-b98e-2c28e6453b74,agent_theta,6.533,0,0,ownership,0.283166,0.715372,0.498252,0.238483,0.229167,0.283166,0.264625,0.242956
n10,mag1,bm-mag1-n10,f7e1ba3a-9f53-4cc5-a3d9-1e0109d7059b,agent_beta,7.058,0,0,ownership,0.318844,0.773539,0.46903,0.267807,0.248064,0.318844,0.294366,0.280616
n10,mag1,bm-mag1-n10,d0b06f03-0160-4238-b4dd-187fa2a49488,agent_epsilon,7.12,0,0,ownership,0.305554,0.508339,0.421284,0.28611,0.276961,0.305554,0.290061,0.283727
n10,mag1,bm-mag1-n10,a1547cb5-e172-4205-90d6-cb1a52e9a56b,agent_gamma,7.145,0,0,ownership,0.324672,0.740506,0.511055,0.248446,0.248681,0.324672,0.305437,0.264605
n10,mag1,bm-mag1-n10,3ac1e166-e845-45b1-a3c0-8f5159b10ff5,agent_kappa,7.333,0,0,ownership,0.246219,0.713166,0.52686,0.171549,0.168407,0.246219,0.229626,0.188222
n10,mag1,bm-mag1-n10,083763f1-f5c2-4101-aea6-a53ce93fb9d7,agent_alpha,7.355,0,0,ownership,0.349849,0.846869,0.451256,0.250391,0.248419,0.349849,0.293367,0.273215
n10,mag1,bm-mag1-n10,648c72b4-1779-4e92-9658-b517461bf796,agent_eta,7.371,0,0,ownership,0.310812,0.839675,0.45389,0.237775,0.224489,0.310812,0.265342,0.244096
n10,mag1,bm-mag1-n10,6fc01755-23a0-406c-821d-5696eb028cc7,agent_delta,7.468,0,0,ownership,0.33164,0.82674,0.461969,0.25378,0.235802,0.33164,0.29559,0.264859
n10,mag1,bm-mag1-n10,5a7e4cea-0a25-4662-8ee1-5ad9e804f058,agent_theta,7.478,0,0,ownership,0.311797,0.798016,0.476104,0.246946,0.223997,0.311797,0.283971,0.254059
n10,mag1,bm-mag1-n10,c3fdb63a-ff71-4b8e-a0e4-85a7088db390,agent_epsilon,7.579,0,0,ownership,0.3234,0.788192,0.474352,0.261796,0.249259,0.3234,0.297304,0.277344
n10,mag1,bm-mag1-n10,a97fe3c9-4804-4c3e-90e3-78e014c8f579,agent_eta,7.898,0,0,ownership,0.316823,0.848176,0.45044,0.227565,0.217849,0.316823,0.253538,0.239046
n10,mag1,bm-mag1-n10,5f947bf5-3895-46ef-96d7-c8a5ffee5798,agent_kappa,7.906,0,0,ownership,0.302355,0.680196,0.525052,0.259402,0.230825,0.302355,0.287284,0.261823
n10,mag1,bm-mag1-n10,ad0a1417-4290-4c8d-a49f-2f104633f327,agent_beta,8.068,0,0,time,0.262721,0.202086,0.72411,0.229905,0.224732,0.251586,0.262721,0.237572
n10,mag1,bm-mag1-n10,a22ecc75-14a6-434e-8348-c8c32e900723,agent_alpha,8.265,0,0,time,0.382499,-0.002948,0.915924,0.329948,0.337083,0.305186,0.382499,0.338164
n10,mag1,bm-mag1-n10,7b414980-a1fe-4e38-a0fc-94f0823254a6,agent_delta,8.403,0,0,ownership,0.208457,0.439675,0.551168,0.177632,0.181449,0.208457,0.204796,0.185248
n10,mag1,bm-mag1-n10,90476de8-d9f1-4079-936e-34626b2a9967,agent_theta,8.492,0,0,time,0.375028,0.042766,0.874645,0.334759,0.316577,0.34342,0.375028,0.341067
n10,mag1,bm-mag1-n10,9df8496c-7f8f-4613-a780-0862edda10af,agent_epsilon,8.502,0,0,ownership,0.33027,0.705077,0.519103,0.275205,0.262157,0.33027,0.314025,0.287503
n10,mag1,bm-mag1-n10,10da914d-0f9c-46af-ab50-7fd42390de00,agent_eta,8.656,0,0,ownership,0.264225,0.672062,0.536197,0.206422,0.206697,0.264225,0.25054,0.222061
n10,mag1,bm-mag1-n10,296f16b2-e4d5-4818-91ef-dce3d6e13c72,agent_gamma,8.715,0,0,ownership,0.497161,0.693938,0.464899,0.458557,0.460265,0.497161,0.476626,0.460618
n10,mag1,bm-mag1-n10,231f9b1d-a68f-46bd-85e3-519307903cbb,agent_kappa,8.715,0,0,ownership,0.347628,0.846861,0.450537,0.274703,0.253298,0.347628,0.286367,0.272569
n10,mag1,bm-mag1-n10,ec3a2c97-19bb-4cb0-981d-adb48d59f213,agent_delta,9.336,0,0,ownership,0.303885,0.8411,0.454423,0.20979,0.215264,0.303885,0.257969,0.227425
n10,mag1,bm-mag1-n10,4c68c790-036e-4c81-964f-3ec4022e7da3,agent_alpha,9.341,0,0,ownership,0.215215,0.668931,0.488446,0.181265,0.173556,0.215215,0.197257,0.178214
n10,mag1,bm-mag1-n10,99e2bdd1-78ab-4b17-a9a4-e39a3a2ba0b2,agent_epsilon,9.383,0,0,time,0.406892,0.070854,0.846545,0.362333,0.345967,0.377482,0.406892,0.3778
n10,mag1,bm-mag1-n10,e17d3906-726d-4453-ac37-d0850fd4c965,agent_theta,9.473,0,0,ownership,0.250297,0.848281,0.450472,0.141813,0.161234,0.250297,0.186622,0.167926
n10,mag1,bm-mag1-n10,80fa16ff-e875-4554-b0ef-267632b0d079,agent_eta,9.571,0,0,ownership,0.407672,0.832749,0.455025,0.335295,0.323844,0.407672,0.367979,0.352859
n10,mag1,bm-mag1-n10,252d0b68-2740-4e60-aa0d-d18138b32dda,agent_kappa,9.749,0,0,ownership,0.49375,0.849436,0.449979,0.39784,0.404688,0.49375,0.411041,0.390707
n10,mag1,bm-mag1-n10,1aa582ad-0baf-4b49-a29a-07d51e9d006f,agent_beta,10.113,0,0,ownership,0.461749,0.849547,0.450074,0.34572,0.367751,0.461749,0.38214,0.356603
n10,mag1,bm-mag1-n10,c6bbef75-791c-4531-baf1-e27f9226e218,agent_delta,10.28,0,0,ownership,0.286316,0.83775,0.451828,0.224535,0.214491,0.286316,0.239148,0.224854
n10,mag1,bm-mag1-n10,650e6fcd-722f-4e60-b928-b51104aa7530,agent_alpha,10.335,0,0,ownership,0.445187,0.845874,0.451448,0.365498,0.355383,0.445187,0.389804,0.367728
n10,mag1,bm-mag1-n10,c013b76c-b92c-4798-9188-898f09879c87,agent_theta,10.494,0,0,ownership,0.572446,0.849966,0.449998,0.43021,0.457608,0.572446,0.463491,0.439003
n10,mag1,bm-mag1-n10,127dfbf3-47ce-4557-8f15-a3f867636c14,agent_epsilon,10.546,0,0,ownership,0.484994,0.85,0.45,0.316205,0.314051,0.484994,0.319442,0.323056
n10,mag1,bm-mag1-n10,740704e7-cfc9-4ab2-b928-f194565c689b,agent_kappa,10.752,0,0,ownership,0.509368,0.85,0.45,0.340007,0.334106,0.509368,0.354682,0.341366
n10,mag1,bm-mag1-n10,de0458cc-f688-489d-b640-ec84e341f95b,agent_eta,10.801,0,0,ownership,0.485792,0.849999,0.45,0.330933,0.338248,0.485792,0.339496,0.331675
n10,mag1,bm-mag1-n10,1a23f492-96a5-4e96-8f54-5749c1c97e62,agent_gamma,10.94,0,0,ownership,0.486658,0.849997,0.449999,0.330012,0.344771,0.486658,0.355036,0.350324
n10,mag1,bm-mag1-n10,7f18e467-9800-4167-8c21-b7ef23577235,agent_beta,11.164,0,0,ownership,0.529268,0.849997,0.45,0.381155,0.383997,0.529268,0.39759,0.388554
n10,mag1,bm-mag1-n10,18e0fe85-4772-41dd-ba31-a8a62128d39a,agent_alpha,11.351,0,0,ownership,0.51002,0.84995,0.449997,0.401119,0.390066,0.51002,0.394075,0.386714
n10,mag1,bm-mag1-n10,e59d4220-57ad-4996-8944-ef6fe2805993,agent_epsilon,11.42,0,0,ownership,0.472434,0.849939,0.449959,0.358386,0.36356,0.472434,0.35931,0.36861
n10,mag1,bm-mag1-n10,e2a3aed7-59f7-453f-9cff-1222ae6a7f14,agent_theta,11.586,0,0,ownership,0.366535,0.849469,0.449867,0.282114,0.272756,0.366535,0.260477,0.273516
n10,mag1,bm-mag1-n10,9e2b1934-5e92-4b38-9044-db55833f71c3,agent_eta,11.596,0,0,ownership,0.501077,0.849995,0.449998,0.36711,0.361457,0.501077,0.358892,0.369124
n10,mag1,bm-mag1-n10,6f7b1200-a8ae-451b-b47b-6dd3cbc90a6c,agent_iota,11.684,0,0,ownership,0.528367,0.849998,0.45,0.381732,0.373346,0.528367,0.393158,0.381707
n10,mag1,bm-mag1-n10,45b1c1c8-cfb1-4a4a-9519-4862630541e5,agent_delta,11.747,0,0,ownership,0.536968,0.849947,0.449976,0.420197,0.427439,0.536968,0.422487,0.425279
n10,mag1,bm-mag1-n10,18ed4813-7a27-4949-a304-7e3ae5d76782,agent_kappa,11.752,0,0,ownership,0.602823,0.849827,0.449991,0.50242,0.497577,0.602823,0.505946,0.494563
n10,mag1,bm-mag1-n10,ee00fce0-2676-4928-a678-6eb9068f01be,agent_theta,12.492,0,0,ownership,0.591814,0.849998,0.449999,0.431175,0.45017,0.591814,0.443544,0.442678
n10,mag1,bm-mag1-n10,8ac4c90d-f02f-49b0-9eac-455ee08d1ef6,agent_epsilon,12.551,0,0,ownership,0.48072,0.849998,0.449999,0.336326,0.329297,0.48072,0.330127,0.334967
n10,mag1,bm-mag1-n10,182183ef-1cf6-4ca9-9a2e-6310b582c2eb,agent_delta,12.669,0,0,ownership,0.484618,0.849997,0.449999,0.345167,0.341777,0.484618,0.347357,0.348484
n10,mag1,bm-mag1-n10,af8550b6-eab7-4b2b-8627-4b7165b6edf6,agent_eta,12.676,0,0,ownership,0.560186,0.849991,0.450001,0.41434,0.422418,0.560186,0.442446,0.425916
n10,mag1,bm-mag1-n10,89f56554-2b24-4dcf-aa10-ccd4ba6481fa,agent_epsilon,13.462,0,0,ownership,0.48808,0.849576,0.449851,0.391243,0.399162,0.48808,0.395941,0.393918
n10,mag1,bm-mag1-n10,9425f395-bbb0-4972-9344-3ab664d8cb19,agent_kappa,13.613,0,0,ownership,0.53032,0.84998,0.449997,0.410942,0.401685,0.53032,0.408084,0.404538
n10,mag1,bm-mag1-n10,a63583c7-f794-41cd-b0fd-6dba67470932,agent_theta,13.63,0,0,ownership,0.512203,0.849923,0.45,0.408574,0.389965,0.512203,0.403023,0.394714
n10,mag1,bm-mag1-n10,bd1d592f-d397-4000-9cd8-403e90163778,agent_eta,13.638,0,0,ownership,0.50962,0.849998,0.45,0.360636,0.359974,0.50962,0.373681,0.360226
n10,mag1,bm-mag1-n10,503b3bcc-cb74-484b-8237-69bccde389f3,agent_zeta,13.658,0,0,ownership,0.467873,0.849998,0.449999,0.323059,0.328504,0.467873,0.301232,0.322408
n10,mag1,bm-mag1-n10,736d6f97-95be-46a2-819b-50f9fcd6775c,agent_zeta,14.092,0,0,ownership,0.483126,0.849056,0.44959,0.398305,0.395737,0.483126,0.404296,0.406617
n10,mag1,bm-mag1-n10,14be8964-95fd-4d23-810a-a05b6f5694f1,agent_beta,14.113,0,0,ownership,0.503546,0.849551,0.449922,0.407234,0.413199,0.503546,0.416095,0.405751
n10,mag1,bm-mag1-n10,ff5cd80f-b0cd-4b08-9725-4571392649ea,agent_kappa,14.249,0,0,ownership,0.549323,0.849996,0.449998,0.407597,0.412572,0.549323,0.413175,0.414375
n10,mag1,bm-mag1-n10,881476e4-c784-4aaa-a64c-812049827e4b,agent_delta,14.355,0,0,ownership,0.498267,0.849982,0.449996,0.381438,0.366734,0.498267,0.356436,0.370994
n10,mag1,bm-mag1-n10,6816992e-f399-4021-9887-508db1077d53,agent_theta,14.507,0,0,ownership,0.429402,0.84878,0.44949,0.348312,0.351087,0.429402,0.328352,0.344423
n10,mag1,bm-mag1-n10,8e42f1fc-7132-41dc-b5b8-66330be4f32b,agent_eta,14.747,0,0,ownership,0.441008,0.848794,0.449774,0.364249,0.353616,0.441008,0.354344,0.35655
n10,mag1,bm-mag1-n10,141e6f23-2c6e-42a0-ae95-b7909dd49f84,agent_zeta,15.038,1,0,ownership,0.369213,0.847514,0.449818,0.287496,0.292542,0.369213,0.303727,0.293323
n10,mag1,bm-mag1-n10,0992fab8-02ce-4e4d-b2ed-0688bb87f6b6,agent_epsilon,15.433,1,0,ownership,0.494392,0.839826,0.44511,0.425905,0.440864,0.494392,0.417662,0.425346
n10,mag1,bm-mag1-n10,0f26a999-14f6-4c95-85fd-b90c2fed0e29,agent_delta,15.557,1,0,ownership,0.34324,0.834625,0.445965,0.289817,0.28348,0.34324,0.287288,0.288388
n10,mag1,bm-mag1-n10,64deee2e-4a81-48b4-8b88-f1990391479f,agent_eta,15.685,1,0,ownership,0.46159,0.849993,0.449998,0.335584,0.320531,0.46159,0.316694,0.33016
n10,mag1,bm-mag1-n10,ec45d7be-f733-4002-a182-ef6ac45dcdb6,agent_alpha,16.38,1,0,ownership,0.501255,0.849916,0.450014,0.377258,0.386401,0.501255,0.405645,0.388439
n10,mag1,bm-mag1-n10,100b9fe0-8b32-47db-9d6d-3acc66dffc4a,agent_theta,16.665,1,0,ownership,0.466185,0.849969,0.449986,0.339394,0.354769,0.466185,0.333593,0.335237
n10,mag1,bm-mag1-n10,3a71619b-fcbf-4336-b92b-df4d70f4c9b6,agent_eta,16.719,1,1,testing,0.414179,-0.406982,-0.084691,0.39717,0.414179,0.341664,0.40433,0.401976
n10,mag1,bm-mag1-n10,5b53fd01-d432-4e75-bd8e-98a2442474b1,agent_kappa,17.001,1,0,ownership,0.38922,0.849972,0.449974,0.264333,0.274611,0.38922,0.266463,0.280625
n10,mag1,bm-mag1-n10,970a6afc-c986-42f6-a706-8f313eb280d9,agent_zeta,17.138,1,0,ownership,0.481988,0.849702,0.449862,0.369037,0.394197,0.481988,0.372834,0.367085
n10,mag1,bm-mag1-n10,121aa0be-5146-4807-8171-31aa9838e78a,agent_alpha,17.4,1,0,ownership,0.523316,0.849997,0.449999,0.37872,0.384673,0.523316,0.37458,0.380221
n10,mag1,bm-mag1-n10,173c2fc1-2ed2-4ba9-9735-21aa59215347,agent_zeta,17.532,1,0,ownership,0.432926,0.849942,0.449976,0.306727,0.327593,0.432926,0.315617,0.310411
n10,mag1,bm-mag1-n10,28838d87-d601-4610-af4e-9ae36865e615,agent_delta,17.566,1,0,ownership,0.435554,0.849989,0.449999,0.308201,0.301872,0.435554,0.311003,0.305012
n10,mag1,bm-mag1-n10,14da3506-3781-461e-a019-a4911cd4b0c1,agent_theta,17.567,1,0,ownership,0.426777,0.849945,0.449969,0.29567,0.322411,0.426777,0.296103,0.306224
n10,mag1,bm-mag1-n10,46bea9ce-7f5f-4bf5-bf45-6df4f16ba7fb,agent_kappa,17.845,1,0,ownership,0.443545,0.85,0.45,0.259103,0.268267,0.443545,0.278542,0.273692
n10,mag1,bm-mag1-n10,184e0737-c47e-4ee3-8c21-8d31249e6559,agent_epsilon,18.01,1,0,ownership,0.521034,0.849999,0.45,0.356667,0.36909,0.521034,0.358685,0.367918
n10,mag1,bm-mag1-n10,9c1317e3-0c0c-483f-b1ec-7fc4afbcfadb,agent_eta,18.18,1,0,ownership,0.44017,0.85,0.45,0.268578,0.277278,0.44017,0.278897,0.275696
n10,mag1,bm-mag1-n10,1ed828b1-6d18-4f0f-8d94-8ca47690eeac,agent_alpha,18.66,1,0,ownership,0.558927,0.84999,0.449998,0.429586,0.424929,0.558927,0.434441,0.43153
n10,mag1,bm-mag1-n10,594feeb2-9ae9-4163-bb7d-08629ad5b53e,agent_eta,18.85,1,0,ownership,0.530026,0.85,0.45,0.359813,0.370609,0.530026,0.362509,0.365681
n10,mag1,bm-mag1-n10,ab8d005c-fefa-4d66-abc3-17316ee54fe5,agent_delta,18.938,1,0,ownership,0.48322,0.849999,0.449999,0.329569,0.330261,0.48322,0.342619,0.342282
n10,mag1,bm-mag1-n10,c4f0f5c9-bfbb-4376-930e-916aed0ab7ed,agent_epsilon,19.365,1,0,ownership,0.521693,0.849999,0.45,0.358683,0.361517,0.521693,0.373033,0.368402
n10,mag1,bm-mag1-n10,01c3a3e8-085b-4d71-aeed-6ecd06a37f5d,agent_delta,19.413,1,0,ownership,0.456645,0.85,0.45,0.281643,0.29176,0.456645,0.283256,0.289004
n10,mag1,bm-mag1-n10,2b6b3b2c-a5e3-4e1c-8005-91eb9800cc13,agent_alpha,19.419,1,0,ownership,0.465013,0.849803,0.449996,0.36338,0.361577,0.465013,0.371835,0.35871
n10,mag1,bm-mag1-n10,c5ecfcca-c6bc-4e53-8c73-ae65bca394ca,agent_theta,19.486,1,0,ownership,0.575812,0.849999,0.449999,0.416099,0.428751,0.575812,0.429667,0.43018
n10,mag1,bm-mag1-n10,68a9aab9-2582-485a-85c9-f5785f2511bc,agent_eta,19.708,1,0,ownership,0.488063,0.849996,0.449998,0.342615,0.35359,0.488063,0.340913,0.347972
n10,mag1,bm-mag1-n10,616de126-7dc3-4628-a5e3-49d4ad863291,agent_delta,20.788,1,0,ownership,0.451661,0.849998,0.45,0.311057,0.304832,0.451661,0.304028,0.299658
n10,mag1,bm-mag1-n10,d9671714-fe8b-436d-9615-37bfa4842b58,agent_kappa,21.101,1,0,ownership,0.446104,0.849995,0.449998,0.304062,0.313202,0.446104,0.309686,0.305395
n10,mag1,bm-mag1-n10,e2b3e4b5-9aaf-4d73-b800-49c0a4c6cb7c,agent_epsilon,21.162,1,0,ownership,0.477696,0.849995,0.449998,0.335467,0.345945,0.477696,0.330108,0.337028
n10,mag1,bm-mag1-n10,f5808d6d-baa8-44d4-b0a6-322fa25e5815,agent_eta,21.236,1,0,ownership,0.498636,0.85,0.45,0.330226,0.341425,0.498636,0.33725,0.33641
n10,mag1,bm-mag1-n10,694b367a-8e7e-4d8f-9f18-192973fad663,agent_alpha,21.443,1,0,ownership,0.465697,0.849935,0.449991,0.358253,0.352937,0.465697,0.347851,0.339917
n10,mag1,bm-mag1-n10,09578687-a322-4598-adeb-3f381ed1c2bd,agent_kappa,21.509,1,0,ownership,0.462684,0.85,0.45,0.299891,0.294959,0.462684,0.286518,0.302732
n10,mag1,bm-mag1-n10,f2409060-8406-489b-9349-ed9cd3b8a211,agent_theta,21.606,1,0,ownership,0.497506,0.849992,0.45,0.367568,0.357433,0.497506,0.369475,0.36066
n10,mag1,bm-mag1-n10,d6f6f3d7-0c99-43a6-bbf2-5190ea1ed0c0,agent_eta,21.748,1,0,ownership,0.489681,0.849998,0.45,0.339972,0.34323,0.489681,0.345157,0.340123
n10,mag1,bm-mag1-n10,8294be5d-3bb6-4064-ba5d-b102f8f8af74,agent_gamma,21.892,1,0,ownership,0.462086,0.849967,0.449995,0.339031,0.344349,0.462086,0.350768,0.340724
n10,mag1,bm-mag1-n10,dc875451-3f37-4993-8a29-6836ea9c59b6,agent_theta,22.514,1,0,ownership,0.506452,0.849999,0.45,0.342319,0.356897,0.506452,0.367601,0.352157
n10,mag1,bm-mag1-n10,fbf76c4d-effd-40e6-9e30-e367eb8aedf4,agent_epsilon,22.851,1,0,ownership,0.447484,0.849987,0.449995,0.324751,0.317981,0.447484,0.313321,0.323205
n10,mag1,bm-mag1-n10,b8e272ef-b71d-4ddc-9f35-d7cc03d92417,agent_delta,23.052,1,0,ownership,0.393882,0.85,0.45,0.230073,0.229614,0.393882,0.220974,0.234081
n10,mag1,bm-mag1-n10,b375628c-a2e2-401e-98e5-bbd9875408ce,agent_kappa,23.425,1,0,ownership,0.587365,0.849998,0.449999,0.437954,0.44128,0.587365,0.452261,0.448825
n10,mag1,bm-mag1-n10,b27fc57f-65e9-412b-bd0c-9cf32e5b337c,agent_theta,23.508,1,0,ownership,0.376244,0.849999,0.45,0.226005,0.221274,0.376244,0.217152,0.226663
n10,mag1,bm-mag1-n10,66da9ab5-db76-4c95-a84d-7b34acdb1881,agent_delta,23.526,1,0,ownership,0.475651,0.85,0.45,0.27696,0.304706,0.475651,0.324302,0.297586
n10,mag1,bm-mag1-n10,ef0ae139-14b5-4a32-a516-a907083b5ee4,agent_eta,23.651,1,0,ownership,0.468671,0.85,0.45,0.286961,0.290219,0.468671,0.296908,0.296023
n10,mag1,bm-mag1-n10,aab6256a-5d92-4837-94a7-8d44cdbc3fff,agent_kappa,23.77,1,0,ownership,0.556472,0.849994,0.45,0.421396,0.413545,0.556472,0.428142,0.412416
n10,mag1,bm-mag1-n10,75d4f2e8-0e63-4572-ae68-23902f4236bd,agent_epsilon,24.329,1,0,ownership,0.465051,0.849993,0.449998,0.328825,0.332251,0.465051,0.335472,0.334096
n10,mag1,bm-mag1-n10,47476230-ae2f-4f67-ae73-460d1158fdb8,agent_gamma,24.486,1,0,ownership,0.520021,0.849998,0.45,0.378146,0.369087,0.520021,0.377714,0.365836
n10,mag1,bm-mag1-n10,53b55435-c3ec-4ab0-8741-30080b06f079,agent_eta,24.751,1,0,ownership,0.538836,0.847463,0.450767,0.447914,0.454663,0.538836,0.478199,0.453958
n10,mag1,bm-mag1-n10,ed1c23dd-e1bf-4855-94b1-2ceddb745504,agent_kappa,25.004,1,0,ownership,0.516749,0.85,0.45,0.325945,0.334585,0.516749,0.355051,0.338079
n10,mag1,bm-mag1-n10,5fd68c7d-db86-4a8e-8177-2ee47af9c048,agent_delta,25.043,1,0,ownership,0.508891,0.849991,0.449999,0.380503,0.375406,0.508891,0.377413,0.365997
n10,mag1,bm-mag1-n10,f5a460ce-cd90-4e2e-b522-695829b2a796,agent_epsilon,25.158,1,0,ownership,0.482926,0.849994,0.449997,0.343537,0.354693,0.482926,0.336013,0.339835
n10,mag1,bm-mag1-n10,f0fe0a10-2c73-4808-8e09-a4e096665420,agent_theta,25.788,1,0,ownership,0.448481,0.849997,0.45,0.283124,0.309631,0.448481,0.311453,0.291605
n10,mag1,bm-mag1-n10,c66f16b7-d62a-435a-9683-578effc08b82,agent_theta,26.505,1,0,ownership,0.435275,0.849983,0.449996,0.283181,0.316346,0.435275,0.314656,0.296821
n10,mag1,bm-mag1-n10,f8c16830-e45d-487a-ade6-0b4e9918f44f,agent_theta,27.456,1,0,ownership,0.465878,0.849933,0.45001,0.329326,0.353447,0.465878,0.36686,0.338706
n10,mag1,bm-mag1-n10,a556cb01-c227-42f9-b9a2-427afaf84c5e,agent_delta,27.996,1,0,ownership,0.455624,0.70205,0.472132,0.38838,0.421204,0.455624,0.436003,0.413814
n10,mag1,bm-mag1-n10,140efcb2-53e3-49f2-ae12-4d614ecbc569,agent_kappa,28.061,1,0,ownership,0.433937,0.849996,0.449999,0.276251,0.299792,0.433937,0.300589,0.289821
n10,mag1,bm-mag1-n10,f7d203a5-7854-46b7-869b-1db4855dc1aa,agent_alpha,28.184,1,0,ownership,0.441545,0.849998,0.45,0.265499,0.299543,0.441545,0.297757,0.281625
n10,mag1,bm-mag1-n10,c1f91e0e-3e9f-4aeb-bc9e-cb0f6ed6220b,agent_delta,28.373,1,0,ownership,0.432124,0.849911,0.449987,0.301502,0.327472,0.432124,0.331774,0.316698
n10,mag1,bm-mag1-n10,3ed69e8f-0e5b-473d-98b0-ce160542e1e3,agent_theta,28.503,1,0,ownership,0.470227,0.849996,0.449999,0.308074,0.337079,0.470227,0.329096,0.318707
n10,mag1,bm-mag1-n10,31578932-81c3-42a1-ac52-3a8389ce3572,agent_theta,29.463,1,0,ownership,0.465774,0.849999,0.45,0.287918,0.318012,0.465774,0.319519,0.304375
n10,mag1,bm-mag1-n10,30f5ff34-9050-417e-ad7a-79ca995241fb,agent_eta,29.519,1,0,ownership,0.470227,0.849996,0.449999,0.308074,0.337079,0.470227,0.329096,0.318707
n10,mag1,bm-mag1-n10,99528d87-8fed-4bc2-a807-5802c2547f9b,agent_delta,29.541,1,0,ownership,0.536802,0.849999,0.45,0.362909,0.387173,0.536802,0.380395,0.371974
n10,mag1,bm-mag1-n10,1ca6fef4-65c8-4601-b493-c23acaaaa97b,agent_kappa,29.797,1,0,ownership,0.4638,0.849999,0.45,0.287307,0.309204,0.4638,0.317982,0.302924
n10,mag1,bm-mag1-n10,166b380f-be75-478b-8a9a-f4e4212537af,agent_eta,30.213,2,0,ownership,0.468524,0.849994,0.449997,0.320588,0.34103,0.468524,0.330501,0.327358
n10,mag1,bm-mag1-n10,c239bd5e-1433-4c6a-ad98-1815226f26b9,agent_delta,30.947,2,0,ownership,0.43826,0.849998,0.45,0.260785,0.292681,0.43826,0.306515,0.283178
n10,mag1,bm-mag1-n10,2fb46896-9135-4ec3-9583-3883761fc5a2,agent_kappa,31.102,2,0,ownership,0.457277,0.849999,0.45,0.284446,0.308135,0.457277,0.319029,0.300457
n10,mag1,bm-mag1-n10,84705e90-da2d-44b5-b85d-ba8055557107,agent_theta,31.186,2,0,ownership,0.419504,0.849994,0.449997,0.263964,0.291776,0.419504,0.282153,0.27512
n10,mag1,bm-mag1-n10,b1ed026d-4edf-4f31-9b22-67633be74b05,agent_theta,31.521,2,0,ownership,0.445773,0.849999,0.45,0.266957,0.29265,0.445773,0.300636,0.282797
n10,mag1,bm-mag1-n10,5f59944c-7541-4286-99bb-d8a91657c3b1,agent_alpha,31.991,2,0,ownership,0.414037,0.84998,0.449991,0.26642,0.298641,0.414037,0.286976,0.283205
n10,mag1,bm-mag1-n10,42d2d004-cd70-4416-b5e0-77f1d7c5a2c3,agent_delta,32.077,2,0,ownership,0.481139,0.85,0.45,0.279775,0.308841,0.481139,0.302319,0.291066
n10,mag1,bm-mag1-n10,fe81f333-6ddf-4480-9b41-a1a1b314f373,agent_eta,32.214,2,0,ownership,0.41259,0.847449,0.448776,0.313295,0.346534,0.41259,0.327612,0.321923
n10,mag1,bm-mag1-n10,caa371d2-eb7d-4b5b-a836-16aefcbd04b8,agent_epsilon,32.342,2,0,ownership,0.506896,0.849997,0.449999,0.346604,0.365487,0.506896,0.371856,0.362888
n10,mag1,bm-mag1-n10,0460c4af-802d-437e-a549-918245761074,agent_delta,32.629,2,0,ownership,0.470911,0.849999,0.45,0.296016,0.317373,0.470911,0.324492,0.311449
n10,mag1,bm-mag1-n10,e76e9e0c-2b31-4116-8b9e-08e840342018,agent_theta,32.69,2,0,time,0.43669,-0.085771,0.488688,0.428544,0.420728,0.417993,0.43669,0.424009
n10,mag1,bm-mag1-n10,0e48c712-5c4c-4cf4-9a0b-7f715722bee7,agent_theta,33.456,2,0,ownership,0.44528,0.848376,0.450231,0.336483,0.364427,0.44528,0.378515,0.355291
n10,mag1,bm-mag1-n10,f491c396-cc09-40d1-8c95-96ff29534394,agent_alpha,33.527,2,0,ownership,0.473653,0.849996,0.449999,0.323543,0.33492,0.473653,0.343258,0.337575
n10,mag1,bm-mag1-n10,7cdf700c-929c-4624-ab3e-762bab351885,agent_delta,33.844,2,0,ownership,0.481139,0.85,0.45,0.279775,0.308841,0.481139,0.302319,0.291066
n10,mag1,bm-mag1-n10,12038e45-09dc-4538-9fd0-37f5dfa52e71,agent_eta,33.864,2,0,ownership,0.407045,0.849997,0.45,0.242371,0.265212,0.407045,0.274562,0.258887
n10,mag1,bm-mag1-n10,315009c3-7c2f-4d95-89e9-fd04e3f1b709,agent_kappa,33.96,2,0,ownership,0.453457,0.849996,0.450001,0.285821,0.307743,0.453457,0.327617,0.298862
n10,mag1,bm-mag1-n10,a55a12d3-5500-4a00-a964-7b5272f623c2,agent_delta,34.147,2,0,ownership,0.469345,0.84979,0.450046,0.344843,0.364346,0.469345,0.383341,0.361969
n10,mag1,bm-mag1-n10,ee252d03-37df-4e19-a71e-a94c12d59701,agent_alpha,34.359,2,0,ownership,0.471865,0.849993,0.45,0.319251,0.339059,0.471865,0.347259,0.33065
n10,mag1,bm-mag1-n10,2dbcfb7c-eb05-4480-b6df-e3212c865ba0,agent_kappa,34.926,2,0,ownership,0.429959,0.84992,0.449969,0.299886,0.328174,0.429959,0.317809,0.305283
n10,mag1,bm-mag1-n10,f1d954ae-de1a-4404-a0b1-f70c251b7903,agent_eta,35.44,2,0,ownership,0.472983,0.84995,0.450001,0.336566,0.358953,0.472983,0.37023,0.353577
n10,mag1,bm-mag1-n10,0c0f8b5d-8e66-49bd-bda7-b854da100203,agent_theta,36.188,2,0,ownership,0.349388,0.848918,0.44998,0.241071,0.266755,0.349388,0.277019,0.261324
n10,mag1,bm-mag1-n10,13445d77-7f9a-4025-bbe7-8d45fd12ed23,agent_kappa,36.444,2,0,ownership,0.460998,0.849984,0.449997,0.318315,0.340827,0.460998,0.340406,0.322488
n10,mag1,bm-mag1-n10,0206d288-af00-4ef9-a1c4-909e11a55e1f,agent_delta,36.454,2,0,ownership,0.486382,0.849912,0.450004,0.351108,0.377412,0.486382,0.389705,0.37188
n10,mag1,bm-mag1-n10,16dfccfd-7026-4ace-9120-f3364e0b6d23,agent_epsilon,36.949,2,0,ownership,0.397008,0.849992,0.45,0.240347,0.266906,0.397008,0.275153,0.253437
n10,mag1,bm-mag1-n10,efd9b202-47ef-4f1c-91bb-ea86492cad0c,agent_delta,37.214,2,0,ownership,0.466651,0.849998,0.45,0.304422,0.32349,0.466651,0.327392,0.308487
n10,mag1,bm-mag1-n10,7bb12ec5-f9a4-4d5d-b0bd-8f7f0aec2eb7,agent_eta,37.282,2,0,ownership,0.471232,0.849959,0.44999,0.326469,0.3608,0.471232,0.360378,0.345405
n10,mag1,bm-mag1-n10,c9594951-0771-47b5-9f64-4c7e18b91e9c,agent_epsilon,37.514,2,0,ownership,0.423507,0.849903,0.449986,0.307923,0.318732,0.423507,0.321905,0.307484
n10,mag1,bm-mag1-n10,c973ff07-d031-415a-a9f9-cd0c869c644b,agent_kappa,37.808,2,0,ownership,0.472411,0.849031,0.449706,0.387171,0.392427,0.472411,0.377012,0.372854
n10,mag1,bm-mag1-n10,2cf1ec9e-241d-4d24-a4cb-c9870339ad9f,agent_theta,37.814,2,0,ownership,0.49647,0.849919,0.449997,0.363541,0.389655,0.49647,0.396544,0.375435
n10,mag1,bm-mag1-n10,899a77e4-b324-45b6-9755-b236a21376a5,agent_epsilon,38.392,2,0,ownership,0.453407,0.849998,0.45,0.299852,0.306711,0.453407,0.316511,0.300584
n10,mag1,bm-mag1-n10,d1c25790-9493-4b11-928a-a7135837eaea,agent_delta,38.761,2,0,ownership,0.501609,0.849966,0.449997,0.37321,0.385227,0.501609,0.391474,0.376711
n10,mag1,bm-mag1-n10,0815ab38-24fb-4db2-ae87-d5064c63b1b7,agent_alpha,39.007,2,0,ownership,0.491922,0.849936,0.450005,0.3637,0.379401,0.491922,0.39158,0.371521
n10,mag1,bm-mag1-n10,a371a412-4214-4795-a92d-a58b917a051e,agent_delta,39.326,2,0,ownership,0.432068,0.847971,0.449258,0.348637,0.360243,0.432068,0.353709,0.350296
n10,mag1,bm-mag1-n10,0d8a093d-2aaa-460b-aa03-53f8fcc753b8,agent_eta,39.373,2,0,ownership,0.416057,0.849999,0.449999,0.253109,0.271157,0.416057,0.263561,0.263559
n10,mag1,bm-mag1-n10,390014fd-67d0-4ccb-a3a4-2fdaf1d7f003,agent_theta,39.471,2,0,ownership,0.466342,0.849996,0.449998,0.30507,0.335169,0.466342,0.324445,0.317811
n10,mag1,bm-mag1-n10,4fbb15ae-517c-498e-81ad-2f1f49f7d9f4,agent_eta,40.519,2,0,ownership,0.462467,0.849908,0.449981,0.3303,0.359933,0.462467,0.359575,0.338258
n10,mag1,bm-mag1-n10,1347ce33-0be6-4798-95d2-4854b3df1541,agent_theta,40.596,2,0,ownership,0.518899,0.849849,0.450012,0.405635,0.414674,0.518899,0.426127,0.403163
n10,mag1,bm-mag1-n10,155663ea-71d6-4e8f-b702-87cee39783c1,agent_kappa,40.991,2,0,ownership,0.462061,0.849993,0.449999,0.316448,0.331745,0.462061,0.335725,0.321662
n10,mag1,bm-mag1-n10,4ffb1226-667f-46d7-9084-ad24f51616b8,agent_delta,41.419,2,0,ownership,0.481649,0.849998,0.45,0.326377,0.336992,0.481649,0.336411,0.328014
n10,mag1,bm-mag1-n10,4d485ccf-c67b-46ad-8b35-96d94ce6d00f,agent_delta,42.324,2,0,ownership,0.421676,0.84931,0.449829,0.310599,0.339865,0.421676,0.337588,0.318201
n10,mag1,bm-mag1-n10,f804196a-59d8-4c87-9d62-913a261952e8,agent_theta,42.42,2,0,ownership,0.430632,0.849357,0.449819,0.341162,0.345019,0.430632,0.339828,0.336154
n10,mag1,bm-mag1-n10,b4bc7217-5ee4-4ac5-92fb-073284ff4211,agent_kappa,42.864,2,0,ownership,0.462708,0.849997,0.449999,0.292023,0.327524,0.462708,0.319369,0.298627
n10,mag1,bm-mag1-n10,f65da5e9-fbc0-40f1-8323-d2874c3762cd,agent_delta,43.262,2,0,ownership,0.394215,0.85,0.45,0.198794,0.229118,0.394215,0.247128,0.22553
n10,mag1,bm-mag1-n10,37059b2f-33fc-43fc-a83c-968901a7191d,agent_eta,43.342,2,0,ownership,0.439495,0.849993,0.449998,0.279683,0.313031,0.439495,0.306613,0.291925
n10,mag1,bm-mag1-n10,97ec1c3a-11e8-405c-a06e-d53a64dfa70b,agent_theta,43.958,2,0,ownership,0.494167,0.849991,0.450001,0.332026,0.36222,0.494167,0.374299,0.351623
n10,mag1,bm-mag1-n10,98e87a73-e02a-4675-99a6-a908e62b9e62,agent_theta,44.626,2,0,ownership,0.47807,0.849997,0.45,0.307617,0.333874,0.47807,0.346488,0.318773
n10,mag1,bm-mag1-n10,1649154e-3508-4385-a397-61c7109a243f,agent_kappa,44.791,2,0,ownership,0.429388,0.848069,0.449513,0.348575,0.352337,0.429388,0.35752,0.35322
n10,mag1,bm-mag1-n10,84e14406-5a33-4644-9931-ba338d5e6fae,agent_alpha,44.981,2,0,ownership,0.48715,0.849947,0.449995,0.36118,0.376633,0.48715,0.380523,0.359884
n10,mag1,bm-mag1-n10,2d395cea-e4fc-40ca-8207-7d9f0ff0d44a,agent_delta,45.302,3,0,ownership,0.468256,0.849739,0.44994,0.351943,0.376132,0.468256,0.375077,0.357909
n10,mag1,bm-mag1-n10,77bade64-cc48-4473-8aaa-3a7a67466696,agent_epsilon,45.476,3,0,ownership,0.438839,0.849994,0.449998,0.296401,0.308069,0.438839,0.304567,0.29657
n10,mag1,bm-mag1-n10,93b49572-1fad-484b-adbb-3a0dd4afc92d,agent_delta,46.262,3,0,ownership,0.428041,0.849959,0.449999,0.29717,0.313311,0.428041,0.321177,0.300239
n10,mag1,bm-mag1-n10,da28a940-b6f6-4259-b474-ff1f7a982127,agent_theta,46.474,3,0,time,0.372052,-0.19197,0.246967,0.35557,0.369122,0.347294,0.372052,0.360791
n10,mag1,bm-mag1-n10,0c69666a-a42b-4ead-b743-c8c095d2a440,agent_kappa,46.609,3,0,ownership,0.384486,0.849957,0.449988,0.249791,0.275332,0.384486,0.270527,0.249725
n10,mag1,bm-mag1-n10,6cb66954-f64a-4cd4-8d87-267ef40ded78,agent_eta,46.646,3,0,ownership,0.470558,0.849998,0.45,0.318551,0.326593,0.470558,0.332011,0.32052
n10,mag1,bm-mag1-n10,8bb3c589-d04a-4c85-9d87-caeef075d4fe,agent_delta,47.437,3,0,ownership,0.335906,0.848044,0.449058,0.237903,0.26741,0.335906,0.240633,0.232197
n10,mag1,bm-mag1-n10,bd04e8ed-91d4-4029-9110-98fac3894fe4,agent_kappa,47.481,3,0,ownership,0.471501,0.849999,0.45,0.303825,0.318811,0.471501,0.315925,0.306908
n10,mag1,bm-mag1-n10,58b180e5-8c52-49c5-b4b4-ebb215ded8fe,agent_eta,47.638,3,0,ownership,0.486144,0.849999,0.45,0.329867,0.32563,0.486144,0.34052,0.335935
n10,mag1,bm-mag1-n10,120af5ad-74ef-4c14-9b46-3ba67a54e3f1,agent_theta,48.154,3,0,ownership,0.441364,0.849999,0.45,0.264059,0.282645,0.441364,0.291116,0.277593
n10,mag1,bm-mag1-n10,9554f670-8a1a-4873-b9da-ac9dac0ac066,agent_delta,48.468,3,0,ownership,0.502364,0.849991,0.449999,0.360232,0.372777,0.502364,0.379597,0.369267
n10,mag1,bm-mag1-n10,6088402a-d3a5-4523-be5f-39a04af8959e,agent_delta,49.459,3,0,ownership,0.44417,0.849998,0.45,0.285381,0.299563,0.44417,0.305239,0.295465
n10,mag1,bm-mag1-n10,98c7524d-ca15-4135-8301-376dfa7f2680,agent_theta,49.468,3,0,ownership,0.456612,0.849995,0.449998,0.311821,0.323487,0.456612,0.323443,0.324067
n10,mag1,bm-mag1-n10,d9713a34-de6c-4f4d-a21f-39eba047a6e4,agent_eta,50.332,3,0,ownership,0.460443,0.849999,0.45,0.285696,0.307972,0.460443,0.311594,0.296467
n10,mag1,bm-mag1-n10,3711a992-acdd-404c-bed8-fdb24bfe0c2c,agent_kappa,50.445,3,0,ownership,0.405502,0.849994,0.449998,0.264576,0.272732,0.405502,0.276388,0.275491
n10,mag1,bm-mag1-n10,940732bc-db23-412e-8b2b-99e8d4100476,agent_eta,50.859,3,0,ownership,0.5274,0.849956,0.449981,0.399818,0.416915,0.5274,0.415741,0.414352
n10,mag1,bm-mag1-n10,431969dc-8fc7-49d5-970b-b82738039d19,agent_delta,50.928,3,0,ownership,0.337531,0.767794,0.441897,0.291226,0.290318,0.337531,0.311197,0.304835
n10,mag1,bm-mag1-n10,cfac5c6f-9372-4a00-93b5-fa34f87e7189,agent_theta,51.605,3,0,ownership,0.4887,0.849902,0.449977,0.370215,0.384564,0.4887,0.387666,0.379108
n10,mag1,bm-mag1-n10,e7a0fd08-095e-4f66-9327-44b3f76b65ae,agent_eta,51.619,3,0,ownership,0.441654,0.849999,0.45,0.258834,0.290404,0.441654,0.288537,0.278759
n10,mag1,bm-mag1-n10,89d58370-d8f5-4a5f-9439-1b26232e2cb2,agent_kappa,52.608,3,0,ownership,0.538663,0.849995,0.449999,0.375365,0.404705,0.538663,0.411484,0.397971
n10,mag1,bm-mag1-n10,702d3a4e-f407-43f3-9492-90b0ae9692b4,agent_delta,52.713,3,0,ownership,0.494986,0.849998,0.449999,0.350477,0.348118,0.494986,0.343712,0.350694
n10,mag1,bm-mag1-n10,bea2e5da-67c5-44df-a82a-9e6d0d2565ec,agent_eta,52.814,3,0,ownership,0.542565,0.849999,0.45,0.372938,0.395138,0.542565,0.400456,0.385879
n10,mag1,bm-mag1-n10,405c7804-b2be-4bca-8c76-6b8ed63170a5,agent_theta,52.984,3,0,ownership,0.527872,0.849897,0.449948,0.413203,0.427011,0.527872,0.417839,0.42163
n10,mag1,bm-mag1-n10,3ff86194-5291-4f35-a084-4df465a5631f,agent_eta,53.878,3,0,ownership,0.476255,0.849998,0.449999,0.313745,0.339965,0.476255,0.322876,0.32011
n10,mag1,bm-mag1-n10,5bc9dd30-723a-4bc5-8a76-01a6956906bd,agent_eta,54.81,3,0,ownership,0.528857,0.849323,0.44971,0.440508,0.440734,0.528857,0.444099,0.446877
n10,mag1,bm-mag1-n10,454dde37-3fba-4b21-b432-394e49b34764,agent_delta,55.494,3,0,ownership,0.518248,0.849986,0.449994,0.388102,0.389643,0.518248,0.39877,0.400167
n10,mag1,bm-mag1-n10,552693b5-02cd-4e85-9114-9083a1f09294,agent_eta,55.678,3,0,ownership,0.489245,0.849955,0.449977,0.369182,0.381141,0.489245,0.347595,0.36883
n10,mag1,bm-mag1-n10,5009041d-6f28-4563-a7ab-6a7d6352e519,agent_delta,57.352,3,0,ownership,0.557515,0.85,0.45,0.365332,0.38616,0.557515,0.397042,0.384109
n10,mag5,bm-mag5-n10,89b0e781-23f8-4ca9-b92d-39c760a9ea04,agent_alpha,0.0,0,0,ownership,0.386723,0.844424,0.44725,0.29744,0.328487,0.386723,0.308642,0.306102
n10,mag5,bm-mag5-n10,7b9bf72a-60a4-4677-b825-34fc5f0be34d,agent_beta,0.334,0,0,ownership,0.394287,0.846033,0.448358,0.314566,0.329992,0.394287,0.322552,0.320327
n10,mag5,bm-mag5-n10,4a7c15bb-9944-4535-ab7c-24957f81a5ca,agent_gamma,0.558,0,0,ownership,0.457798,0.82643,0.436482,0.382192,0.41391,0.457798,0.397432,0.402203
n10,mag5,bm-mag5-n10,144f46f9-0e3c-4509-98d5-cb70fe10dd8f,agent_delta,0.697,0,0,ownership,0.42866,0.822815,0.435696,0.327357,0.387355,0.42866,0.347032,0.344516
n10,mag5,bm-mag5-n10,0ce91176-ac9c-403b-9087-bb9fd8d50d85,agent_zeta,0.78,0,0,ownership,0.474312,0.846624,0.448335,0.392304,0.410497,0.474312,0.374536,0.388934
n10,mag5,bm-mag5-n10,88c4b9fb-e138-4912-b392-4563d24793b7,agent_eta,0.784,0,0,ownership,0.375837,0.848201,0.449058,0.280999,0.305923,0.375837,0.286185,0.289985
n10,mag5,bm-mag5-n10,4b9ab348-6c55-4788-9a01-e13e4c6a4906,agent_iota,0.785,0,0,ownership,0.414287,0.76905,0.407644,0.344075,0.384047,0.414287,0.347109,0.349368
n10,mag5,bm-mag5-n10,81fd364a-2bd4-4be3-a32f-8e147b9fdee2,agent_epsilon,0.807,0,0,ownership,0.479259,0.58944,0.296448,0.424957,0.461765,0.479259,0.444171,0.449788
n10,mag5,bm-mag5-n10,03b09777-9395-4daf-8545-dbcd82a28a98,agent_kappa,0.916,0,0,ownership,0.46476,0.793231,0.420691,0.391598,0.430698,0.46476,0.400257,0.398997
n10,mag5,bm-mag5-n10,48f98830-ff41-4eba-8029-55253007afcc,agent_theta,1.145,0,0,ownership,0.448162,0.804375,0.426642,0.383138,0.411589,0.448162,0.374601,0.381609
n10,mag5,bm-mag5-n10,f4760181-ff26-4370-bbc2-4678709e3525,agent_alpha,1.166,0,0,ownership,0.511754,0.847357,0.448593,0.393169,0.447026,0.511754,0.397007,0.405653
n10,mag5,bm-mag5-n10,fadab236-d099-4557-a208-fb939862fb68,agent_gamma,1.483,0,0,ownership,0.482436,0.837744,0.443223,0.381467,0.432965,0.482436,0.399188,0.407598
n10,mag5,bm-mag5-n10,cb3c3865-93f9-4671-a985-84d51a1967df,agent_eta,1.792,0,0,ownership,0.452062,0.817574,0.431517,0.363904,0.412563,0.452062,0.363757,0.387881
n10,mag5,bm-mag5-n10,1537e96d-6b54-4c6c-9a93-777c3a924fb9,agent_theta,1.816,0,0,ownership,0.510471,0.840579,0.44481,0.409612,0.458039,0.510471,0.434572,0.438193
n10,mag5,bm-mag5-n10,cafd64fa-07ad-4217-8988-4983756c2b33,agent_iota,1.848,0,0,ownership,0.485591,0.830573,0.439286,0.387939,0.440831,0.485591,0.403278,0.413566
n10,mag5,bm-mag5-n10,b32560f6-a540-49dd-a292-1bd129169fb3,agent_delta,1.871,0,0,ownership,0.515614,0.84721,0.44856,0.418811,0.450888,0.515614,0.420302,0.422952
n10,mag5,bm-mag5-n10,c1bdc6d3-439c-427c-9d9a-e1c6503e389f,agent_kappa,1.942,0,0,ownership,0.464826,0.747759,0.395291,0.374822,0.437222,0.464826,0.400361,0.403858
n10,mag5,bm-mag5-n10,c15b1e6b-a66d-4a16-9929-07492b425758,agent_beta,2.372,0,0,ownership,0.42703,0.83057,0.439418,0.34735,0.382109,0.42703,0.328984,0.35435
n10,mag5,bm-mag5-n10,0c801124-2cd5-451e-b77a-71d3614eb81c,agent_epsilon,2.458,0,0,ownership,0.525371,0.848248,0.448995,0.429941,0.455776,0.525371,0.417684,0.43856
n10,mag5,bm-mag5-n10,11390dac-7500-4c4b-aeb7-82cb4bd3b390,agent_zeta,2.718,0,0,time,0.542738,-0.125143,0.576956,0.515978,0.528702,0.438774,0.542738,0.520243
n10,mag5,bm-mag5-n10,cbc2351d-82de-4144-be28-2c156bab150f,agent_iota,2.762,0,0,ownership,0.538153,0.836327,0.44223,0.45719,0.489586,0.538153,0.442447,0.468098
n10,mag5,bm-mag5-n10,4591ce42-6ab2-4952-8f87-396085254329,agent_eta,2.789,0,0,ownership,0.497835,0.83892,0.442969,0.420139,0.446868,0.497835,0.401303,0.433816
n10,mag5,bm-mag5-n10,bee48396-5917-4951-915f-83cb0ac1a155,agent_kappa,2.81,0,0,ownership,0.527135,0.826208,0.436155,0.448733,0.484292,0.527135,0.433462,0.463621
n10,mag5,bm-mag5-n10,15f9895b-07f7-4df5-a37c-d82edce25791,agent_gamma,2.867,0,0,ownership,0.432749,0.352746,0.175845,0.372061,0.424068,0.432749,0.387782,0.39729
n10,mag5,bm-mag5-n10,8b8ffdb0-1336-4190-9585-b39e7f9df554,agent_zeta,3.721,0,0,ownership,0.518404,0.622865,0.329391,0.464003,0.499471,0.518404,0.429869,0.465206
n10,mag5,bm-mag5-n10,590b2d29-6822-4c74-98eb-d50e8bace2f1,agent_gamma,3.881,0,0,ownership,0.529356,0.834952,0.441787,0.450572,0.481736,0.529356,0.420278,0.455898
n10,mag5,bm-mag5-n10,7930d504-e36a-45b9-bb7a-1c87936ee87a,agent_iota,4.014,0,0,ownership,0.510827,0.837155,0.442737,0.429372,0.461639,0.510827,0.41078,0.439505
n10,mag5,bm-mag5-n10,3d4674ce-7528-4f9e-973f-6d60c1f0f11d,agent_delta,4.084,0,0,ownership,0.50961,0.84929,0.44957,0.389116,0.431368,0.50961,0.40323,0.415625
n10,mag5,bm-mag5-n10,266fa808-e02f-4869-b854-8060d1dac665,agent_eta,4.308,0,0,ownership,0.562581,0.840536,0.444843,0.472868,0.510478,0.562581,0.45688,0.48142
n10,mag5,bm-mag5-n10,77aaf3ce-a225-4183-8ae5-48e6eb45dce9,agent_beta,4.405,0,0,ownership,0.489579,0.849528,0.449703,0.394237,0.404509,0.489579,0.370741,0.399787
n10,mag5,bm-mag5-n10,9c928530-bf26-48a8-b26e-a43a2e4b4854,agent_gamma,4.589,0,0,ownership,0.49271,0.849711,0.449821,0.380646,0.40454,0.49271,0.382524,0.394698
n10,mag5,bm-mag5-n10,466aa712-f1fd-4c47-9620-3ad545e34613,agent_beta,4.687,0,0,ownership,0.551338,0.84796,0.448661,0.475701,0.47805,0.551338,0.453232,0.480397
n10,mag5,bm-mag5-n10,1bd93bce-870c-4a28-b185-078f5f713c8b,agent_iota,4.755,0,0,ownership,0.431322,0.848314,0.448985,0.344105,0.360316,0.431322,0.317447,0.350092
n10,mag5,bm-mag5-n10,ed09aa55-8b50-4ee4-b47a-3390ff08abe0,agent_epsilon,4.814,0,0,ownership,0.566748,0.847132,0.448466,0.461754,0.502747,0.566748,0.433342,0.466713
n10,mag5,bm-mag5-n10,4ebec0ca-bfb1-4681-a3e0-c25d13aac0b7,agent_kappa,5.432,0,0,ownership,0.554223,0.849103,0.449161,0.465679,0.475151,0.554223,0.451409,0.478983
n10,mag5,bm-mag5-n10,effb53a5-5563-4bd1-8a52-fae808e1d934,agent_gamma,5.606,0,0,ownership,0.546126,0.83596,0.442592,0.46531,0.497862,0.546126,0.432334,0.464842
n10,mag5,bm-mag5-n10,c6e73d1d-bfc0-4671-aa36-4d4927675dfa,agent_iota,5.715,0,0,ownership,0.470427,0.847797,0.448856,0.381857,0.402781,0.470427,0.344137,0.380369
n10,mag5,bm-mag5-n10,b20aeb94-5860-4cfe-8872-4e04aea69bc8,agent_zeta,5.775,0,0,ownership,0.472682,0.837032,0.443747,0.40995,0.421188,0.472682,0.362223,0.406097
n10,mag5,bm-mag5-n10,bd0e1338-3abb-4989-a851-fe70b275bc97,agent_gamma,6.603,0,0,ownership,0.50898,0.84956,0.449745,0.409661,0.424261,0.50898,0.379144,0.413755
n10,mag5,bm-mag5-n10,7b94514e-9608-4091-b3c9-6ffed935d4a6,agent_iota,6.8,0,0,ownership,0.492706,0.83885,0.444017,0.420577,0.441321,0.492706,0.375195,0.421704
n10,mag5,bm-mag5-n10,bc7924b3-30f9-4c6f-b6f9-6f40120aa71e,agent_epsilon,6.996,0,0,ownership,0.516422,0.842635,0.446379,0.438506,0.461051,0.516422,0.382709,0.427311
n10,mag5,bm-mag5-n10,cae77620-aab0-4d6f-a085-66b9699c91f4,agent_delta,7.372,0,0,ownership,0.607443,0.547366,0.312279,0.579397,0.589288,0.607443,0.541886,0.573503
n10,mag5,bm-mag5-n10,60691ab5-537f-4b63-bdb0-445de08db5ae,agent_eta,7.417,0,0,ownership,0.568302,0.227886,0.093596,0.542819,0.562928,0.568302,0.534291,0.549981
n10,mag5,bm-mag5-n10,a567b30f-f938-4aef-a3c5-3c027f7f407d,agent_epsilon,7.435,0,0,ownership,0.526696,0.838019,0.443926,0.455825,0.475961,0.526696,0.412805,0.452108
n10,mag5,bm-mag5-n10,67c4ff53-3318-46b8-9295-0d2d1c063134,agent_gamma,7.633,0,0,ownership,0.602864,0.837583,0.446253,0.547883,0.545603,0.602864,0.497112,0.536161
n10,mag5,bm-mag5-n10,f2414daa-0096-4bb4-9495-be9d688d85b5,agent_iota,7.813,0,0,ownership,0.539649,0.805498,0.426953,0.485118,0.501773,0.539649,0.448228,0.484067
n10,mag5,bm-mag5-n10,74dd992f-ecae-48e4-a52c-16a514e77862,agent_epsilon,8.573,0,0,ownership,0.519908,0.838936,0.446146,0.458946,0.465413,0.519908,0.399765,0.436558
n10,mag5,bm-mag5-n10,e59729aa-492c-471b-b8fb-e807c12181a0,agent_kappa,8.742,0,0,evidence,0.435489,-0.061965,0.150029,0.435489,0.421163,0.426114,0.414208,0.431494
n10,mag5,bm-mag5-n10,90d52635-a7dc-456d-a465-bf3f1bb14c67,agent_gamma,8.777,0,0,ownership,0.433989,0.604044,0.33041,0.400234,0.414184,0.433989,0.372967,0.396525
n10,mag5,bm-mag5-n10,d28cb470-03ff-43e9-8af3-ccef9c1be123,agent_eta,8.817,0,0,ownership,0.631765,0.792252,0.423624,0.581089,0.596327,0.631765,0.536469,0.569686
n10,mag5,bm-mag5-n10,f87abb5c-70e1-44d1-98fc-7d94a302999a,agent_alpha,8.989,0,0,ownership,0.553559,0.809839,0.440585,0.512014,0.505974,0.553559,0.44654,0.497115
n10,mag5,bm-mag5-n10,9913e0a0-c00b-4481-916b-5dd6816398c7,agent_zeta,9.564,0,0,ownership,0.564027,0.76363,0.411113,0.517631,0.532786,0.564027,0.465309,0.504061
n10,mag5,bm-mag5-n10,4391933b-4b2a-4d6b-8535-553e3f74b626,agent_epsilon,9.638,0,0,ownership,0.533352,0.59408,0.335773,0.500587,0.513803,0.533352,0.453923,0.489726
n10,mag5,bm-mag5-n10,9adc05c9-9b96-40bd-bd30-4b1a21985ed7,agent_iota,9.738,0,0,ownership,0.539721,0.820135,0.437439,0.486213,0.496415,0.539721,0.420952,0.47428
n10,mag5,bm-mag5-n10,dae2ec6c-4b05-4234-85a2-687734d3f5bd,agent_beta,10.682,0,0,ownership,0.511359,0.773243,0.426718,0.474502,0.473408,0.511359,0.419723,0.461566
n10,mag5,bm-mag5-n10,8dddbf5e-9935-421a-ac41-4ec99fc7a14b,agent_gamma,10.707,0,0,ownership,0.572636,0.790525,0.420133,0.525,0.536847,0.572636,0.4837,0.522982
n10,mag5,bm-mag5-n10,d478b12e-17ea-4e8e-84ce-db607287d6ee,agent_iota,10.774,0,0,ownership,0.537651,0.847083,0.448455,0.450516,0.472948,0.537651,0.424469,0.451219
n10,mag5,bm-mag5-n10,cc945473-bb87-474b-9da6-b209d86ce93a,agent_zeta,10.895,0,0,ownership,0.557359,0.763393,0.405583,0.505868,0.526997,0.557359,0.472585,0.503287
n10,mag5,bm-mag5-n10,15c005d2-133a-41ed-add9-1497602ad994,agent_alpha,10.922,0,0,ownership,0.566833,0.842686,0.448917,0.510066,0.496649,0.566833,0.449481,0.493128
n10,mag5,bm-mag5-n10,1093163b-3777-4475-b3f0-5b661be27427,agent_delta,11.602,0,0,ownership,0.627304,0.689363,0.386929,0.602227,0.591355,0.627304,0.570983,0.599021
n10,mag5,bm-mag5-n10,6cb3c25e-f29c-49d6-a86b-40950594520e,agent_epsilon,11.736,0,0,ownership,0.553613,0.820964,0.434812,0.494319,0.511434,0.553613,0.456982,0.49383
n10,mag5,bm-mag5-n10,7273a5d7-b819-49e9-99dd-1f336ae7ef68,agent_iota,11.737,0,0,ownership,0.621733,0.846878,0.448588,0.554796,0.547132,0.621733,0.52363,0.553135
n10,mag5,bm-mag5-n10,ccea4b56-9508-4612-af3d-440b7afca4c7,agent_gamma,11.94,0,0,ownership,0.676906,0.719884,0.424822,0.650574,0.633173,0.676906,0.607304,0.639713
n10,mag5,bm-mag5-n10,46697bcc-dc0a-4e82-be17-240e2c577c99,agent_gamma,12.598,0,0,ownership,0.648076,0.773131,0.426002,0.614477,0.604591,0.648076,0.580402,0.607912
n10,mag5,bm-mag5-n10,7f618ceb-e622-4ec2-9bd9-13049d3c894c,agent_iota,12.823,0,0,ownership,0.639016,0.500106,0.346014,0.624093,0.611351,0.639016,0.57396,0.617158
n10,mag5,bm-mag5-n10,64b2a4cb-78d9-4a3a-96fd-a8e26e102884,agent_zeta,12.85,0,0,ownership,0.637453,0.846838,0.447586,0.567251,0.565845,0.637453,0.559075,0.575367
n10,mag5,bm-mag5-n10,9099daf4-8fe4-43f3-af01-9065cf05840d,agent_alpha,12.916,0,0,ownership,0.52495,0.312867,0.331836,0.517679,0.498228,0.52495,0.490131,0.509525
n10,mag5,bm-mag5-n10,6b5c83dc-3e70-47ee-a0e3-c171bf165a04,agent_epsilon,13.435,0,0,ownership,0.631375,0.587271,0.291795,0.598418,0.612822,0.631375,0.5703,0.603763
n10,mag5,bm-mag5-n10,86216f1a-f9aa-46bc-a8fa-5ac91b4c2ac3,agent_eta,13.773,0,0,ownership,0.658023,0.828513,0.436794,0.591411,0.613259,0.658023,0.579493,0.601499
n10,mag5,bm-mag5-n10,2457f56e-bbfa-4117-bade-26b9fc9e4f5f,agent_gamma,14.122,0,0,ownership,0.644664,0.786722,0.432237,0.608092,0.601066,0.644664,0.575425,0.598828
n10,mag5,bm-mag5-n10,7ce2d77f-6612-4f29-8011-ca0b243960f8,agent_iota,14.309,0,0,ownership,0.57002,0.827543,0.440598,0.513793,0.523743,0.57002,0.461448,0.501986
n10,mag5,bm-mag5-n10,15986826-bdfe-4dd5-a1bf-ac8abff7848c,agent_iota,14.753,0,0,ownership,0.599542,0.456959,0.256388,0.579542,0.58338,0.599542,0.558066,0.579059
n10,mag5,bm-mag5-n10,0a4c5806-2483-44c1-a128-ad34adf85b8b,agent_eta,14.799,0,0,ownership,0.593041,0.663936,0.340961,0.541343,0.571639,0.593041,0.541018,0.55534
n10,mag5,bm-mag5-n10,60e2c897-53db-4dfa-9912-bb7c27abb8d7,agent_gamma,15.342,1,0,ownership,0.567363,0.769994,0.372864,0.532184,0.528208,0.567363,0.51841,0.541617
n10,mag5,bm-mag5-n10,409f4f3a-dd87-4f9e-8d76-318375e8bc61,agent_zeta,16.279,1,0,ownership,0.543461,0.749084,0.391878,0.504195,0.512328,0.543461,0.476654,0.506975
n10,mag5,bm-mag5-n10,13f0b5b2-35bc-4d54-a2de-5c65a52963c1,agent_delta,16.784,1,0,ownership,0.607904,0.717341,0.377562,0.54773,0.582877,0.607904,0.545682,0.557898
n10,mag5,bm-mag5-n10,5b4fb00a-4f2d-4e08-983d-98e24ee94209,agent_epsilon,16.842,1,0,ownership,0.672522,0.763245,0.417501,0.640473,0.630039,0.672522,0.600843,0.636313
n10,mag5,bm-mag5-n10,937996e1-60c1-42e3-a419-814d450741d1,agent_iota,17.593,1,0,risk,0.579073,0.322137,0.052354,0.573841,0.562735,0.576927,0.555462,0.579073
n10,mag5,bm-mag5-n10,47369a12-d9bc-4f6e-bf21-f46592f1df15,agent_zeta,17.613,1,0,ownership,0.587372,0.715577,0.388672,0.552383,0.558678,0.587372,0.522293,0.548613
n10,mag5,bm-mag5-n10,8558bcf8-d2ba-4fa8-92db-55a41000912f,agent_eta,17.923,1,0,ownership,0.537136,0.756055,0.412046,0.497746,0.502275,0.537136,0.498585,0.500885
n10,mag5,bm-mag5-n10,bbdad42a-f541-4064-a899-d178fc3baf2c,agent_zeta,18.019,1,0,ownership,0.627207,0.796626,0.412477,0.577913,0.589508,0.627207,0.575907,0.589337
n10,mag5,bm-mag5-n10,8e287122-6c79-4727-9000-8c24ee1ed026,agent_zeta,19.188,1,0,ownership,0.632332,0.747932,0.307387,0.59895,0.598495,0.632332,0.5853,0.613573
n10,mag5,bm-mag5-n10,76fa592b-6876-40e7-8b2a-192ef574aea4,agent_delta,20.044,1,0,ownership,0.47044,0.571066,0.278959,0.44858,0.448116,0.47044,0.433181,0.452617
n10,mag5,bm-mag5-n10,6d8c7b7c-42df-4df9-b179-abd5522420b5,agent_zeta,20.203,1,0,ownership,0.610078,0.272675,0.146779,0.607144,0.591583,0.610078,0.576633,0.607499
n10,mag5,bm-mag5-n10,ac3001c5-3215-4ebc-afd5-38090da77cff,agent_epsilon,20.36,1,0,ownership,0.691188,0.717365,0.380977,0.663608,0.653808,0.691188,0.641599,0.664408
n10,mag5,bm-mag5-n10,b54d7b77-db1b-495a-9998-f666130791fe,agent_delta,21.442,1,1,ownership,0.410388,0.535444,0.317254,0.381799,0.392173,0.410388,0.382572,0.383868
n10,mag5,bm-mag5-n10,cebe1aa6-6212-491f-833e-f90a9023bf5d,agent_epsilon,21.639,1,0,testing,0.650374,-0.117223,-0.005945,0.645776,0.650374,0.646677,0.624188,0.644141
n10,mag5,bm-mag5-n10,d7f3b019-2491-436c-b149-2e83974f42a1,agent_zeta,21.71,1,0,ownership,0.548286,0.119511,0.048643,0.53328,0.545244,0.548286,0.511026,0.53552
n10,mag5,bm-mag5-n10,0016067e-0935-421e-b040-58f025627a6d,agent_delta,21.838,1,0,testing,0.47758,-0.248933,0.049985,0.468365,0.47758,0.467218,0.468189,0.466225
n10,mag5,bm-mag5-n10,cec1f563-df4d-4e3c-acf2-1415853537da,agent_iota,22.374,1,0,ownership,0.583751,0.432883,0.227371,0.56608,0.568158,0.583751,0.543224,0.567154
n10,mag5,bm-mag5-n10,577be25c-a58f-4e6f-b6f3-30b1fe70ccd1,agent_zeta,22.56,1,1,ownership,0.610317,0.489817,0.252999,0.591964,0.591584,0.610317,0.564304,0.59309
n10,mag5,bm-mag5-n10,9accc709-1f6d-430e-928f-227ac66b6747,agent_iota,22.868,1,0,evidence,0.667923,-0.306598,0.046233,0.667923,0.660397,0.645813,0.633076,0.662362
n10,mag5,bm-mag5-n10,a6957f49-a9e6-42af-aef0-3123e67a6857,agent_epsilon,22.886,1,0,testing,0.602393,-0.462389,-0.259219,0.581887,0.602393,0.584891,0.55348,0.583875
n10,mag5,bm-mag5-n10,f3ea9028-4d87-4fac-a102-f42b0a55a1cf,agent_delta,22.899,1,0,testing,0.420172,-0.203953,-0.066101,0.398381,0.420172,0.415712,0.364491,0.38834
n10,mag5,bm-mag5-n10,22d488ce-edac-4c0e-b54e-9003453ae870,agent_zeta,23.54,1,0,testing,0.642409,0.113803,-0.066908,0.625814,0.642409,0.641015,0.62394,0.639022
n10,mag5,bm-mag5-n10,12109c93-bdc4-4917-8dce-0be76d9cc8dc,agent_iota,23.811,1,0,testing,0.466291,-0.360834,-0.213496,0.443549,0.466291,0.454163,0.418399,0.447029
n10,mag5,bm-mag5-n10,0877e982-4ffe-4f9a-b657-71a8e415e0bc,agent_eta,23.903,1,0,testing,0.584019,-0.02912,-0.049604,0.572071,0.584019,0.581203,0.557681,0.576242
n10,mag5,bm-mag5-n10,a7b08d0a-a053-416c-87ef-6fe8837d8939,agent_epsilon,24.267,1,0,testing,0.581744,-0.185048,-0.062499,0.568192,0.581744,0.5765,0.546243,0.566188
n10,mag5,bm-mag5-n10,70dbd521-8b44-42cc-9a52-1870c57ca471,agent_epsilon,24.805,1,0,risk,0.588622,0.137354,0.100403,0.574356,0.579157,0.556127,0.587275,0.588622
n10,mag5,bm-mag5-n10,d149d6cd-9028-4f89-b149-59b9d6b46a81,agent_zeta,24.889,1,0,testing,0.464239,-0.507995,-0.205291,0.449538,0.464239,0.44573,0.422987,0.445039
n10,mag5,bm-mag5-n10,83c009df-2ea0-4e57-b655-aceeb7d88925,agent_zeta,25.452,1,0,ownership,0.532643,0.434195,0.330756,0.498534,0.517069,0.532643,0.527513,0.522908
n10,mag5,bm-mag5-n10,927f6d4e-cb1b-4d5b-a6e6-1a0e54279177,agent_epsilon,25.792,1,0,testing,0.456308,-0.148009,-0.030799,0.433698,0.456308,0.452253,0.432239,0.432949
n10,mag5,bm-mag5-n10,6b9798a5-0012-4fd8-8c23-7d4f386823d9,agent_epsilon,26.746,1,0,ownership,0.582607,0.772715,0.398601,0.544202,0.546556,0.582607,0.515529,0.548795
n10,mag5,bm-mag5-n10,d03e0c70-073d-47b5-bb40-ae48383b8ed3,agent_zeta,26.803,1,0,testing,0.583332,0.092451,0.050127,0.56631,0.583332,0.583203,0.573346,0.576957
n10,mag5,bm-mag5-n10,564b36e6-5f24-4113-9356-f317803e557b,agent_zeta,27.469,1,0,ownership,0.527587,0.824203,0.429238,0.474661,0.480468,0.527587,0.470497,0.485928
n10,mag5,bm-mag5-n10,305cca5f-7961-4a58-ba4c-5ee593e4405e,agent_delta,27.636,1,0,testing,0.490415,-0.001154,-0.020526,0.452308,0.490415,0.488637,0.469463,0.473385
n10,mag5,bm-mag5-n10,78cde635-cd01-464c-96f3-6df61c3b8a98,agent_epsilon,27.775,1,0,ownership,0.544024,0.66541,0.350803,0.499982,0.52188,0.544024,0.493491,0.504897
n10,mag5,bm-mag5-n10,feb0b152-3909-4400-8673-1b5c5d1af211,agent_zeta,28.719,1,0,ownership,0.478254,0.765109,0.414589,0.437672,0.444466,0.478254,0.42227,0.432823
n10,mag5,bm-mag5-n10,1dd3e8ca-7600-46bf-802b-82aa7965bbc4,agent_epsilon,28.742,1,0,ownership,0.418303,0.583235,0.312412,0.395279,0.395119,0.418303,0.380749,0.396879
n10,mag5,bm-mag5-n10,2764b6fa-131d-4843-935e-1f8a0e4014e4,agent_kappa,28.997,1,0,time,0.390965,-0.172141,0.514964,0.346686,0.381005,0.345749,0.390965,0.36487
n10,mag5,bm-mag5-n10,e5b39df3-dddb-489f-aaa7-bc5bc52aabbb,agent_zeta,30.229,2,0,evidence,0.461173,-0.281967,0.12847,0.461173,0.458574,0.456109,0.424326,0.448438
n10,mag5,bm-mag5-n10,758d45a7-49bd-45f5-9f2e-64747190ddd8,agent_eta,30.546,2,0,ownership,0.304063,0.615838,0.468268,0.238277,0.27805,0.304063,0.288218,0.26007
n10,mag5,bm-mag5-n10,138fae97-2946-4646-a053-4baf1748b47e,agent_zeta,31.251,2,0,time,0.361371,-0.019483,0.329746,0.326904,0.35783,0.354768,0.361371,0.343147
n10,mag5,bm-mag5-n10,077383b5-8d16-40c3-8fdd-7d5f66bdc7fa,agent_delta,32.167,2,0,ownership,0.320425,0.722686,0.400647,0.288812,0.28804,0.320425,0.262503,0.283631
n10,mag5,bm-mag5-n10,bd0af5d4-35a1-4ae6-955c-8af68601bbaf,agent_epsilon,32.753,2,0,ownership,0.56726,0.626608,0.262508,0.541783,0.543869,0.56726,0.521052,0.550235
n10,mag5,bm-mag5-n10,feb6f3aa-c838-425e-90f5-68736c6748c5,agent_zeta,32.894,2,0,ownership,0.319609,0.329084,0.313365,0.293136,0.308564,0.319609,0.305513,0.29224
n10,mag5,bm-mag5-n10,2028d68e-e176-4567-b1fd-f16a294f50d9,agent_delta,33.659,2,0,ownership,0.535457,0.298287,0.264936,0.513449,0.526357,0.535457,0.528894,0.524923
n10,mag5,bm-mag5-n10,75858204-b300-4357-84bc-760de987f3f0,agent_zeta,34.165,2,0,ownership,0.520315,0.101711,0.064631,0.493382,0.519867,0.520315,0.50904,0.50971
n10,mag5,bm-mag5-n10,babf8b42-e457-469a-9e6f-b92747baa91b,agent_delta,34.527,2,0,risk,0.574262,-0.05644,-0.139073,0.569657,0.56788,0.524744,0.553475,0.574262
n10,mag5,bm-mag5-n10,604750e7-8f06-43f1-9d76-16a2b2cad87c,agent_zeta,35.217,2,0,testing,0.508431,-0.331875,-0.307898,0.491628,0.508431,0.480997,0.474335,0.500366
n10,mag5,bm-mag5-n10,865f2102-9a77-42f9-8e92-5d0d5d64a755,agent_theta,36.83,2,0,risk,0.636113,0.038572,-0.228471,0.616373,0.633644,0.598229,0.624558,0.636113
n10,mag5,bm-mag5-n10,9bb96ae6-9bcf-4df4-b19d-f5016a9f3125,agent_zeta,37.186,2,0,testing,0.462238,-0.294894,-0.246329,0.450528,0.462238,0.436104,0.434091,0.456195
n10,mag5,bm-mag5-n10,5cc668b1-13b8-43d3-86da-6fde68831632,agent_epsilon,37.245,2,0,testing,0.623139,-0.326757,-0.288576,0.59805,0.623139,0.563021,0.605126,0.614758
n10,mag5,bm-mag5-n10,a6478a78-41bf-487f-902c-4d30bbaa67eb,agent_epsilon,37.813,2,0,testing,0.490695,-0.502305,-0.354938,0.468835,0.490695,0.455214,0.448569,0.476901
n10,mag5,bm-mag5-n10,cbc64b87-0cff-4ec0-aeda-d76d3f5856d2,agent_epsilon,38.789,2,0,ownership,0.536686,0.62969,0.359907,0.479141,0.515499,0.536686,0.510694,0.504722
n10,mag5,bm-mag5-n10,abc681c7-6274-4069-a4da-e902e43b7aac,agent_zeta,39.49,2,0,testing,0.495363,-0.114032,-0.200039,0.479599,0.495363,0.484709,0.4674,0.489732
n10,mag5,bm-mag5-n10,a9d79e03-c3c4-4fd2-95aa-fef1e9757275,agent_epsilon,39.542,2,0,ownership,0.502154,0.466709,0.252184,0.4496,0.489256,0.502154,0.481411,0.480682
n10,mag5,bm-mag5-n10,045754fd-065f-4e45-8d6a-f8a4d65363d3,agent_epsilon,40.793,2,0,ownership,0.463667,0.520904,0.273121,0.419284,0.44899,0.463667,0.417134,0.426475
n10,mag5,bm-mag5-n10,4f07c49c-c638-476a-a4c9-4701ccca4a56,agent_epsilon,41.551,2,0,ownership,0.355193,0.005355,0.117415,0.354368,0.352832,0.355193,0.341271,0.352097
n10,mag5,bm-mag5-n10,1df17913-460f-4a59-889f-e8297fb086a0,agent_epsilon,42.682,2,0,testing,0.502882,-0.597597,-0.250736,0.485097,0.502882,0.476891,0.470248,0.481137
n10,mag5,bm-mag5-n10,0f058758-d180-4df5-a8b7-8ab75d2d423f,agent_zeta,43.09,2,0,ownership,0.383815,0.329881,0.139982,0.353377,0.376037,0.383815,0.36274,0.369007
n10,mag5,bm-mag5-n10,a3ff54af-c7be-4213-9a2b-d631f5be128c,agent_epsilon,43.63,2,0,testing,0.3437,-0.670621,-0.263143,0.323508,0.3437,0.321297,0.2955,0.306252
n10,mag5,bm-mag5-n10,045c946f-9d40-4049-8dd0-808120f361df,agent_zeta,43.802,2,0,time,0.422211,-0.368562,0.398252,0.417637,0.416753,0.377101,0.422211,0.404223
n10,mag5,bm-mag5-n10,d726628b-8bed-4412-bbbe-0914143ca137,agent_zeta,44.468,2,0,testing,0.333873,-0.606481,-0.264368,0.311055,0.333873,0.314671,0.283367,0.300355
n10,mag5,bm-mag5-n10,89fc4d86-655a-4f8b-be73-4fe5d5ed623d,agent_epsilon,44.799,2,0,ownership,0.421486,0.697689,0.402061,0.379235,0.39363,0.421486,0.392559,0.386191
n10,mag5,bm-mag5-n10,0a5bcad7-1a97-48fb-910b-8009df0f7970,agent_zeta,45.535,3,0,testing,0.501299,-0.731881,-0.288117,0.483075,0.501299,0.467828,0.455498,0.470682
n10,mag5,bm-mag5-n10,c2f6664f-62d5-48ab-94a1-a81881e7274d,agent_epsilon,46.096,3,0,ownership,0.246925,0.419662,0.310394,0.228331,0.230535,0.246925,0.196966,0.214499
n10,mag5,bm-mag5-n10,e2a6a57c-fb4b-49b6-9af8-880c1ed9d719,agent_zeta,46.456,3,0,ownership,0.400293,-0.118803,0.137601,0.394601,0.399413,0.400293,0.375308,0.378063
n10,mag5,bm-mag5-n10,94673765-702e-4091-a458-8af1502c2487,agent_epsilon,46.6,3,0,testing,0.276581,-0.163629,0.089852,0.273781,0.276581,0.274623,0.256601,0.265935
n10,mag5,bm-mag5-n10,cfb0e734-a850-4ef4-986e-068479612b75,agent_kappa,47.405,3,0,time,0.526277,0.014231,0.700134,0.505755,0.486535,0.467034,0.526277,0.508356
n10,mag5,bm-mag5-n10,73b423e8-33ed-4ceb-bd00-4c6432b6ba9f,agent_zeta,47.466,3,0,ownership,0.348411,0.82104,0.436443,0.294628,0.301106,0.348411,0.300494,0.303005
n10,mag5,bm-mag5-n10,85e94e77-75f3-47f7-8f22-8e0649b00043,agent_epsilon,47.65,3,0,testing,0.361861,-0.559732,-0.118296,0.351661,0.361861,0.345163,0.322158,0.337136
n10,mag5,bm-mag5-n10,4fd0cd6b-ce35-4b71-a58b-95c625b73b3f,agent_zeta,48.476,3,0,ownership,0.350522,0.819737,0.436345,0.290506,0.307479,0.350522,0.296522,0.296124
n10,mag5,bm-mag5-n10,81aa823f-408f-412a-949d-6aa2f503ea47,agent_zeta,49.459,3,0,ownership,0.406597,0.334436,0.201127,0.381116,0.396838,0.406597,0.363005,0.377363
n10,mag5,bm-mag5-n10,9271538d-98f2-4c07-a408-92bbed2798dd,agent_eta,49.805,3,0,ownership,0.285417,0.023334,0.173154,0.283054,0.28038,0.285417,0.268818,0.278033
n10,mag5,bm-mag5-n10,ac362865-2b31-4bb4-932f-e021fafa3d79,agent_epsilon,50.073,3,0,ownership,0.35189,0.826307,0.437653,0.289881,0.307367,0.35189,0.282844,0.29304
n10,mag5,bm-mag5-n10,4f23a82a-d3ea-4ebb-ab59-7abf024658be,agent_epsilon,51.024,3,0,testing,0.471814,-0.259871,-0.037574,0.470005,0.471814,0.461995,0.440286,0.466552
n10,mag5,bm-mag5-n10,8804af07-e5ab-4752-88a2-010007558303,agent_epsilon,51.765,3,0,ownership,0.37279,0.746041,0.406312,0.334214,0.34129,0.37279,0.31828,0.329304
n10,mag5,bm-mag5-n10,f22271f1-4f62-434c-a88e-b72648d69a59,agent_zeta,53.53,3,0,time,0.287322,0.249509,0.701384,0.243695,0.255867,0.279352,0.287322,0.260291
n10,mag5,bm-mag5-n10,d9cdc309-bf23-45a7-8feb-de285a541780,agent_zeta,54.416,3,0,ownership,0.285736,0.200937,0.256089,0.269023,0.279958,0.285736,0.28241,0.277409
n10,mag5,bm-mag5-n10,64955956-6af1-490d-b14b-fb94caff8720,agent_epsilon,54.687,3,0,ownership,0.519767,0.816515,0.4313,0.468272,0.476584,0.519767,0.459208,0.472697
n10,mag5,bm-mag5-n10,ac11db08-6c79-400d-ac51-62868d37f927,agent_zeta,54.798,3,0,ownership,0.300999,0.654686,0.447704,0.26103,0.268134,0.300999,0.284387,0.273843
n10,mag5,bm-mag5-n10,c572000d-e092-4a1c-8764-6e92f4f69466,agent_epsilon,55.476,3,0,evidence,0.543469,-0.268154,0.306175,0.543469,0.537203,0.492112,0.543337,0.537597
n10,mag5,bm-mag5-n10,82aca0e6-f5d4-4114-9f79-5647e447a72e,agent_epsilon,57.172,3,0,ownership,0.563946,0.838558,0.440401,0.501292,0.509509,0.563946,0.496711,0.513791
n10,mag25,bm-mag25-n10,9712edff-354c-4307-affe-92a727c13036,agent_alpha,0.0,0,0,testing,0.407064,-0.451898,0.198597,0.395697,0.407064,0.334719,0.405178,0.385498
n10,mag25,bm-mag25-n10,55dd8b69-6e81-48fe-b145-0b3dd828a598,agent_beta,0.346,0,0,time,0.279231,-0.069508,0.440644,0.276573,0.268204,0.273278,0.279231,0.267374
n10,mag25,bm-mag25-n10,0126168f-d1a1-4aab-8ab7-7a776aeb5058,agent_delta,0.458,0,0,testing,0.388764,-0.725812,-0.202953,0.370818,0.388764,0.334613,0.367028,0.355256
n10,mag25,bm-mag25-n10,d4502c79-f057-4622-9ead-f66eb2df01bb,agent_theta,0.771,0,0,testing,0.351954,-0.613169,-0.072391,0.337095,0.351954,0.311086,0.338385,0.32589
n10,mag25,bm-mag25-n10,e62c73c5-e5a7-49ce-9a39-146fe2affa7e,agent_kappa,0.808,0,0,ownership,0.203479,0.231638,0.321237,0.193567,0.189924,0.203479,0.18919,0.186867
n10,mag25,bm-mag25-n10,35f7d6bf-6b0d-48a8-b77e-cbac8dd61eeb,agent_epsilon,0.876,0,0,testing,0.410229,-0.790819,-0.345879,0.383647,0.410229,0.355756,0.375875,0.37047
n10,mag25,bm-mag25-n10,4f67d566-31d6-4a74-a256-79934a96993d,agent_alpha,1.123,0,0,testing,0.374828,-0.438869,0.04788,0.371846,0.374828,0.354327,0.362698,0.363611
n10,mag25,bm-mag25-n10,084b3eff-745b-4f7e-b1f1-f274a95f98f5,agent_zeta,1.279,0,0,time,0.440836,0.083623,0.781288,0.397097,0.412169,0.422647,0.440836,0.406277
n10,mag25,bm-mag25-n10,19730d1b-a1ee-4d93-b0cd-a6604afe5521,agent_kappa,1.596,0,0,testing,0.378224,-0.042709,0.126326,0.3593,0.378224,0.375836,0.371308,0.363487
n10,mag25,bm-mag25-n10,54194575-3c43-4276-83b0-16f7aab3554a,agent_eta,1.788,0,0,testing,0.255187,-0.364409,0.230115,0.253149,0.255187,0.228756,0.254764,0.245169
n10,mag25,bm-mag25-n10,dd9d9358-7d99-4d44-bcde-66ddbc86a344,agent_alpha,1.812,0,0,ownership,0.423339,0.375183,0.504505,0.39636,0.403375,0.423339,0.421436,0.406053
n10,mag25,bm-mag25-n10,9cfb5279-eff7-4eb0-8662-8be61643d8ac,agent_delta,2.091,0,0,testing,0.312284,-0.593128,-0.081112,0.304193,0.312284,0.294279,0.278862,0.28671
n10,mag25,bm-mag25-n10,9a30c519-573b-4950-a065-4d6fbcaafb92,agent_delta,2.486,0,0,testing,0.506983,-0.19248,0.086642,0.501649,0.506983,0.495709,0.501694,0.501327
n10,mag25,bm-mag25-n10,ed9bbfdd-fac7-49ee-9cbe-16a2d6798643,agent_kappa,2.604,0,0,evidence,0.529103,-0.677671,0.113265,0.529103,0.526003,0.495276,0.501583,0.50895
n10,mag25,bm-mag25-n10,15b193a7-bc53-43e6-9475-2f95a8754329,agent_iota,2.646,0,0,ownership,0.343475,0.447167,0.32189,0.317505,0.32796,0.343475,0.32416,0.31861
n10,mag25,bm-mag25-n10,d9a75ffe-a51f-4bdf-8bde-c640667dcfe6,agent_epsilon,2.72,0,0,testing,0.513172,-0.095383,0.130641,0.508252,0.513172,0.511046,0.504974,0.504808
n10,mag25,bm-mag25-n10,fe69b73a-11b1-491c-9ad0-60a819096788,agent_alpha,2.776,0,0,testing,0.552609,-0.110984,0.049719,0.543642,0.552609,0.551437,0.524001,0.535822
n10,mag25,bm-mag25-n10,d7ec51b4-43a2-4ecd-813e-1f7cfe481bcc,agent_beta,2.994,0,0,time,0.521396,0.379713,0.400587,0.504624,0.495488,0.520396,0.521396,0.516074
n10,mag25,bm-mag25-n10,c744fd83-e9a4-42ab-8a16-74f2ec2be33a,agent_theta,3.155,0,0,evidence,0.421426,-0.08769,0.342015,0.421426,0.399415,0.388745,0.420763,0.418908
n10,mag25,bm-mag25-n10,ba690d48-68f2-4803-9fcf-a7a06a6c0ad0,agent_zeta,3.162,0,0,evidence,0.509825,-0.282108,0.420632,0.509825,0.487191,0.491616,0.501541,0.497205
n10,mag25,bm-mag25-n10,b870c940-48b5-4e7c-8176-8cc9f40fae88,agent_kappa,3.581,0,0,evidence,0.671998,-0.375228,0.151067,0.671998,0.658297,0.644106,0.63775,0.663192
n10,mag25,bm-mag25-n10,74ad5727-fb31-4c90-ade0-49ad37fc0d80,agent_gamma,3.62,0,0,testing,0.574894,-0.426799,0.093834,0.57306,0.574894,0.531247,0.568087,0.566347
n10,mag25,bm-mag25-n10,9ea93538-2c0c-4712-ad8f-0d01d1aec804,agent_epsilon,3.678,0,0,testing,0.61313,-0.728362,-0.019989,0.611369,0.61313,0.558017,0.573502,0.592641
n10,mag25,bm-mag25-n10,fed0d135-7ea2-4b43-a09d-5ea425930117,agent_alpha,3.789,0,0,ownership,0.609834,0.494471,0.290879,0.592098,0.589173,0.609834,0.567695,0.59028
n10,mag25,bm-mag25-n10,50cb6709-8f7f-4201-bcb9-e9626d9cabc2,agent_theta,3.981,0,0,evidence,0.569736,-0.313588,0.265858,0.569736,0.551313,0.546746,0.552705,0.560181
n10,mag25,bm-mag25-n10,6a1862aa-35ec-4b2e-af45-0cf2acfd5f3c,agent_beta,4.084,0,0,risk,0.563481,-0.040004,0.069726,0.563422,0.542281,0.507278,0.548824,0.563481
n10,mag25,bm-mag25-n10,ad622a27-0241-4679-9352-88730277a0c9,agent_delta,4.417,0,0,evidence,0.594392,-0.442242,0.052431,0.594392,0.592359,0.579571,0.558509,0.583498
n10,mag25,bm-mag25-n10,d2a86e39-b412-476d-8aaf-1d5dd9e3d3fc,agent_theta,4.595,0,0,evidence,0.627288,-0.275652,0.187768,0.627288,0.589085,0.566898,0.594077,0.620559
n10,mag25,bm-mag25-n10,1492e18e-836d-4c43-9a04-6f804a755256,agent_epsilon,4.758,0,0,evidence,0.667757,-0.146302,0.073999,0.667757,0.660769,0.620595,0.659772,0.66758
n10,mag25,bm-mag25-n10,603cb94b-4b9c-47be-86b2-404fde0c60c9,agent_alpha,4.794,0,0,risk,0.695444,0.216969,-0.225596,0.680428,0.684471,0.638747,0.678873,0.695444
n10,mag25,bm-mag25-n10,f40f82a7-dd00-4afe-b109-22b9126c23f3,agent_zeta,5.089,0,0,evidence,0.506223,-0.572069,0.309216,0.506223,0.487357,0.466118,0.476315,0.489442
n10,mag25,bm-mag25-n10,89fb452e-b7cc-45ba-880f-632d86e265b4,agent_kappa,5.123,0,0,ownership,0.570846,-0.050181,0.121072,0.565261,0.568525,0.570846,0.533758,0.555304
n10,mag25,bm-mag25-n10,c6716ef7-47d0-4ea4-86e2-0b43057df9fb,agent_beta,5.328,0,0,testing,0.433732,-0.454256,-0.069422,0.422413,0.433732,0.378761,0.422066,0.421308
n10,mag25,bm-mag25-n10,22db246a-615f-4903-90fb-6443396b393f,agent_delta,5.493,0,0,ownership,0.572204,0.083201,0.115685,0.560126,0.567978,0.572204,0.532209,0.55408
n10,mag25,bm-mag25-n10,bb143d6d-7433-43b8-8e51-09363f99c4f0,agent_iota,5.656,0,0,evidence,0.592656,-0.171142,0.154085,0.592656,0.580711,0.579208,0.573626,0.587218
n10,mag25,bm-mag25-n10,6266274c-e012-4e94-9c3e-41516feefc3e,agent_gamma,5.721,0,0,risk,0.584574,0.168921,0.139307,0.581527,0.576549,0.583389,0.576855,0.584574
n10,mag25,bm-mag25-n10,551cf5fd-39b5-4acb-96bd-120134affe00,agent_alpha,5.821,0,0,evidence,0.505341,-0.461069,0.138525,0.505341,0.499974,0.4667,0.49035,0.495414
n10,mag25,bm-mag25-n10,f07d80ac-8e3d-4afc-a079-d0526b976982,agent_theta,5.908,0,0,evidence,0.582228,-0.124473,0.147619,0.582228,0.566225,0.567191,0.562189,0.578002
n10,mag25,bm-mag25-n10,5404f756-f14b-4dbb-8b7c-e2a84884e0e9,agent_beta,6.455,0,0,risk,0.593373,0.278982,-0.070577,0.583038,0.578016,0.578839,0.577965,0.593373
n10,mag25,bm-mag25-n10,cfe23878-3992-4991-b711-02cad61b69d1,agent_gamma,7.04,0,0,time,0.60562,0.007375,0.639152,0.590589,0.553314,0.534926,0.60562,0.591335
n10,mag25,bm-mag25-n10,32384bfb-3614-48a9-bc7b-53c4fdebaf5b,agent_alpha,7.051,0,0,ownership,0.605505,0.64373,0.397211,0.585283,0.561062,0.605505,0.558454,0.579174
n10,mag25,bm-mag25-n10,45444109-62ae-4994-9e01-8eba940c6892,agent_theta,7.065,0,0,risk,0.605331,0.145173,0.008654,0.602655,0.58694,0.59398,0.580097,0.605331
n10,mag25,bm-mag25-n10,591324e3-611c-4883-8ed6-e28d04d8b293,agent_kappa,7.352,0,0,evidence,0.603679,-0.366286,0.083285,0.603679,0.597851,0.57677,0.584522,0.596898
n10,mag25,bm-mag25-n10,30f125db-2adf-429a-b6f6-d528d6002300,agent_alpha,7.37,0,0,ownership,0.578167,0.842827,0.445805,0.514073,0.518169,0.578167,0.494989,0.517323
n10,mag25,bm-mag25-n10,5a4928fc-cccb-43b1-94ad-325b41c7ec79,agent_theta,7.395,0,0,ownership,0.550908,0.607842,0.322854,0.530454,0.517087,0.550908,0.527123,0.535575
n10,mag25,bm-mag25-n10,a4f2f8ad-158d-46bd-b741-538d6e82c70c,agent_beta,7.63,0,0,time,0.381958,-0.08538,0.648178,0.346307,0.365249,0.335975,0.381958,0.356126
n10,mag25,bm-mag25-n10,622d9dfa-9bcf-4658-84ac-520b9e689a45,agent_kappa,7.653,0,0,risk,0.625698,0.183348,0.113717,0.623857,0.593248,0.616798,0.610592,0.625698
n10,mag25,bm-mag25-n10,86545394-0842-418a-b280-f1dcd59f290f,agent_alpha,8.216,0,0,ownership,0.529593,0.310345,0.200971,0.524964,0.509914,0.529593,0.519304,0.528079
n10,mag25,bm-mag25-n10,738a0481-90fe-419a-83c8-130fa74e7df2,agent_gamma,8.278,0,0,risk,0.604353,0.053068,0.002067,0.602689,0.57384,0.565309,0.581909,0.604353
n10,mag25,bm-mag25-n10,c32f9805-6daf-42b3-b7e5-2d37177757de,agent_theta,8.28,0,0,evidence,0.541917,-0.202169,0.157008,0.541917,0.5334,0.531294,0.523094,0.535056
n10,mag25,bm-mag25-n10,9ebfc4e9-7d3e-443a-b5ab-7b410bb2a117,agent_kappa,8.74,0,0,evidence,0.690021,-0.164792,-0.011546,0.690021,0.680833,0.633245,0.668225,0.689218
n10,mag25,bm-mag25-n10,2e9f9241-095f-4961-9f26-d370935fb316,agent_epsilon,8.823,0,0,risk,0.68724,0.221972,0.114691,0.685912,0.673964,0.687139,0.666142,0.68724
n10,mag25,bm-mag25-n10,4bb6c7f2-23d5-43ba-9669-65dbc9bffbdd,agent_gamma,9.257,0,0,time,0.616804,-0.083607,0.396928,0.61612,0.582983,0.535146,0.616804,0.613304
n10,mag25,bm-mag25-n10,837ba4e4-0098-4e68-bb45-e592c596b5f5,agent_alpha,9.258,0,0,ownership,0.648715,0.145739,0.199072,0.643911,0.638319,0.648715,0.622201,0.639275
n10,mag25,bm-mag25-n10,0b70f3c9-e01c-4526-b32b-5f3ffbd31e76,agent_theta,9.306,0,0,evidence,0.648124,-0.252823,0.351505,0.648124,0.605232,0.605281,0.638035,0.640173
n10,mag25,bm-mag25-n10,23e6b103-2c96-43eb-889d-6a24f67f292b,agent_beta,9.508,0,0,evidence,0.687036,-0.585224,0.347755,0.687036,0.660455,0.599825,0.652533,0.670124
n10,mag25,bm-mag25-n10,e1180216-ce69-4447-a1e0-d6b8ec3a533c,agent_kappa,9.614,0,0,risk,0.703895,0.229342,-0.101689,0.697798,0.663665,0.657511,0.679854,0.703895
n10,mag25,bm-mag25-n10,2b379793-ac69-44fc-a01b-04c4f6227b8b,agent_beta,10.253,0,0,evidence,0.647164,-0.490634,0.304865,0.647164,0.618056,0.606964,0.608284,0.633585
n10,mag25,bm-mag25-n10,2b6e98af-b929-42e3-9bcb-29e30f744e60,agent_alpha,10.285,0,0,time,0.582375,0.072069,0.660074,0.558808,0.538476,0.481914,0.582375,0.567215
n10,mag25,bm-mag25-n10,90258c88-ba84-46c9-9167-83e4d548e41b,agent_theta,10.477,0,0,ownership,0.553035,0.231282,0.239155,0.55119,0.525769,0.553035,0.52438,0.54774
n10,mag25,bm-mag25-n10,674d770c-d59c-4507-acf4-5b55314e8b5b,agent_epsilon,10.523,0,0,evidence,0.691606,-0.387692,0.324575,0.691606,0.653256,0.61006,0.671852,0.680755
n10,mag25,bm-mag25-n10,c6dcbd42-b7a2-4422-be95-c1e035e90128,agent_kappa,10.553,0,0,evidence,0.619321,-0.390471,0.32331,0.619321,0.583614,0.58059,0.597998,0.608013
n10,mag25,bm-mag25-n10,fc96101d-580b-4f43-803c-0043c0d51836,agent_gamma,11.207,0,0,evidence,0.579589,-0.33698,0.278796,0.579589,0.54367,0.548371,0.55438,0.56984
n10,mag25,bm-mag25-n10,881f421f-3fda-4068-b7cf-c1a73b6c99e3,agent_theta,11.271,0,0,evidence,0.556085,-0.205799,0.270693,0.556085,0.521827,0.535311,0.537881,0.548603
n10,mag25,bm-mag25-n10,19511771-eb3f-43ab-bb37-42f34b745012,agent_alpha,11.335,0,0,evidence,0.568514,-0.145127,0.374294,0.568514,0.540528,0.557097,0.558061,0.558863
n10,mag25,bm-mag25-n10,c5d8e64c-4982-4124-9d71-eb31983495e8,agent_beta,11.416,0,0,evidence,0.530006,-0.186833,0.156978,0.530006,0.524871,0.515346,0.523116,0.526454
n10,mag25,bm-mag25-n10,fd9b8c31-a0b4-447a-a92a-cc51271632a2,agent_kappa,11.553,0,0,ownership,0.588613,0.707633,0.441492,0.564442,0.530054,0.588613,0.52626,0.547733
n10,mag25,bm-mag25-n10,7fcf3692-d124-457f-91ed-96b8b0973d89,agent_epsilon,11.895,0,0,risk,0.556647,0.20179,0.078759,0.552868,0.540673,0.55009,0.542892,0.556647
n10,mag25,bm-mag25-n10,43ce6559-3b95-409b-b43e-440fea838f3c,agent_alpha,12.315,0,0,ownership,0.588997,0.20378,0.198177,0.588818,0.565579,0.588997,0.561336,0.586491
n10,mag25,bm-mag25-n10,49c74f11-ab91-4bb8-86e1-c84fe18f9595,agent_beta,12.439,0,0,evidence,0.61198,-0.223635,0.258236,0.61198,0.580411,0.593796,0.586559,0.60353
n10,mag25,bm-mag25-n10,a954a004-dd35-4846-b828-6d5f7b3ff390,agent_kappa,12.546,0,0,evidence,0.541763,0.096789,0.249876,0.541763,0.519697,0.539852,0.519879,0.53638
n10,mag25,bm-mag25-n10,3d083740-b38b-4d45-811d-19aec01a4cbc,agent_theta,12.686,0,0,evidence,0.617959,-0.15174,0.146488,0.617959,0.58998,0.595614,0.586939,0.61327
n10,mag25,bm-mag25-n10,7794b933-8b7b-43f1-9b3f-30b173417db7,agent_epsilon,12.778,0,0,evidence,0.673849,-0.320178,0.26383,0.673849,0.634907,0.638135,0.649064,0.664955
n10,mag25,bm-mag25-n10,42043c0d-dbd8-496b-b6ed-3d38f9e24e26,agent_iota,13.183,0,0,risk,0.616988,0.166306,-0.077101,0.612004,0.590865,0.583711,0.593733,0.616988
n10,mag25,bm-mag25-n10,22a417a9-d3e0-42cd-a030-2dfd63e66e86,agent_gamma,13.274,0,0,risk,0.58297,0.171998,0.041122,0.580445,0.551678,0.569771,0.561672,0.58297
n10,mag25,bm-mag25-n10,53efe711-0adc-43ba-9b34-6cf6ac80d0e8,agent_beta,13.283,0,0,evidence,0.60758,-0.182832,0.21457,0.60758,0.572083,0.564742,0.591701,0.602711
n10,mag25,bm-mag25-n10,6f164760-2c70-4fba-8d98-f59fad443a5d,agent_alpha,13.293,0,0,evidence,0.641541,-0.398153,0.301729,0.641541,0.594997,0.583784,0.615353,0.630726
n10,mag25,bm-mag25-n10,cfd79099-1a37-4fe8-b2bf-dde3ce2a5074,agent_theta,13.295,0,0,evidence,0.624138,-0.424601,0.318848,0.624138,0.586418,0.586862,0.596686,0.611963
n10,mag25,bm-mag25-n10,afa739dc-8994-4d39-a2e9-46edff9cdbf4,agent_kappa,13.624,0,0,evidence,0.607835,-0.297092,0.243181,0.607835,0.576993,0.559332,0.587289,0.600136
n10,mag25,bm-mag25-n10,9a31662f-95c8-4259-afd1-2cb339396142,agent_epsilon,13.84,0,0,evidence,0.634976,-0.37832,0.270554,0.634976,0.605478,0.592617,0.609828,0.62489
n10,mag25,bm-mag25-n10,b92d3d14-241d-48cf-b08e-3c96c67c47fc,agent_iota,14.17,0,0,risk,0.554157,0.073457,0.125017,0.552991,0.531873,0.538986,0.543613,0.554157
n10,mag25,bm-mag25-n10,c4f1ea1d-8643-4235-9937-fbd655b9b926,agent_gamma,14.279,0,0,evidence,0.613289,-0.127286,0.123815,0.613289,0.59019,0.593691,0.581398,0.609235
n10,mag25,bm-mag25-n10,5a27d5ef-3736-401e-b4c0-07f08c5a3bdd,agent_beta,14.355,0,0,evidence,0.695496,-0.532939,0.35469,0.695496,0.652728,0.592992,0.659624,0.680434
n10,mag25,bm-mag25-n10,bc6f76aa-6685-4307-8069-18458ca03405,agent_theta,14.462,0,1,evidence,0.713189,-0.206874,0.138872,0.713189,0.67577,0.638309,0.679136,0.708342
n10,mag25,bm-mag25-n10,5c3c8def-b73a-4ee2-8bf9-f0e20291a8ec,agent_kappa,14.631,0,0,evidence,0.683285,-0.298149,0.33622,0.683285,0.660037,0.587574,0.673915,0.674748
n10,mag25,bm-mag25-n10,234cc11e-b434-4bd8-8c5a-a59a50b468be,agent_epsilon,14.754,0,1,evidence,0.666227,-0.122022,0.088847,0.666227,0.632603,0.59475,0.637221,0.663576
n10,mag25,bm-mag25-n10,d493a681-4a3f-4850-b59a-b0f27e850fa2,agent_beta,15.352,1,0,ownership,0.518397,0.682422,0.379762,0.480171,0.488225,0.518397,0.49653,0.495834
n10,mag25,bm-mag25-n10,68def7bc-0d1b-4612-bd2b-020f03cce079,agent_theta,15.354,1,0,risk,0.571518,0.192291,0.003626,0.565428,0.538567,0.51737,0.559024,0.571518
n10,mag25,bm-mag25-n10,6afd4fa4-e86a-4c48-9803-91b1f74cca1e,agent_iota,15.453,1,0,evidence,0.661914,-0.46053,0.273179,0.661914,0.63438,0.611838,0.624444,0.649912
n10,mag25,bm-mag25-n10,9de57c8d-1b24-4973-b6d0-d8a671dd23ae,agent_kappa,15.64,1,0,time,0.596708,0.043217,0.369883,0.591917,0.55196,0.549937,0.596708,0.593731
n10,mag25,bm-mag25-n10,3fdd1c7b-59c4-4dae-a54f-52c7a66ef201,agent_epsilon,16.16,1,0,evidence,0.696049,-0.101465,0.107869,0.696049,0.668588,0.662291,0.674917,0.693694
n10,mag25,bm-mag25-n10,c43a0043-8c8a-48c5-a825-954e25d01131,agent_gamma,16.283,1,0,risk,0.579585,0.098359,0.044625,0.57406,0.562031,0.50328,0.571139,0.579585
n10,mag25,bm-mag25-n10,69e1c8d7-6977-4827-b3d0-2261541ebe15,agent_beta,16.294,1,0,evidence,0.627872,-0.170063,0.20917,0.627872,0.592817,0.608344,0.600876,0.621589
n10,mag25,bm-mag25-n10,be48c69b-aa51-421c-ab7d-0d18fa7b8339,agent_theta,16.426,1,0,evidence,0.631848,-0.210047,0.200412,0.631848,0.598053,0.59236,0.611863,0.626369
n10,mag25,bm-mag25-n10,94242756-61c8-4f19-af76-4acdc621e712,agent_kappa,16.618,1,0,risk,0.57646,0.119594,0.240904,0.5708,0.549982,0.50821,0.575804,0.57646
n10,mag25,bm-mag25-n10,fdd82bcd-03f9-4628-bcca-b48ffca41f96,agent_theta,17.355,1,0,risk,0.559386,0.077847,0.190168,0.556856,0.52525,0.525946,0.55464,0.559386
n10,mag25,bm-mag25-n10,b1212f71-35d7-4e65-9cf9-03b002c0a221,agent_kappa,17.707,1,0,evidence,0.591131,-0.064332,0.257004,0.591131,0.544108,0.565784,0.583041,0.58834
n10,mag25,bm-mag25-n10,22dafc46-5df2-456c-8afc-b317a405fa37,agent_beta,17.715,1,0,evidence,0.513498,-0.473349,0.451453,0.513498,0.48636,0.444054,0.501732,0.497007
n10,mag25,bm-mag25-n10,34e707ca-baa9-410e-8d40-7c1b97933cab,agent_epsilon,17.737,1,0,evidence,0.618262,-0.012982,0.064801,0.618262,0.583892,0.58894,0.595686,0.617709
n10,mag25,bm-mag25-n10,571e051f-4306-40c0-9b3c-becb5608a80b,agent_zeta,18.022,1,0,evidence,0.595832,-0.125085,0.209611,0.595832,0.577077,0.584258,0.574341,0.589447
n10,mag25,bm-mag25-n10,5022beee-b8cf-4735-a97f-4ed378e95067,agent_iota,18.192,1,0,risk,0.656613,0.108236,-0.009824,0.653061,0.635761,0.632601,0.638744,0.656613
n10,mag25,bm-mag25-n10,a2886742-7083-449d-a673-4956312b468c,agent_beta,18.301,1,0,evidence,0.677175,-0.264082,0.269529,0.677175,0.64564,0.631297,0.661879,0.669977
n10,mag25,bm-mag25-n10,6e2f78a2-3f63-4dcf-a8f9-941acb8ce2d2,agent_epsilon,18.346,1,0,evidence,0.588695,-0.062645,0.260079,0.588695,0.568746,0.583133,0.555579,0.579635
n10,mag25,bm-mag25-n10,6997aa4c-84b7-4103-a3a5-00100b537e1f,agent_kappa,19.047,1,0,risk,0.513148,0.048187,0.040565,0.511565,0.486764,0.4827,0.496452,0.513148
n10,mag25,bm-mag25-n10,ccf8ef20-9dfd-4360-a0ef-5a41a381a527,agent_gamma,19.267,1,0,evidence,0.638498,-0.445652,0.276099,0.638498,0.613726,0.568501,0.611688,0.626908
n10,mag25,bm-mag25-n10,7d381be6-2f8c-4353-a9e6-1a01e154bed2,agent_beta,19.396,1,0,evidence,0.623408,-0.534784,0.370643,0.623408,0.580194,0.543387,0.592744,0.607912
n10,mag25,bm-mag25-n10,3100a018-aa5e-4d10-8739-487d773aa20c,agent_theta,19.425,1,0,risk,0.562004,0.250987,-0.012036,0.550997,0.540829,0.512392,0.55324,0.562004
n10,mag25,bm-mag25-n10,f3b4161e-5e9b-4cec-b95f-9215b42a286d,agent_epsilon,19.48,1,0,evidence,0.613111,-0.194436,0.187206,0.613111,0.578992,0.566833,0.593483,0.608208
n10,mag25,bm-mag25-n10,31dbb031-678f-498d-bbd8-21be7cc5365a,agent_kappa,19.76,1,0,evidence,0.676157,-0.194461,0.180584,0.676157,0.656618,0.574971,0.663022,0.6721
n10,mag25,bm-mag25-n10,2e90d703-8f54-4dd1-bbee-b3402446bef1,agent_zeta,20.142,1,0,evidence,0.438286,-0.274285,0.285927,0.438286,0.396206,0.418357,0.40869,0.428363
n10,mag25,bm-mag25-n10,55bcacd0-d144-4ccb-a399-ceae79960766,agent_gamma,20.306,1,0,evidence,0.654773,-0.258064,0.178999,0.654773,0.635716,0.561142,0.637653,0.649179
n10,mag25,bm-mag25-n10,d9b9c7ff-e0d6-4ef8-b827-df621d0409b4,agent_theta,20.412,1,0,evidence,0.63182,-0.202705,0.225166,0.63182,0.593422,0.579123,0.615529,0.626462
n10,mag25,bm-mag25-n10,cddd33a8-8ae1-4c43-a94f-03c5ca821cbd,agent_kappa,20.566,1,0,time,0.722155,0.12953,0.343264,0.709695,0.696627,0.626225,0.722155,0.718249
n10,mag25,bm-mag25-n10,19b5740b-8ac3-416f-aaea-c1fb2aaf960a,agent_epsilon,20.621,1,0,risk,0.703884,0.109141,-0.058976,0.700558,0.673365,0.609273,0.677599,0.703884
n10,mag25,bm-mag25-n10,66d76f7c-c99b-4023-a92f-64d6f0abdd19,agent_beta,20.896,1,0,risk,0.691432,0.361601,-0.077231,0.678198,0.660192,0.624864,0.679815,0.691432
n10,mag25,bm-mag25-n10,38ec0426-7077-4c5f-8bee-175b7a14b551,agent_epsilon,21.375,1,0,evidence,0.700888,-0.310493,0.208532,0.700888,0.658266,0.614799,0.664665,0.693211
n10,mag25,bm-mag25-n10,5417ce2d-4063-431c-bdbc-0365eaa2c041,agent_beta,21.379,1,0,evidence,0.717403,-0.326008,0.238618,0.717403,0.67982,0.614828,0.690674,0.709119
n10,mag25,bm-mag25-n10,4fd44bc2-2527-445f-b76f-cbc298ed83ba,agent_kappa,21.541,1,0,risk,0.633606,0.079078,-0.016629,0.631751,0.592811,0.597689,0.605326,0.633606
n10,mag25,bm-mag25-n10,141c65a8-ed57-49e3-b117-2ba908dbe2ee,agent_epsilon,22.305,1,0,evidence,0.690625,-0.598493,0.386792,0.690625,0.657827,0.556004,0.658184,0.672549
n10,mag25,bm-mag25-n10,7fde65b2-f415-4444-aacd-206ee673626a,agent_gamma,22.388,1,0,evidence,0.660801,-0.465492,0.265748,0.660801,0.638203,0.585469,0.631747,0.648857
n10,mag25,bm-mag25-n10,3f8eb498-1b9f-44b2-8bc9-cb5cf7f839a0,agent_beta,22.429,1,0,evidence,0.545479,-0.037926,0.269205,0.545479,0.512303,0.501772,0.54207,0.544477
n10,mag25,bm-mag25-n10,7c2ce69d-e4be-4dc1-b6fb-ad518900c839,agent_theta,22.527,1,0,evidence,0.58943,-0.323608,0.303183,0.58943,0.557333,0.529475,0.573494,0.580468
n10,mag25,bm-mag25-n10,836e0995-f66b-4f62-977e-11af819ee28b,agent_kappa,22.776,1,0,evidence,0.649849,-0.1758,0.22806,0.649849,0.619852,0.624195,0.633797,0.644379
n10,mag25,bm-mag25-n10,6731e937-e67b-4654-af24-e77e3180b5c4,agent_zeta,23.037,1,0,time,0.44055,0.227532,0.760679,0.37266,0.397897,0.429804,0.44055,0.410662
n10,mag25,bm-mag25-n10,cd9ea0c9-796f-4718-a818-a081bc5395d2,agent_epsilon,23.251,1,0,evidence,0.528944,-0.03121,0.278222,0.528944,0.479249,0.477878,0.525606,0.527937
n10,mag25,bm-mag25-n10,4b017998-ecc1-40f2-971e-0dedfd94e9a8,agent_beta,23.365,1,0,evidence,0.546252,-0.398421,0.365929,0.546252,0.522256,0.497147,0.533465,0.534157
n10,mag25,bm-mag25-n10,f5a0ea98-1030-4732-8f5d-a7d63a8edc2d,agent_kappa,23.657,1,0,time,0.66643,0.101638,0.32275,0.660651,0.622968,0.621192,0.66643,0.664863
n10,mag25,bm-mag25-n10,1d8b93a5-7a2f-4471-ac08-903619ae0dcf,agent_theta,23.917,1,0,ownership,0.485588,0.71186,0.395851,0.452716,0.450396,0.485588,0.457654,0.459375
n10,mag25,bm-mag25-n10,f81aac0d-fbf1-4202-b072-45a3030370d2,agent_gamma,24.35,1,0,risk,0.702341,0.059882,0.141068,0.697963,0.685173,0.609844,0.698174,0.702341
n10,mag25,bm-mag25-n10,80bd2524-254f-4a82-af93-b1cd62594ac2,agent_beta,24.442,1,0,time,0.63027,0.264376,0.236408,0.617773,0.609488,0.616552,0.63027,0.630081
n10,mag25,bm-mag25-n10,d9240521-60ec-4ed3-a4e4-58934132ae61,agent_epsilon,24.465,1,0,evidence,0.745617,-0.072444,0.104027,0.745617,0.717538,0.675755,0.729044,0.744314
n10,mag25,bm-mag25-n10,5b58831f-2c9c-4e9c-88f7-8b41144e74be,agent_theta,24.474,1,0,time,0.499177,0.138487,0.446944,0.490387,0.471906,0.489303,0.499177,0.49204
n10,mag25,bm-mag25-n10,989057d3-179d-40af-bf84-0970220438a4,agent_alpha,24.692,1,0,time,0.646932,-0.004097,0.456695,0.628426,0.63042,0.599887,0.646932,0.635899
n10,mag25,bm-mag25-n10,4198c6ad-b654-4744-9d15-c2b9a27a0a8f,agent_kappa,25.304,1,0,risk,0.693512,0.023332,-0.089416,0.688805,0.682144,0.637212,0.675694,0.693512
n10,mag25,bm-mag25-n10,6315e019-cd01-422e-9631-e41c95f3a222,agent_beta,25.307,1,0,time,0.594467,0.124317,0.324956,0.586006,0.56086,0.490943,0.594467,0.59216
n10,mag25,bm-mag25-n10,9df7d034-f902-4215-a832-2549ab8690d5,agent_theta,25.52,1,0,ownership,0.65411,0.73403,0.356912,0.625849,0.611091,0.65411,0.614585,0.632548
n10,mag25,bm-mag25-n10,9baf6106-38e0-495d-9a50-65f96b01b819,agent_epsilon,25.898,1,0,evidence,0.649312,-0.715723,0.440572,0.649312,0.618251,0.594369,0.607762,0.623843
n10,mag25,bm-mag25-n10,ba37c136-aeb7-403a-8cbf-737c083bde39,agent_gamma,26.257,1,0,evidence,0.474766,-0.278625,0.177568,0.474766,0.468019,0.43001,0.46816,0.470069
n10,mag25,bm-mag25-n10,1bba9700-4fc9-4b39-84a6-3ae82bdd15ef,agent_beta,26.293,1,0,evidence,0.617928,-0.4775,0.317744,0.617928,0.58458,0.516809,0.58797,0.60493
n10,mag25,bm-mag25-n10,eff8fd22-64c9-42a6-ab93-bb58ff14feda,agent_theta,26.299,1,0,evidence,0.685911,-0.188476,0.17034,0.685911,0.653953,0.605507,0.665899,0.681421
n10,mag25,bm-mag25-n10,e349eef9-9acf-438b-a274-8a8170811c18,agent_alpha,26.44,1,0,evidence,0.704698,-0.048689,0.082892,0.704698,0.663646,0.610687,0.684126,0.703637
n10,mag25,bm-mag25-n10,4ae0d172-e9cd-4e5f-b032-98282e967686,agent_kappa,26.604,1,0,risk,0.654406,0.228538,-0.124794,0.64737,0.629134,0.619786,0.630583,0.654406
n10,mag25,bm-mag25-n10,564ece24-dc4a-4085-b66f-a63611da65a4,agent_epsilon,26.825,1,0,evidence,0.641848,-0.266035,0.111985,0.641848,0.622458,0.546738,0.609436,0.636557
n10,mag25,bm-mag25-n10,9cca4e5c-fa16-4b4e-8fd1-e39ac32e9f64,agent_theta,27.311,1,0,evidence,0.60684,-0.339886,0.29513,0.60684,0.569218,0.518136,0.587764,0.59758
n10,mag25,bm-mag25-n10,7fd8e91d-31d0-43af-a58c-e5d58fd94632,agent_alpha,27.397,1,0,evidence,0.707196,-0.191387,0.173759,0.707196,0.680635,0.597456,0.689659,0.702811
n10,mag25,bm-mag25-n10,ee8c5a5d-0cd2-4dc6-ac59-40ee17d9110e,agent_epsilon,27.425,1,0,evidence,0.667972,-0.2728,0.186679,0.667972,0.636139,0.599105,0.639823,0.661429
n10,mag25,bm-mag25-n10,91f8302f-a41c-4451-8cec-dfa74fbab23e,agent_kappa,27.482,1,0,time,0.618904,0.100617,0.362112,0.583917,0.603938,0.565431,0.618904,0.610961
n10,mag25,bm-mag25-n10,fd15fbe9-a1ce-46a9-9672-a3ba547bc1de,agent_gamma,27.545,1,0,risk,0.662405,0.074704,-0.033775,0.6605,0.615129,0.564525,0.629696,0.662405
n10,mag25,bm-mag25-n10,4d8bd751-977e-43b3-9683-90a00b1830e6,agent_beta,27.565,1,0,evidence,0.508154,-0.154511,0.282349,0.508154,0.484752,0.453875,0.502006,0.504171
n10,mag25,bm-mag25-n10,769f2d53-7afa-4476-98fd-865cac6c25dd,agent_beta,28.43,1,0,evidence,0.687759,-0.155895,0.130715,0.687759,0.653897,0.590185,0.663997,0.684177
n10,mag25,bm-mag25-n10,eb87676e-4f4d-43d9-9206-ddc3f9f002bc,agent_theta,28.506,1,0,risk,0.65703,0.551304,-0.23927,0.63723,0.608716,0.579504,0.639358,0.65703
n10,mag25,bm-mag25-n10,cd968980-3067-4041-a10e-c1b63ffcf408,agent_alpha,28.582,1,0,risk,0.574248,0.220039,-0.04207,0.567194,0.543679,0.507329,0.559807,0.574248
n10,mag25,bm-mag25-n10,acc1c9f4-d8cc-4611-9d84-e6ecd58800c0,agent_epsilon,28.663,1,0,evidence,0.557724,-0.220765,0.318985,0.557724,0.50974,0.489153,0.547421,0.551144
n10,mag25,bm-mag25-n10,2e59f2f9-ad32-4e93-af7c-08d4e07877e0,agent_kappa,28.708,1,0,evidence,0.649072,-0.080643,0.122715,0.649072,0.612986,0.576635,0.631881,0.647243
n10,mag25,bm-mag25-n10,982aa5a4-90c1-446a-8f27-a553ef2606b0,agent_beta,29.325,1,0,evidence,0.601657,-0.141516,0.263724,0.601657,0.569091,0.576216,0.590635,0.596814
n10,mag25,bm-mag25-n10,d7eada89-5643-4ee9-bb31-f0e13d1e2c93,agent_iota,29.413,1,0,evidence,0.472603,-0.486616,0.401534,0.472603,0.424472,0.420101,0.451998,0.457572
n10,mag25,bm-mag25-n10,59d688dc-dc43-40c1-b7eb-aeac5045c728,agent_alpha,29.441,1,0,time,0.538879,0.045036,0.586786,0.522246,0.501202,0.442238,0.538879,0.526579
n10,mag25,bm-mag25-n10,7c49d176-bdc0-4346-8ddd-cf26783441a9,agent_epsilon,29.645,1,0,evidence,0.634117,-0.45271,0.282113,0.634117,0.604798,0.573501,0.60134,0.622268
n10,mag25,bm-mag25-n10,5fd6dffb-2692-45e6-ba90-08eb5a373757,agent_kappa,29.668,1,0,risk,0.652749,0.145542,-0.076128,0.648511,0.629967,0.62771,0.624245,0.652749
n10,mag25,bm-mag25-n10,033c3830-533a-406a-b2ed-bf3709027efb,agent_alpha,30.412,2,0,evidence,0.548116,-0.195126,0.132265,0.548116,0.527597,0.520427,0.523013,0.543483
n10,mag25,bm-mag25-n10,61dfac38-27a5-4d32-b82a-bab453b82b5b,agent_iota,30.425,2,0,risk,0.686405,0.289115,0.084144,0.6754,0.645557,0.606724,0.680672,0.686405
n10,mag25,bm-mag25-n10,398eed09-c2e7-4087-8930-9eace278835c,agent_beta,30.58,2,0,time,0.56493,0.010549,0.579308,0.551939,0.522947,0.475494,0.56493,0.553136
n10,mag25,bm-mag25-n10,dbf86351-d6f6-45aa-98f9-767a7cb574fc,agent_epsilon,30.592,2,0,evidence,0.639738,-0.290966,0.207255,0.639738,0.609678,0.547373,0.615028,0.632657
n10,mag25,bm-mag25-n10,96ef96f5-a138-43c4-aad7-a383ba967ea5,agent_kappa,30.597,2,0,evidence,0.574595,-0.519984,0.39316,0.574595,0.53817,0.492033,0.55227,0.558807
n10,mag25,bm-mag25-n10,d854e7fd-f389-4b13-b4bd-d8399610cc54,agent_theta,30.756,2,0,risk,0.603085,0.059559,0.233281,0.600975,0.566649,0.56328,0.600266,0.603085
n10,mag25,bm-mag25-n10,c178240f-739c-4e16-96c5-178143d0cb7b,agent_alpha,31.384,2,0,evidence,0.671656,-0.192255,0.159711,0.671656,0.633884,0.581852,0.647427,0.667021
n10,mag25,bm-mag25-n10,7c55b1b7-9e25-4d76-beeb-617f255f1d0e,agent_kappa,31.437,2,0,evidence,0.643085,-0.39917,0.408512,0.643085,0.607456,0.543827,0.630404,0.630397
n10,mag25,bm-mag25-n10,51709519-1e19-42fc-a499-a499dc4e0284,agent_epsilon,31.454,2,0,time,0.553154,0.089643,0.307764,0.547487,0.521614,0.476031,0.553154,0.551777
n10,mag25,bm-mag25-n10,71de58d3-7172-4b8f-906a-c30f11aea960,agent_theta,31.455,2,0,risk,0.662885,0.019391,0.263156,0.661621,0.633846,0.573844,0.661524,0.662885
n10,mag25,bm-mag25-n10,d95909ec-192d-436e-909e-a3c34c9e7628,agent_gamma,31.509,2,0,evidence,0.565186,-0.566285,0.457589,0.565186,0.521802,0.48855,0.545373,0.546036
n10,mag25,bm-mag25-n10,d526cdba-5f1f-4817-9974-94a22e752585,agent_beta,31.661,2,0,evidence,0.597013,-0.249384,0.258796,0.597013,0.55877,0.530596,0.580893,0.590313
n10,mag25,bm-mag25-n10,ee562497-818a-4de6-9b2d-2903aed14090,agent_iota,31.975,2,0,evidence,0.658092,-0.477765,0.428507,0.658092,0.614146,0.566631,0.641543,0.642718
n10,mag25,bm-mag25-n10,a7203776-a38c-4f02-b78b-ecadf280d1d3,agent_kappa,32.295,2,0,evidence,0.698264,-0.39171,0.28871,0.698264,0.668962,0.586994,0.676421,0.687858
n10,mag25,bm-mag25-n10,574f4dcf-b7ac-4722-a932-fe0cead7abfa,agent_theta,32.319,2,0,evidence,0.655622,-0.564249,0.436301,0.655622,0.61851,0.543729,0.634714,0.63715
n10,mag25,bm-mag25-n10,1f6ca71b-7392-4ff3-841b-e8b8fac0f35f,agent_gamma,32.349,2,0,risk,0.556203,0.089116,0.087937,0.553646,0.505241,0.492727,0.545056,0.556203
n10,mag25,bm-mag25-n10,f5b2e69d-d46d-4fca-b23a-c7233e1dba89,agent_alpha,32.458,2,0,evidence,0.615223,-0.564031,0.376218,0.615223,0.575627,0.521244,0.581628,0.598728
n10,mag25,bm-mag25-n10,f4cf790a-1c84-49bd-b6ef-7c9c2a3edb48,agent_beta,32.659,2,0,evidence,0.591088,-0.33475,0.241055,0.591088,0.554645,0.54509,0.562239,0.582423
n10,mag25,bm-mag25-n10,92dab573-c176-4517-bf88-b27281587fae,agent_epsilon,32.737,2,0,testing,0.52674,-0.457373,-0.031493,0.524611,0.52674,0.501579,0.506215,0.518002
n10,mag25,bm-mag25-n10,587c6f21-2d80-4c74-9237-3609bc41a19a,agent_iota,32.741,2,0,evidence,0.567324,-0.571399,0.405868,0.567324,0.526318,0.451767,0.540015,0.549782
n10,mag25,bm-mag25-n10,4463a88d-0bfd-4a78-9268-49b02546f991,agent_theta,33.26,2,0,risk,0.629498,0.142359,0.203737,0.624229,0.587618,0.527577,0.626612,0.629498
n10,mag25,bm-mag25-n10,d4e89b22-fab1-42a4-8041-14f220e8056f,agent_beta,33.433,2,0,evidence,0.647401,-0.211795,0.2981,0.647401,0.60603,0.554979,0.636566,0.641296
n10,mag25,bm-mag25-n10,482c83f0-28f5-4a82-af9d-49adbad38acd,agent_epsilon,33.536,2,0,evidence,0.610991,-0.194371,0.148924,0.610991,0.589045,0.541544,0.592887,0.606931
n10,mag25,bm-mag25-n10,cd845980-0675-4af7-b423-4a75101e3bc3,agent_kappa,33.584,2,0,evidence,0.668015,-0.614529,0.416372,0.668015,0.617294,0.563274,0.632932,0.64899
n10,mag25,bm-mag25-n10,0ebae366-7216-4707-98ce-1bde1dbd81a4,agent_alpha,33.699,2,0,time,0.487469,0.089737,0.289971,0.480013,0.465503,0.436382,0.487469,0.485676
n10,mag25,bm-mag25-n10,4905a5bd-4f9c-4f1f-a3f2-224c40d3786d,agent_iota,33.707,2,0,evidence,0.541048,-0.422775,0.278889,0.541048,0.512358,0.475686,0.513925,0.529998
n10,mag25,bm-mag25-n10,9d283847-e8a0-4d89-bbc4-7df16e39d31e,agent_theta,34.077,2,0,risk,0.758476,0.277304,-0.124163,0.750757,0.718497,0.637487,0.73658,0.758476
n10,mag25,bm-mag25-n10,0ebd61ad-223a-493b-821a-380b69cbc263,agent_beta,34.414,2,0,evidence,0.555212,-0.228817,0.184489,0.555212,0.528544,0.447253,0.535695,0.549862
n10,mag25,bm-mag25-n10,6221dd02-f296-4816-bcf7-b38a8f0172a2,agent_epsilon,34.433,2,0,evidence,0.580659,-0.677324,0.470064,0.580659,0.539836,0.472903,0.551954,0.556558
n10,mag25,bm-mag25-n10,a7a98a6d-6873-44c4-9797-fbf32ab5ffaf,agent_iota,34.442,2,0,evidence,0.703112,-0.327164,0.251688,0.703112,0.666001,0.584213,0.679118,0.694667
n10,mag25,bm-mag25-n10,13f5fb40-bdc4-4a02-8ea8-3e41697e2761,agent_alpha,34.491,2,0,evidence,0.632146,-0.749735,0.488356,0.632146,0.588301,0.539145,0.591235,0.603237
n10,mag25,bm-mag25-n10,ae949eb1-7131-4c4a-89bf-7a067e532a33,agent_kappa,34.564,2,0,evidence,0.675845,-0.387521,0.243004,0.675845,0.646154,0.591697,0.644099,0.666158
n10,mag25,bm-mag25-n10,93397b15-5e0f-4c9b-baee-c0f382aae1f4,agent_epsilon,35.413,2,0,time,0.690696,-0.067235,0.613626,0.679833,0.656173,0.587931,0.690696,0.676495
n10,mag25,bm-mag25-n10,bcca86ab-2374-47b3-91ec-106021d508f5,agent_theta,35.444,2,0,evidence,0.687192,-0.462321,0.36442,0.687192,0.631363,0.560106,0.663927,0.673802
n10,mag25,bm-mag25-n10,4ba37042-1e4a-4d69-b630-9ab6ec200fb3,agent_beta,35.876,2,0,evidence,0.562758,-0.462363,0.31497,0.562758,0.53962,0.48329,0.542261,0.549988
n10,mag25,bm-mag25-n10,48a9dc5e-941e-4e59-b602-aae7bb9ba3a1,agent_alpha,35.886,2,0,evidence,0.550417,-0.44012,0.408987,0.550417,0.514787,0.527115,0.528743,0.53383
n10,mag25,bm-mag25-n10,41e98d29-91f2-4fce-bd2d-4ace89d91bba,agent_theta,36.056,2,0,evidence,0.614184,-0.726461,0.421743,0.614184,0.587467,0.530028,0.571156,0.588587
n10,mag25,bm-mag25-n10,141e04d5-8080-4919-91f6-34d4c1ba933d,agent_kappa,36.24,2,0,evidence,0.629254,-0.46257,0.311457,0.629254,0.581164,0.5151,0.592555,0.616826
n10,mag25,bm-mag25-n10,1a5f5ed6-f5ca-4cbe-b05d-f34cc8c839f7,agent_beta,36.424,2,0,evidence,0.612743,-0.536159,0.409482,0.612743,0.572896,0.509327,0.590308,0.596112
n10,mag25,bm-mag25-n10,b9032bde-0f22-4933-9b39-c21c6837e7e7,agent_alpha,36.519,2,0,time,0.739053,0.056259,0.253959,0.73034,0.724511,0.617638,0.739053,0.737011
n10,mag25,bm-mag25-n10,3a2fabc4-54eb-4084-967d-8bfffeeb45c8,agent_iota,36.568,2,0,evidence,0.681296,-0.56055,0.387865,0.681296,0.641795,0.564903,0.652042,0.664573
n10,mag25,bm-mag25-n10,bb3026c6-eacd-4c27-8dbd-51b91065f0da,agent_epsilon,36.678,2,0,evidence,0.571256,-0.409361,0.389285,0.571256,0.528002,0.461851,0.555732,0.558727
n10,mag25,bm-mag25-n10,2631bbbd-d9eb-41fa-9078-384d4b6f2d56,agent_theta,36.963,2,0,evidence,0.633948,-0.403434,0.254412,0.633948,0.610541,0.548657,0.609903,0.623768
n10,mag25,bm-mag25-n10,cd491c00-9d2d-4f76-a189-852936c05604,agent_epsilon,37.309,2,0,evidence,0.628464,-0.141646,0.192918,0.628464,0.616161,0.547409,0.623323,0.626688
n10,mag25,bm-mag25-n10,2bedecc2-c173-4a7b-8e32-dfaa0f6fd2c5,agent_beta,37.331,2,0,evidence,0.677315,-0.66349,0.429321,0.677315,0.635185,0.578372,0.635666,0.655961
n10,mag25,bm-mag25-n10,22f90709-d90d-429b-b0a3-b432ddbee50e,agent_theta,37.956,2,0,evidence,0.678661,-0.407678,0.276438,0.678661,0.646658,0.601297,0.650809,0.668036
n10,mag25,bm-mag25-n10,2d6ce16b-ed76-47a8-8e30-6a6815eedd87,agent_kappa,38.3,2,0,evidence,0.650212,-0.01633,0.124698,0.650212,0.618584,0.589032,0.639016,0.650158
n10,mag25,bm-mag25-n10,efecac25-140e-422b-9040-d5f4b4878656,agent_beta,38.429,2,0,time,0.598988,-0.113125,0.388454,0.598013,0.576683,0.517273,0.598988,0.59481
n10,mag25,bm-mag25-n10,1340768c-4ba3-4dea-8b76-37ac2cdff27d,agent_epsilon,38.546,2,0,time,0.508138,-0.023913,0.497955,0.49821,0.48176,0.456457,0.508138,0.498588
n10,mag25,bm-mag25-n10,8c8c0866-1e60-47ae-92ba-f03c2361597f,agent_epsilon,39.376,2,0,evidence,0.58691,-0.341877,0.254713,0.58691,0.550135,0.511106,0.561609,0.578085
n10,mag25,bm-mag25-n10,55c6c484-28a0-4b1e-810f-f73d5e0f4d80,agent_beta,39.425,2,0,evidence,0.612004,-0.21247,0.129954,0.612004,0.592128,0.551925,0.591324,0.607766
n10,mag25,bm-mag25-n10,b049f7a5-4870-42a3-ac39-eb282652e6a7,agent_theta,39.44,2,0,risk,0.668545,0.120033,-0.002216,0.664731,0.637507,0.57741,0.652464,0.668545
n10,mag25,bm-mag25-n10,c6f6198c-28aa-490c-b889-72ab615f523f,agent_theta,40.286,2,0,evidence,0.578873,-0.44585,0.353654,0.578873,0.539243,0.5146,0.557261,0.56602
n10,mag25,bm-mag25-n10,d8b40c27-ff15-42e4-abd1-6e3d6001378c,agent_gamma,40.711,2,0,evidence,0.7171,-0.031918,0.033423,0.7171,0.662216,0.632734,0.682212,0.716376
n10,mag25,bm-mag25-n10,d5bb1287-0895-40b1-ba03-aabe97612ba2,agent_theta,41.006,2,0,risk,0.691952,0.140731,-0.057667,0.688437,0.634619,0.611618,0.664676,0.691952
n10,mag25,bm-mag25-n10,7a9fe67b-eb1f-4976-a1de-59cf461655e4,agent_kappa,41.132,2,0,time,0.569279,0.014869,0.766175,0.545022,0.521373,0.496047,0.569279,0.54785
n10,mag25,bm-mag25-n10,a4c63bdb-d5eb-48b0-a0ba-97b5bc44cf8e,agent_beta,41.316,2,0,risk,0.571739,0.084095,0.090214,0.569315,0.541101,0.541912,0.560746,0.571739
n10,mag25,bm-mag25-n10,9e6d9003-bd10-4da6-9557-049393719b51,agent_theta,41.947,2,0,time,0.577143,0.050947,0.644902,0.557735,0.530124,0.497103,0.577143,0.562685
n10,mag25,bm-mag25-n10,d08cb98d-2e48-4436-a216-a070a00dfe23,agent_gamma,42.302,2,0,evidence,0.609862,-0.16378,0.295134,0.609862,0.581758,0.570082,0.602466,0.605111
n10,mag25,bm-mag25-n10,83173bf7-ee50-4f3f-adcc-b68fc3a78d48,agent_beta,42.417,2,0,time,0.652625,0.02315,0.349901,0.647875,0.624807,0.517379,0.652625,0.64975
n10,mag25,bm-mag25-n10,7e3670f4-8e65-498a-8a3e-692fff5675ac,agent_beta,43.271,2,0,evidence,0.499469,-0.162851,0.210172,0.499469,0.492097,0.439767,0.497887,0.497998
n10,mag25,bm-mag25-n10,20ea6f8c-e904-469c-8ab8-9d139977ee28,agent_theta,43.349,2,0,evidence,0.593078,-0.360853,0.253674,0.593078,0.560457,0.519026,0.566728,0.583852
n10,mag25,bm-mag25-n10,fa87b930-a72c-4a2a-aaf1-7c443d115622,agent_iota,43.699,2,0,evidence,0.60933,-0.205961,0.248529,0.60933,0.565734,0.546841,0.594716,0.603719
n10,mag25,bm-mag25-n10,b73fd7bb-7782-48d7-9cc5-6f2c9ff6f381,agent_epsilon,43.806,2,0,evidence,0.547155,-0.16203,0.199214,0.547155,0.530328,0.474595,0.538681,0.544101
n10,mag25,bm-mag25-n10,4b4ed7eb-4d26-4772-a821-a55c420cc59a,agent_zeta,44.072,2,0,risk,0.543158,-0.026028,0.010426,0.542172,0.524972,0.461628,0.524546,0.543158
n10,mag25,bm-mag25-n10,ae63c13f-68e2-4532-aeed-7d7f45418b5c,agent_theta,44.237,2,0,evidence,0.684978,-0.262364,0.189018,0.684978,0.66944,0.592766,0.671663,0.679489
n10,mag25,bm-mag25-n10,3f43dce9-c781-4198-acc7-28f06e535dcb,agent_kappa,44.248,2,0,evidence,0.564755,-0.484307,0.315008,0.564755,0.543228,0.46964,0.543944,0.551305
n10,mag25,bm-mag25-n10,ce2c2fed-32d5-4689-9b00-368612dbc438,agent_epsilon,44.356,2,0,evidence,0.669703,-0.122129,0.248961,0.669703,0.642612,0.586598,0.662328,0.666668
n10,mag25,bm-mag25-n10,f9c77679-ed72-4cbc-be6f-bc27403a26b6,agent_beta,44.786,2,0,time,0.662106,0.069201,0.354882,0.654936,0.631789,0.568505,0.662106,0.658822
n10,mag25,bm-mag25-n10,368688df-d586-4ce4-8aa3-f6b2cacbad65,agent_beta,45.313,3,0,evidence,0.623035,-0.14513,0.083069,0.623035,0.597476,0.537295,0.594888,0.620217
n10,mag25,bm-mag25-n10,c4a0975b-26f9-42bf-81a9-aabdf56c7cde,agent_iota,45.717,3,0,risk,0.616399,0.007031,0.025076,0.615997,0.578775,0.546748,0.592106,0.616399
n10,mag25,bm-mag25-n10,5b88790b-8699-4403-ba57-902f7f93a88c,agent_gamma,46.263,3,0,evidence,0.750092,-0.051273,0.019934,0.750092,0.726978,0.624593,0.724117,0.749785
n10,mag25,bm-mag25-n10,a02b43db-bd42-4e57-b9e4-f64615439e68,agent_beta,46.318,3,0,risk,0.700953,0.012755,0.013375,0.700126,0.670693,0.607367,0.677729,0.700953
n10,mag25,bm-mag25-n10,e778803d-1056-47d6-bb8e-adb341122d4e,agent_theta,46.503,3,0,evidence,0.697854,-0.22384,0.220806,0.697854,0.667786,0.551416,0.681629,0.692247
n10,mag25,bm-mag25-n10,2378be79-db38-4d57-8d42-bccc96006fd4,agent_iota,46.613,3,0,risk,0.737544,0.019284,0.034916,0.736834,0.699109,0.603951,0.716851,0.737544
n10,mag25,bm-mag25-n10,1985d55c-477d-4d66-ae5f-3a7c09f77a5a,agent_theta,46.791,3,0,evidence,0.640171,-0.267314,0.404718,0.640171,0.603233,0.528432,0.633223,0.631376
n10,mag25,bm-mag25-n10,097c60ff-3ee6-4295-809d-b9329119f7c9,agent_epsilon,47.317,3,0,risk,0.741482,0.119076,-0.036759,0.738411,0.693283,0.633719,0.716956,0.741482
n10,mag25,bm-mag25-n10,302fb5ab-df81-4d7c-b009-c95de4971f06,agent_beta,47.332,3,0,evidence,0.600886,-0.140348,0.290304,0.600886,0.578498,0.48616,0.596161,0.597384
n10,mag25,bm-mag25-n10,d515581b-9b18-43aa-bdd1-238f7cc67969,agent_iota,47.673,3,0,evidence,0.671732,-0.312595,0.260253,0.671732,0.6347,0.541055,0.650766,0.663536
n10,mag25,bm-mag25-n10,3f568b1a-f22d-452b-8078-98ba4fcc219f,agent_theta,47.811,3,0,evidence,0.656448,-0.160488,0.249065,0.656448,0.625244,0.552417,0.646271,0.652217
n10,mag25,bm-mag25-n10,4d4fbb81-3c5c-48f0-9c41-27b4eecf9afa,agent_gamma,48.324,3,0,evidence,0.681425,-0.428578,0.35233,0.681425,0.63709,0.552245,0.660655,0.669098
n10,mag25,bm-mag25-n10,09d94ac2-1023-44f4-a997-234d79ee0e79,agent_beta,48.332,3,0,evidence,0.643536,-0.406563,0.301873,0.643536,0.601518,0.528266,0.617482,0.632578
n10,mag25,bm-mag25-n10,4880bb31-133b-493d-b114-b98cfac61630,agent_theta,48.756,3,0,time,0.567018,-0.089548,0.401232,0.567013,0.52245,0.481226,0.567018,0.563773
n10,mag25,bm-mag25-n10,8b368f1f-e95d-41c8-b021-4b3aafcfdb75,agent_iota,48.778,3,0,evidence,0.64318,-0.172642,0.17344,0.64318,0.607702,0.587797,0.623878,0.638918
n10,mag25,bm-mag25-n10,9eced79b-fa3f-4a18-9e7c-53148d932a92,agent_kappa,49.369,3,0,evidence,0.685961,-0.038917,0.051425,0.685961,0.650467,0.611885,0.661455,0.685282
n10,mag25,bm-mag25-n10,1326a9dc-7096-4602-b41b-b1d132941790,agent_epsilon,49.548,3,0,evidence,0.655509,-0.665765,0.427009,0.655509,0.615605,0.560022,0.613386,0.634071
n10,mag25,bm-mag25-n10,9b6eb84e-f5d1-4796-bd31-862504e0d25d,agent_beta,49.583,3,0,evidence,0.591901,-0.21446,0.413886,0.591901,0.561165,0.502702,0.588229,0.584665
n10,mag25,bm-mag25-n10,fe8b0951-b2e1-4c30-9bb8-5aba9910e908,agent_iota,49.667,3,0,evidence,0.629636,-0.067763,0.289092,0.629636,0.609922,0.541418,0.628675,0.628624
n10,mag25,bm-mag25-n10,c7d90632-91ac-4358-8299-9b74460cf8ec,agent_theta,50.007,3,0,evidence,0.74588,-0.755286,0.472196,0.74588,0.709438,0.628712,0.698246,0.717148
n10,mag25,bm-mag25-n10,4d23881b-b279-4855-8a56-73c2526fdf91,agent_gamma,50.289,3,0,evidence,0.573564,-0.209586,0.326306,0.573564,0.538525,0.490459,0.56519,0.567341
n10,mag25,bm-mag25-n10,4bcdb2dc-2807-46c0-9a86-cdb55419cd28,agent_theta,50.938,3,0,evidence,0.627226,-0.156307,0.114485,0.627226,0.606999,0.537985,0.609387,0.624406
n10,mag25,bm-mag25-n10,02b0c3e0-4051-4819-838a-5307cab7b476,agent_beta,51.048,3,0,time,0.529297,0.230384,0.389593,0.507755,0.489467,0.479018,0.529297,0.524188
n10,mag25,bm-mag25-n10,82fb37b1-d570-414d-8d88-6a5c292f3356,agent_beta,51.35,3,0,evidence,0.523798,-0.239617,0.179151,0.523798,0.49001,0.474839,0.497254,0.517934
n10,mag25,bm-mag25-n10,45422be2-39ab-4d10-a0cf-8a53c7a156bb,agent_gamma,52.387,3,0,evidence,0.671921,-0.217895,0.132371,0.671921,0.646037,0.585091,0.644264,0.667195
n10,mag25,bm-mag25-n10,2ed32b2d-e238-44cc-a055-0d605755c11e,agent_beta,52.558,3,0,time,0.491678,-0.034038,0.743213,0.467856,0.462878,0.439625,0.491678,0.467933
n10,mag25,bm-mag25-n10,5aabb1bf-7bfa-4661-aa01-e74d82a8fcca,agent_kappa,53.14,3,0,evidence,0.679344,-0.374573,0.252526,0.679344,0.652014,0.540033,0.654679,0.669864
n10,mag25,bm-mag25-n10,e1a484e7-0732-4351-8639-4c99a5af0931,agent_beta,53.362,3,0,time,0.548467,-0.074601,0.722843,0.534582,0.501553,0.453028,0.548467,0.528526
n10,mag25,bm-mag25-n10,36360600-bdbf-404a-8480-b1d096d94959,agent_iota,53.618,3,0,time,0.521727,-0.076957,0.755111,0.502323,0.492115,0.455179,0.521727,0.4963
n10,mag25,bm-mag25-n10,f5768f0f-d6c1-425a-a5c0-6d2f8b55104a,agent_theta,53.802,3,0,evidence,0.555815,-0.014383,0.282298,0.555815,0.51175,0.487197,0.553753,0.555447
n10,mag25,bm-mag25-n10,c610e0e4-4435-4dfd-9f71-d68190661d5c,agent_zeta,54.049,3,0,evidence,0.62911,-0.277606,0.002769,0.62911,0.628056,0.606162,0.61602,0.626843
n10,mag25,bm-mag25-n10,ac4fe8f7-823e-4920-b8b8-fa97269705c8,agent_gamma,54.299,3,0,time,0.628214,0.018938,0.325514,0.623941,0.60461,0.576585,0.628214,0.625954
n10,mag25,bm-mag25-n10,d715e00e-c8f3-4d49-a531-1eaac7cca698,agent_beta,54.611,3,0,risk,0.566593,0.11976,0.002144,0.563347,0.520171,0.490292,0.548819,0.566593
n10,mag25,bm-mag25-n10,ae2e8e58-22e9-4198-a76d-11f51c12c521,agent_theta,55.263,3,0,evidence,0.656428,-0.120536,0.089598,0.656428,0.626334,0.58999,0.630362,0.65392
n10,mag25,bm-mag25-n10,f0734293-ab28-4695-bbd6-ced22bdb6586,agent_beta,56.289,3,0,evidence,0.67855,-0.303901,0.205146,0.67855,0.651158,0.556212,0.653613,0.671254
n10,mag25,bm-mag25-n10,ddcbc6bb-2590-4382-a01d-970d8e21c812,agent_theta,56.295,3,0,evidence,0.620821,-0.630937,0.360516,0.620821,0.596373,0.520051,0.584986,0.601775
n10,mag25,bm-mag25-n10,e8c169a5-7aed-44e6-a683-11e8eb07444e,agent_gamma,56.307,3,0,risk,0.671663,0.022681,0.169591,0.668567,0.655348,0.555995,0.668375,0.671663
n10,mag25,bm-mag25-n10,195f0312-667b-4953-a904-7977f23abb9e,agent_theta,56.724,3,0,evidence,0.73072,-0.396312,0.226355,0.73072,0.712906,0.615881,0.709853,0.721197
n10,mag25,bm-mag25-n10,ec780552-9139-4b81-a997-6d411744ead0,agent_kappa,57.195,3,0,risk,0.676525,0.355569,-0.175752,0.666093,0.639893,0.610004,0.654529,0.676525
n10,mag25,bm-mag25-n10,769dc9da-d917-482a-b109-03ae809fcb6a,agent_beta,57.309,3,0,risk,0.693353,0.467363,-0.053579,0.672829,0.655665,0.657013,0.684517,0.693353
n10,mag25,bm-mag25-n10,5c307f4c-5303-433b-89f1-1b3c632e40ab,agent_theta,58.08,3,0,time,0.313642,0.244492,0.444439,0.30163,0.296664,0.312564,0.313642,0.303983
n10,mag25,bm-mag25-n10,79259821-3835-4ac4-85c8-a759c27cb6d7,agent_gamma,58.313,3,0,risk,0.666934,0.048995,0.033161,0.665126,0.636242,0.590134,0.650319,0.666934
n10,dom-agi,bm-dom-agi-n10,4bbe6810-7a17-44bb-a945-c361643f5225,agent_gamma,0.0,0,0,time,0.398249,0.072273,0.48949,0.377592,0.388073,0.392624,0.398249,0.375427
n10,dom-agi,bm-dom-agi-n10,2e8a0e0c-9d31-4715-ac8c-38f5046045fd,agent_delta,0.289,0,0,time,0.249318,-0.032144,0.674953,0.218634,0.22823,0.206159,0.249318,0.226861
n10,dom-agi,bm-dom-agi-n10,a45bcd09-7be9-4ae5-8f52-936dbd2a55a8,agent_eta,0.296,0,0,testing,0.501723,-0.360597,0.173243,0.501443,0.501723,0.472417,0.499319,0.494985
n10,dom-agi,bm-dom-agi-n10,b8c69c66-7596-404b-8f82-025d81c98e3d,agent_zeta,0.311,0,0,evidence,0.425797,-0.538222,0.246678,0.425797,0.420925,0.387655,0.416297,0.409219
n10,dom-agi,bm-dom-agi-n10,de093c5c-07e9-4b23-beae-0569d0c5c1f8,agent_epsilon,0.316,0,0,testing,0.440299,-0.251769,-0.051149,0.42121,0.440299,0.433754,0.416289,0.415418
n10,dom-agi,bm-dom-agi-n10,ed964e8a-cb73-4d40-9a8e-233bc38c3125,agent_theta,0.35,0,0,time,0.373419,-0.063689,0.424233,0.363691,0.364837,0.3643,0.373419,0.358217
n10,dom-agi,bm-dom-agi-n10,4e1a40d9-132d-4dd8-96e6-c40c0662a004,agent_kappa,0.355,0,0,time,0.445194,-0.349723,0.552244,0.44512,0.428202,0.395049,0.445194,0.428691
n10,dom-agi,bm-dom-agi-n10,f87e7131-8097-46e5-a272-4d55a16c03c0,agent_iota,0.389,0,0,time,0.504659,-0.103932,0.686934,0.491582,0.474213,0.435622,0.504659,0.484911
n10,dom-agi,bm-dom-agi-n10,6a5af8be-2ffa-40b0-ad6d-28288d1e5e6e,agent_alpha,0.585,0,1,evidence,0.616145,-0.685561,0.194757,0.616145,0.611155,0.509184,0.597247,0.593571
n10,dom-agi,bm-dom-agi-n10,bc03ffa3-607b-4268-ba76-54dbe12d4835,agent_beta,0.902,0,0,evidence,0.664868,-0.604263,0.302361,0.664868,0.649274,0.567817,0.640177,0.647106
n10,dom-agi,bm-dom-agi-n10,a1990181-0853-4cb7-9dbf-69316e20fa37,agent_epsilon,1.151,0,0,evidence,0.631229,-0.658925,0.375617,0.631229,0.606458,0.507362,0.593281,0.610628
n10,dom-agi,bm-dom-agi-n10,b68f8b01-ea55-41b0-993c-4e4f53e4a9f2,agent_delta,1.206,0,1,testing,0.492854,-0.808983,-0.140931,0.48354,0.492854,0.34158,0.460535,0.450998
n10,dom-agi,bm-dom-agi-n10,5e5863d1-d9e4-4c05-a5b4-48761594abbb,agent_zeta,1.242,0,0,evidence,0.655337,-0.52724,0.2574,0.655337,0.646717,0.549407,0.64242,0.640558
n10,dom-agi,bm-dom-agi-n10,cd378438-c69f-4459-a58a-70fe9c064f7c,agent_eta,1.3,0,0,evidence,0.701121,-0.437491,0.203232,0.701121,0.689627,0.577913,0.683833,0.690949
n10,dom-agi,bm-dom-agi-n10,fa86f31e-5894-476f-9c3e-4c4d9dcf3a00,agent_iota,1.343,0,0,evidence,0.621402,-0.605015,0.364022,0.621402,0.596717,0.49943,0.591772,0.603148
n10,dom-agi,bm-dom-agi-n10,5e0ac881-f102-478b-94a0-f4a07ea1f017,agent_theta,1.641,0,0,evidence,0.647066,-0.401546,0.458802,0.647066,0.620126,0.528789,0.638789,0.63289
n10,dom-agi,bm-dom-agi-n10,fe9dca99-1df3-44b7-afd9-a268c2436dd5,agent_beta,1.857,0,0,testing,0.643186,-0.651142,-0.100434,0.634065,0.643186,0.536147,0.623375,0.622458
n10,dom-agi,bm-dom-agi-n10,8fc85634-3124-4f2b-ac6b-c3b2af703cc5,agent_delta,2.057,0,0,evidence,0.651814,-0.78366,0.385891,0.651814,0.633654,0.542679,0.610361,0.619524
n10,dom-agi,bm-dom-agi-n10,1958ab8e-d1ae-46e1-97c6-467ad1328ef3,agent_epsilon,2.17,0,0,evidence,0.735844,-0.565249,0.245076,0.735844,0.722477,0.591882,0.710323,0.720835
n10,dom-agi,bm-dom-agi-n10,2c2c6681-9e87-4673-bbea-f516fb4656b5,agent_gamma,2.18,0,0,evidence,0.663029,-0.42982,0.356154,0.663029,0.641207,0.572762,0.64932,0.650298
n10,dom-agi,bm-dom-agi-n10,e3307a6f-1a67-444b-8f59-eb2340390d85,agent_theta,2.204,0,0,evidence,0.562974,-0.559232,0.441,0.562974,0.533845,0.44321,0.545358,0.543961
n10,dom-agi,bm-dom-agi-n10,9e34a426-2671-4e10-8933-116d507e269e,agent_alpha,2.338,0,0,evidence,0.686459,-0.337562,0.104459,0.686459,0.67912,0.583544,0.671816,0.680888
n10,dom-agi,bm-dom-agi-n10,9e644b5a-7bcb-4f35-b1ec-a85bc2d86c1b,agent_iota,2.354,0,0,time,0.656767,0.055274,0.477538,0.64311,0.628223,0.560891,0.656767,0.648229
n10,dom-agi,bm-dom-agi-n10,ddda0621-617c-47c8-b02a-0c19afe32a39,agent_eta,2.443,0,0,evidence,0.712774,-0.688855,0.366259,0.712774,0.692547,0.592108,0.678686,0.690117
n10,dom-agi,bm-dom-agi-n10,daef5fd6-396d-4506-a1bd-781e2bc84ef5,agent_zeta,2.55,0,0,evidence,0.737442,-0.283799,0.333504,0.737442,0.715315,0.595017,0.728961,0.729386
n10,dom-agi,bm-dom-agi-n10,caff8b1c-1f07-4311-b7a3-4392b4e5ab40,agent_beta,2.901,0,0,evidence,0.644377,-0.518407,0.244761,0.644377,0.630275,0.562118,0.62165,0.630989
n10,dom-agi,bm-dom-agi-n10,667b989f-8cda-4fac-9767-cf84cd59f28a,agent_delta,3.091,0,0,evidence,0.652453,-0.725964,0.402881,0.652453,0.629568,0.545465,0.614409,0.626736
n10,dom-agi,bm-dom-agi-n10,87c6f5a4-5e64-411d-a730-ff3840d9a30f,agent_gamma,3.115,0,0,time,0.733019,-0.108669,0.42484,0.730346,0.709464,0.586981,0.733019,0.727075
n10,dom-agi,bm-dom-agi-n10,baed84c8-0449-4eb3-84ab-7fa3df4cd4c4,agent_kappa,3.165,0,0,evidence,0.668823,-0.554012,0.34721,0.668823,0.642111,0.548109,0.640183,0.652872
n10,dom-agi,bm-dom-agi-n10,fcdc7c37-97c2-46b9-81e3-d64d4dbfa923,agent_epsilon,3.189,0,0,evidence,0.699751,-0.540706,0.324147,0.699751,0.676041,0.578856,0.671798,0.684583
n10,dom-agi,bm-dom-agi-n10,324c2a0c-4cea-4f26-875d-f7cfc67f9c80,agent_theta,3.252,0,0,evidence,0.637035,-0.442541,0.337286,0.637035,0.621424,0.536098,0.62556,0.62404
n10,dom-agi,bm-dom-agi-n10,4746a645-36f7-4c98-b7f3-48cb5b3fc0bf,agent_eta,3.26,0,0,evidence,0.612734,-0.614019,0.178918,0.612734,0.604366,0.551986,0.585016,0.596762
n10,dom-agi,bm-dom-agi-n10,bd9de6ce-5779-4e69-8b0f-aec7d7d6afbf,agent_iota,3.265,0,0,testing,0.720688,-0.339766,-0.103398,0.714017,0.720688,0.596433,0.707023,0.715174
n10,dom-agi,bm-dom-agi-n10,909591d2-6610-443b-ab3b-170f817f551d,agent_alpha,3.684,0,0,evidence,0.649904,-0.484927,0.240588,0.649904,0.63378,0.575643,0.625523,0.637719
n10,dom-agi,bm-dom-agi-n10,5a55953e-6cc3-42b8-8d0e-7dd9b07eaded,agent_beta,3.872,0,0,evidence,0.652165,-0.695168,0.23422,0.652165,0.641962,0.538277,0.618736,0.630997
n10,dom-agi,bm-dom-agi-n10,aa982cef-5758-4013-bac5-2c393330ac2e,agent_delta,4.106,0,0,testing,0.692664,-0.491891,-0.098621,0.687707,0.692664,0.578885,0.67176,0.683095
n10,dom-agi,bm-dom-agi-n10,58ce2c1c-3ad5-40b0-bd92-ad4f6f8d5645,agent_gamma,4.128,0,0,testing,0.725626,-0.446433,-0.195279,0.709869,0.725626,0.648748,0.708704,0.713973
n10,dom-agi,bm-dom-agi-n10,23d1a139-aedb-4496-924d-17fd61e6820a,agent_iota,4.282,0,0,evidence,0.624243,-0.687491,0.348396,0.624243,0.604676,0.49401,0.58489,0.602341
n10,dom-agi,bm-dom-agi-n10,4facbe6d-2ea7-453f-b5dd-c11e318e8fba,agent_theta,4.343,0,0,testing,0.662989,-0.459825,-0.222415,0.654214,0.662989,0.578627,0.629307,0.65406
n10,dom-agi,bm-dom-agi-n10,ec6997e0-a399-424a-a697-d7cecd6d3a85,agent_eta,4.355,0,0,evidence,0.777806,-0.213556,0.180987,0.777806,0.754198,0.629561,0.76092,0.772989
n10,dom-agi,bm-dom-agi-n10,daf84840-2292-4ec8-8ac4-a24cfde03e8d,agent_kappa,4.526,0,0,evidence,0.69995,-0.53693,0.173381,0.69995,0.689942,0.582971,0.673607,0.687253
n10,dom-agi,bm-dom-agi-n10,0b735c8f-6516-4978-92b6-eb0a4bdc8158,agent_epsilon,4.588,0,0,evidence,0.632238,-0.502855,0.250538,0.632238,0.616258,0.55375,0.60806,0.619328
n10,dom-agi,bm-dom-agi-n10,2653a05c-4c3a-4429-9f49-125ae0553a5a,agent_zeta,4.636,0,0,evidence,0.695043,-0.471644,0.135414,0.695043,0.686155,0.591305,0.671734,0.68508
n10,dom-agi,bm-dom-agi-n10,92ac2ad2-5b57-4cbf-9d97-18ea224b2e2f,agent_beta,4.87,0,0,evidence,0.737513,-0.453321,0.19651,0.737513,0.719788,0.603577,0.699289,0.726971
n10,dom-agi,bm-dom-agi-n10,19c11b23-0b65-4e01-8947-6e5aa516ddc8,agent_zeta,4.888,0,0,evidence,0.739282,-0.714942,0.293681,0.739282,0.725111,0.597826,0.696482,0.716345
n10,dom-agi,bm-dom-agi-n10,7566d467-bcbc-4bae-933f-c4730bbcee91,agent_delta,5.157,0,0,testing,0.738757,-0.499887,-0.039137,0.736644,0.738757,0.631207,0.719611,0.729955
n10,dom-agi,bm-dom-agi-n10,6d79cd57-e12b-461b-9920-5393525eb134,agent_epsilon,5.184,0,0,evidence,0.768498,-0.208642,0.124102,0.768498,0.73988,0.65556,0.736387,0.763917
n10,dom-agi,bm-dom-agi-n10,20ce244f-1fca-40ac-9879-04fc4b0e721e,agent_gamma,5.204,0,0,evidence,0.678607,-0.457979,0.084756,0.678607,0.672432,0.539588,0.656226,0.670027
n10,dom-agi,bm-dom-agi-n10,728db849-3b71-4e81-ad87-983a8d4746db,agent_theta,5.28,0,0,evidence,0.515001,-0.230389,0.445808,0.515001,0.488476,0.439865,0.512709,0.506878
n10,dom-agi,bm-dom-agi-n10,980993ab-c770-4dbd-9cb6-30816a8dd489,agent_kappa,5.322,0,0,evidence,0.702485,-0.319751,-0.019707,0.702485,0.697233,0.599527,0.674413,0.698988
n10,dom-agi,bm-dom-agi-n10,0b0c27cd-f5b4-47ff-ae9d-b22e8ebe68fd,agent_eta,5.404,0,0,evidence,0.62804,-0.648457,0.389102,0.62804,0.60012,0.52211,0.591309,0.60777
n10,dom-agi,bm-dom-agi-n10,e4a0c158-47ee-4051-8822-bde67a9a0aa1,agent_iota,5.46,0,0,evidence,0.741481,-0.693391,0.252554,0.741481,0.729379,0.584441,0.700594,0.720622
n10,dom-agi,bm-dom-agi-n10,e7915d00-aa94-44ce-ac65-cdf8434b3537,agent_gamma,6.105,0,0,evidence,0.698417,-0.71887,0.300501,0.698417,0.683511,0.551981,0.647886,0.675339
n10,dom-agi,bm-dom-agi-n10,e04c0d96-d126-4b35-8caa-814555c8f393,agent_theta,6.306,0,0,evidence,0.696576,-0.561537,0.362579,0.696576,0.658209,0.563981,0.658268,0.680489
n10,dom-agi,bm-dom-agi-n10,33f17561-7c32-4894-830c-36b78bfd7c7a,agent_beta,6.323,0,0,evidence,0.706141,-0.797939,0.380835,0.706141,0.688176,0.569669,0.647666,0.67274
n10,dom-agi,bm-dom-agi-n10,5cc2d66f-2bd8-4bf3-b817-5a11a1986820,agent_delta,6.675,0,0,evidence,0.527254,-0.114601,0.259037,0.527254,0.510783,0.448402,0.524215,0.525284
n10,dom-agi,bm-dom-agi-n10,f43b9712-3a42-4497-8b74-783efff0c920,agent_kappa,6.74,0,0,evidence,0.614008,-0.759387,0.034103,0.614008,0.613506,0.530573,0.564504,0.591591
n10,dom-agi,bm-dom-agi-n10,38b6d4b2-588b-414f-9617-37153ab238d9,agent_zeta,6.836,0,0,risk,0.68624,0.036211,-0.05935,0.681677,0.67337,0.568306,0.670655,0.68624
n10,dom-agi,bm-dom-agi-n10,e1aa2e8a-01d1-4fdb-8a4e-47be51e62e56,agent_delta,6.935,0,0,evidence,0.540886,-0.505928,0.279395,0.540886,0.520034,0.460992,0.512321,0.527549
n10,dom-agi,bm-dom-agi-n10,78fbadd7-1fe8-4328-9519-edc8e4b45c4d,agent_beta,6.975,0,0,evidence,0.662041,-0.766799,0.474084,0.662041,0.628039,0.528472,0.615734,0.63179
n10,dom-agi,bm-dom-agi-n10,4242f342-ec1a-4faa-bf4e-5bf587897893,agent_eta,7.094,0,0,evidence,0.723776,-0.755941,0.468452,0.723776,0.692066,0.577911,0.684618,0.694142
n10,dom-agi,bm-dom-agi-n10,7405e936-aad4-45e7-8a66-3910d44d0c14,agent_kappa,7.113,0,0,evidence,0.660253,-0.686336,0.194725,0.660253,0.651314,0.569051,0.620362,0.640714
n10,dom-agi,bm-dom-agi-n10,000cd97b-337a-4954-95a6-5ae00729aeab,agent_epsilon,7.247,0,0,evidence,0.659318,-0.65899,0.353801,0.659318,0.637181,0.554876,0.619525,0.639086
n10,dom-agi,bm-dom-agi-n10,6c364c9e-6268-4c41-bec0-20ae2815d609,agent_iota,7.255,0,0,testing,0.396156,-0.729841,-0.302274,0.377713,0.396156,0.332465,0.358935,0.37028
n10,dom-agi,bm-dom-agi-n10,b04bfd00-7d23-40eb-bf91-d01aa570af16,agent_eta,7.636,0,0,evidence,0.746163,-0.698921,0.388203,0.746163,0.724683,0.60438,0.713669,0.72224
n10,dom-agi,bm-dom-agi-n10,8f331693-aca1-436d-b617-319017f44ef2,agent_delta,7.843,0,0,evidence,0.580083,-0.508894,0.363514,0.580083,0.541169,0.491666,0.55333,0.565395
n10,dom-agi,bm-dom-agi-n10,0d49547a-4ea0-4cb0-a0b9-3692a9163322,agent_theta,7.872,0,0,evidence,0.701259,-0.632365,0.406607,0.701259,0.673448,0.612531,0.673403,0.680815
n10,dom-agi,bm-dom-agi-n10,b2b68e9f-d5e9-464b-881c-fd252b0e76e1,agent_beta,7.892,0,0,evidence,0.580122,-0.423933,0.133267,0.580122,0.57365,0.490653,0.565278,0.571775
n10,dom-agi,bm-dom-agi-n10,5481bf29-eeee-49f6-b7e6-a4d8a413e0ba,agent_iota,7.959,0,0,evidence,0.666289,-0.281787,0.106226,0.666289,0.656409,0.58923,0.650846,0.661753
n10,dom-agi,bm-dom-agi-n10,310a3a8b-f932-4f6b-b2d8-8ea8693d9d85,agent_epsilon,7.974,0,0,time,0.673558,-0.169221,0.218866,0.668818,0.668941,0.551365,0.673558,0.669564
n10,dom-agi,bm-dom-agi-n10,fe2e2e6f-2232-4300-b42f-bbfab5a3f863,agent_kappa,8.3,0,0,evidence,0.700377,-0.602376,0.174811,0.700377,0.691562,0.592634,0.671225,0.685173
n10,dom-agi,bm-dom-agi-n10,a394faf7-fb85-4bdc-b018-20285a926952,agent_iota,8.616,0,0,evidence,0.699391,-0.666356,0.260992,0.699391,0.686855,0.554449,0.666811,0.679643
n10,dom-agi,bm-dom-agi-n10,bc085a01-4af8-4b31-842c-e619b0da44d6,agent_eta,8.734,0,0,evidence,0.601318,-0.587425,0.412358,0.601318,0.574373,0.480438,0.579805,0.582177
n10,dom-agi,bm-dom-agi-n10,40b7f6a1-e679-4ca5-bb75-7b8e2520fa79,agent_delta,8.887,0,0,evidence,0.725175,-0.333184,0.2348,0.725175,0.694929,0.59292,0.700262,0.716844
n10,dom-agi,bm-dom-agi-n10,bd8eb9bc-875e-48d6-b1e4-7a4209fb642b,agent_beta,9.058,0,0,evidence,0.693854,-0.505368,0.043015,0.693854,0.690786,0.578552,0.671236,0.684754
n10,dom-agi,bm-dom-agi-n10,352a5ede-b0cf-4e9e-8cc8-9491324851c0,agent_kappa,9.303,0,0,evidence,0.751965,-0.664263,0.192954,0.751965,0.74227,0.615133,0.707346,0.733893
n10,dom-agi,bm-dom-agi-n10,b1cf239c-f3b2-41a2-b2d4-a9bae942e2a2,agent_zeta,9.621,0,0,testing,0.715789,-0.632876,-0.011682,0.715374,0.715789,0.617906,0.684823,0.702604
n10,dom-agi,bm-dom-agi-n10,401705ef-e380-447b-b735-610323cd9e7f,agent_theta,9.691,0,0,evidence,0.701118,-0.283481,0.200748,0.701118,0.686044,0.598486,0.688032,0.695009
n10,dom-agi,bm-dom-agi-n10,d962a25b-79df-4c47-a4ab-0c7699291111,agent_zeta,9.836,0,0,evidence,0.687883,-0.727951,0.308723,0.687883,0.672704,0.576771,0.636317,0.663983
n10,dom-agi,bm-dom-agi-n10,3f12ab37-ae3e-4d60-92ad-2e0ab8158a2b,agent_iota,9.911,0,0,evidence,0.673238,-0.464918,0.138029,0.673238,0.665052,0.544694,0.652878,0.663453
n10,dom-agi,bm-dom-agi-n10,e34a02de-71b2-4af7-8b6c-728a091fa0ee,agent_zeta,9.921,0,0,evidence,0.748158,-0.556288,0.215487,0.748158,0.73344,0.630538,0.705659,0.73434
n10,dom-agi,bm-dom-agi-n10,24a3c560-da4d-4497-8ec6-8d40972f799e,agent_eta,10.013,0,0,evidence,0.716536,-0.331126,0.272048,0.716536,0.679248,0.586324,0.69535,0.707769
n10,dom-agi,bm-dom-agi-n10,506141c0-7038-41d5-9b33-6cf2bc38f3bc,agent_gamma,10.081,0,0,evidence,0.77615,-0.411482,0.237095,0.77615,0.747678,0.619665,0.735374,0.765996
n10,dom-agi,bm-dom-agi-n10,df6ce4b2-5905-45f6-ac4c-a9696d955987,agent_delta,10.112,0,0,evidence,0.702822,-0.666677,0.396009,0.702822,0.67319,0.598873,0.657003,0.681833
n10,dom-agi,bm-dom-agi-n10,4b3bfbe1-1942-4d6a-8281-7adb0c2d0c08,agent_epsilon,10.164,0,0,evidence,0.795027,-0.496482,0.102068,0.795027,0.787108,0.658551,0.764401,0.784927
n10,dom-agi,bm-dom-agi-n10,7cdeb0a5-0b5a-4a32-87a0-0ec1df0e1974,agent_eta,10.596,0,0,evidence,0.628738,-0.638616,0.188074,0.628738,0.620937,0.492113,0.603138,0.611247
n10,dom-agi,bm-dom-agi-n10,51e581a6-093e-47e3-83b5-31436f7ecfac,agent_iota,10.777,0,0,evidence,0.519806,-0.212048,0.376329,0.519806,0.50657,0.418735,0.519702,0.51406
n10,dom-agi,bm-dom-agi-n10,4b7804f4-2e17-4d7f-8e83-77e9f5fde3e1,agent_epsilon,10.97,0,0,evidence,0.680948,-0.343305,0.281206,0.680948,0.651191,0.52943,0.662214,0.671837
n10,dom-agi,bm-dom-agi-n10,228027d2-5f44-4612-95e4-7695d264a304,agent_delta,10.996,0,0,evidence,0.668825,-0.580603,0.101131,0.668825,0.665654,0.539622,0.649697,0.655564
n10,dom-agi,bm-dom-agi-n10,61e65b1a-2ebb-4eae-831a-806651967826,agent_kappa,11.049,0,0,evidence,0.74705,-0.569316,0.321221,0.74705,0.721393,0.614881,0.70594,0.73127
n10,dom-agi,bm-dom-agi-n10,fe616d2b-061f-43df-a951-d3c4e7463426,agent_kappa,11.418,0,0,evidence,0.726074,-0.504291,0.298428,0.726074,0.70269,0.591268,0.69795,0.712508
n10,dom-agi,bm-dom-agi-n10,6a1da87d-15ab-4d44-b2f3-89dedde40e88,agent_iota,11.594,0,0,testing,0.512184,-0.542114,-0.10176,0.487112,0.512184,0.438597,0.501023,0.490201
n10,dom-agi,bm-dom-agi-n10,6fb24320-bd2e-42c6-8931-886b07dc6526,agent_theta,11.602,0,0,evidence,0.651176,-0.202506,0.220656,0.651176,0.624913,0.552919,0.637676,0.646229
n10,dom-agi,bm-dom-agi-n10,194ef0b3-126c-40cd-a2f9-bfef8424bbf3,agent_zeta,11.781,0,0,evidence,0.71548,-0.615253,0.386758,0.71548,0.683778,0.576843,0.680267,0.696806
n10,dom-agi,bm-dom-agi-n10,3ea6cafd-856b-49f2-9111-f1eb94e24d39,agent_beta,11.811,0,0,evidence,0.634144,-0.320482,0.218041,0.634144,0.612599,0.493722,0.614584,0.626511
n10,dom-agi,bm-dom-agi-n10,73462ffd-fce6-449e-91c1-1e415e8d9739,agent_eta,11.85,0,0,evidence,0.694852,-0.318154,0.352692,0.694852,0.668222,0.558469,0.684462,0.685454
n10,dom-agi,bm-dom-agi-n10,cba1caed-1002-4453-aea2-8af1adae6bb0,agent_epsilon,11.954,0,0,evidence,0.666913,-0.322192,0.204149,0.666913,0.642364,0.546359,0.642016,0.65928
n10,dom-agi,bm-dom-agi-n10,0c60e89a-0ed7-4673-be95-77ed6aff33eb,agent_gamma,12.02,0,0,evidence,0.590355,-0.169634,0.269243,0.590355,0.576205,0.479519,0.586814,0.586967
n10,dom-agi,bm-dom-agi-n10,9d884782-1439-458a-8cc9-fc4ad6aff366,agent_theta,12.233,0,0,evidence,0.711672,-0.560418,0.347445,0.711672,0.683482,0.582289,0.679968,0.695622
n10,dom-agi,bm-dom-agi-n10,c1cafa46-dff0-4edd-827e-f55bbef8fa78,agent_iota,12.8,0,0,evidence,0.67405,-0.165083,0.332776,0.67405,0.642791,0.59061,0.668544,0.669112
n10,dom-agi,bm-dom-agi-n10,e8f8c6f3-41cd-449e-9f40-64888d35f7b2,agent_theta,12.815,0,0,evidence,0.587634,-0.170272,0.289667,0.587634,0.572504,0.457724,0.584501,0.583937
n10,dom-agi,bm-dom-agi-n10,65f516d8-9492-4189-9108-2266d9da4883,agent_eta,12.842,0,0,time,0.52008,-0.224448,0.385867,0.51831,0.508659,0.403346,0.52008,0.512416
n10,dom-agi,bm-dom-agi-n10,93afca25-3bfa-401c-873e-0640c0da8af1,agent_delta,12.902,0,0,evidence,0.627011,-0.164551,0.206846,0.627011,0.609849,0.50854,0.618727,0.623812
n10,dom-agi,bm-dom-agi-n10,542d957b-4c6a-4908-a4c7-aef65b21c14f,agent_gamma,13.073,0,0,evidence,0.59277,-0.269862,0.293405,0.59277,0.576077,0.47504,0.585184,0.585894
n10,dom-agi,bm-dom-agi-n10,b155dc98-733b-485c-a208-acc70b1b5baf,agent_zeta,13.152,0,0,evidence,0.656289,-0.116544,0.294371,0.656289,0.634444,0.535391,0.652923,0.653519
n10,dom-agi,bm-dom-agi-n10,01271358-41ab-4949-a945-7caa98130aa7,agent_eta,13.363,0,0,time,0.467298,-0.164331,0.583349,0.45538,0.449632,0.373815,0.467298,0.448892
n10,dom-agi,bm-dom-agi-n10,e3fddb73-ae91-4b45-b68a-f6544f5246ab,agent_kappa,13.493,0,0,time,0.644887,0.061557,0.395302,0.637107,0.608303,0.524276,0.644887,0.640407
n10,dom-agi,bm-dom-agi-n10,a167ff34-220b-44f1-84b9-5da3072b9eea,agent_iota,13.821,0,0,time,0.668881,-0.018612,0.570164,0.656962,0.63521,0.519546,0.668881,0.656915
n10,dom-agi,bm-dom-agi-n10,2076a341-52eb-4c62-8aef-ed5d65349c2d,agent_delta,13.934,0,0,time,0.634599,-0.014524,0.405702,0.628555,0.60878,0.515388,0.634599,0.629226
n10,dom-agi,bm-dom-agi-n10,2a7ff641-163e-4f12-a835-f4a6621af28f,agent_theta,13.945,0,0,time,0.544625,-0.286308,0.446137,0.544586,0.531291,0.466135,0.544625,0.534751
n10,dom-agi,bm-dom-agi-n10,4a12546e-7991-408d-b08c-30c6fb2148ed,agent_kappa,13.961,0,0,evidence,0.72382,-0.166927,0.281035,0.72382,0.68961,0.602566,0.71494,0.719138
n10,dom-agi,bm-dom-agi-n10,b22d24b7-d618-4690-9fbd-d5333daf8e5e,agent_gamma,14.022,0,0,risk,0.689329,0.321454,-0.077291,0.67897,0.653143,0.57599,0.675592,0.689329
n10,dom-agi,bm-dom-agi-n10,8cd99f90-8995-48b0-b221-4f7c3f7e3fca,agent_zeta,14.4,0,0,time,0.602275,0.019345,0.526439,0.587427,0.575776,0.487649,0.602275,0.591319
n10,dom-agi,bm-dom-agi-n10,7199a60e-8606-43b3-afc3-890bec52f4bc,agent_iota,14.852,0,0,time,0.484483,-0.140819,0.348272,0.477127,0.47425,0.381488,0.484483,0.476676
n10,dom-agi,bm-dom-agi-n10,dfe375c1-81df-4e28-9161-c77e9dfb3e3a,agent_delta,14.95,0,0,time,0.637897,0.075746,0.604996,0.615711,0.603201,0.518828,0.637897,0.62462
n10,dom-agi,bm-dom-agi-n10,cbaecc2b-e422-454e-b79a-6c257b042adb,agent_epsilon,14.956,0,0,time,0.501186,0.083952,0.411291,0.482302,0.481257,0.411817,0.501186,0.493423
n10,dom-agi,bm-dom-agi-n10,c364e691-2ef9-4308-baae-0e009d2379f1,agent_beta,14.972,0,0,evidence,0.656131,-0.241256,0.129864,0.656131,0.634667,0.539957,0.630014,0.651135
n10,dom-agi,bm-dom-agi-n10,33823f66-dfd3-468c-82b4-8d7b4f997383,agent_gamma,14.98,0,0,risk,0.622034,0.205701,0.186871,0.611597,0.597763,0.505742,0.620661,0.622034
n10,dom-agi,bm-dom-agi-n10,0fecdd76-eaf7-420d-92b4-26276080a98d,agent_zeta,15.034,1,0,risk,0.580443,-0.21213,-0.085587,0.579668,0.578122,0.482647,0.562083,0.580443
n10,dom-agi,bm-dom-agi-n10,ad96e036-c2a6-4b9b-aae3-555f292896a2,agent_theta,15.831,1,0,evidence,0.645478,-0.297201,0.109832,0.645478,0.631893,0.537532,0.622676,0.640017
n10,dom-agi,bm-dom-agi-n10,55198c8e-0c47-4742-8667-f2430e128af9,agent_delta,16.002,1,0,risk,0.651391,-0.016667,0.114834,0.648154,0.640288,0.544444,0.646958,0.651391
n10,dom-agi,bm-dom-agi-n10,0d77e950-7242-4678-b7eb-c355a2772629,agent_iota,16.009,1,0,evidence,0.307754,-0.490051,0.370482,0.307754,0.301805,0.280248,0.303401,0.286235
n10,dom-agi,bm-dom-agi-n10,a5469994-43d0-44f6-901b-4649e907dd1e,agent_kappa,16.078,1,0,evidence,0.474832,-0.350088,0.304655,0.474832,0.470221,0.388702,0.473848,0.466029
n10,dom-agi,bm-dom-agi-n10,b2794cc2-91fa-47f3-9711-1a5a3e17eb43,agent_gamma,16.267,1,0,time,0.602878,0.05997,0.701864,0.564095,0.572156,0.470926,0.602878,0.58411
n10,dom-agi,bm-dom-agi-n10,88e815bb-13b7-4e1e-982e-b0e2066c2444,agent_eta,16.825,1,0,testing,0.546822,-0.51996,-0.11502,0.537736,0.546822,0.443073,0.529329,0.533802
n10,dom-agi,bm-dom-agi-n10,b0cd0213-71d0-468d-b3f4-589ad0f4addb,agent_delta,17.048,1,0,evidence,0.501024,-0.032577,0.34138,0.501024,0.48065,0.498141,0.479986,0.488746
n10,dom-agi,bm-dom-agi-n10,d388ab9b-157a-4745-9465-cb9eb8f54888,agent_theta,17.192,1,0,time,0.545459,0.141597,0.585559,0.507309,0.512949,0.441171,0.545459,0.532903
n10,dom-agi,bm-dom-agi-n10,bd346ca2-69f2-4deb-991a-732f8eeb1849,agent_epsilon,17.236,1,0,time,0.66995,0.046873,0.819499,0.619768,0.627131,0.536999,0.66995,0.644839
n10,dom-agi,bm-dom-agi-n10,d0094071-c872-4894-b47c-585d5df32dba,agent_eta,17.237,1,0,evidence,0.44195,-0.667951,0.171543,0.44195,0.434413,0.352369,0.409139,0.423606
n10,dom-agi,bm-dom-agi-n10,09965bdb-e8a2-48fb-9a84-08b4aa9963fe,agent_iota,18.03,1,0,ownership,0.207765,0.384464,0.555332,0.17958,0.183405,0.207765,0.207005,0.189171
n10,dom-agi,bm-dom-agi-n10,b4277e73-c61e-47a3-8ded-e1d421ef7ffd,agent_beta,18.106,1,0,evidence,0.49206,-0.412765,0.292273,0.49206,0.48208,0.418032,0.483944,0.480915
n10,dom-agi,bm-dom-agi-n10,d2eeb9b1-7139-4107-9869-1714ef37fb8e,agent_gamma,18.174,1,0,time,0.609704,0.039347,0.554892,0.587435,0.586153,0.521315,0.609704,0.596641
n10,dom-agi,bm-dom-agi-n10,f6bf9e15-a0b4-4bc9-ab20-49c6f24c37a6,agent_theta,18.436,1,0,time,0.49264,-0.064671,0.616645,0.46422,0.475005,0.424032,0.49264,0.471887
n10,dom-agi,bm-dom-agi-n10,d5fda879-f4c8-49f1-9d80-e24e47375f7e,agent_theta,18.874,1,0,time,0.604353,0.101264,0.731708,0.563365,0.553487,0.544265,0.604353,0.586134
n10,dom-agi,bm-dom-agi-n10,dfbf90d4-c9e1-497f-bfe6-12acd57d830b,agent_epsilon,19.011,1,0,time,0.536041,-0.174932,0.247237,0.514577,0.53199,0.47541,0.536041,0.525348
n10,dom-agi,bm-dom-agi-n10,0ddfcbc8-06e6-45d5-a9e0-1c3517299270,agent_iota,19.313,1,0,testing,0.441643,-0.473759,0.08528,0.41485,0.441643,0.376679,0.437121,0.415674
n10,dom-agi,bm-dom-agi-n10,4cc67c04-c291-4f25-b882-4baca5376f60,agent_beta,19.443,1,0,time,0.698739,0.015868,0.92178,0.603702,0.599052,0.60072,0.698739,0.659155
n10,dom-agi,bm-dom-agi-n10,e1aaf65f-ed4c-4507-a49e-b35f323b147a,agent_gamma,19.459,1,0,time,0.607675,-0.00485,0.175368,0.600908,0.599721,0.541945,0.607675,0.607075
n10,dom-agi,bm-dom-agi-n10,604d8050-6827-45bb-999a-5e1ff00fdddd,agent_theta,19.832,1,0,time,0.600785,0.266137,0.304991,0.582289,0.559097,0.516892,0.600785,0.598376
n10,dom-agi,bm-dom-agi-n10,7c99efcc-272b-4275-8f5d-c2b17b3d1fd7,agent_beta,19.846,1,0,time,0.658849,0.190476,0.313641,0.646257,0.624435,0.588175,0.658849,0.656445
n10,dom-agi,bm-dom-agi-n10,f266a0e4-ca0f-4e50-b2f0-64a59af847fd,agent_eta,19.903,1,0,risk,0.626456,0.049348,0.10038,0.624798,0.591673,0.576783,0.615497,0.626456
n10,dom-agi,bm-dom-agi-n10,b3abb25e-e0d3-4fa8-b630-4451847eabc7,agent_epsilon,20.313,1,0,time,0.690312,0.210601,0.520828,0.656577,0.639307,0.601506,0.690312,0.681053
n10,dom-agi,bm-dom-agi-n10,1d1b5c08-ca36-4ab1-82bf-1a379782786c,agent_delta,20.394,1,0,risk,0.610879,0.216026,-0.059838,0.604484,0.577186,0.558667,0.593583,0.610879
n10,dom-agi,bm-dom-agi-n10,00e0a33b-a28d-4e25-97ff-c1d77f9a8ed3,agent_theta,20.917,1,0,risk,0.684093,0.48946,0.001484,0.656613,0.632068,0.610063,0.678055,0.684093
n10,dom-agi,bm-dom-agi-n10,aa21e0c2-936a-4893-99ab-a896c72c40c1,agent_zeta,21.012,1,0,risk,0.705206,0.312154,-0.032381,0.695379,0.654021,0.61733,0.693413,0.705206
n10,dom-agi,bm-dom-agi-n10,b1f98c8c-7f9b-42a0-8605-161881f2e89a,agent_iota,21.04,1,0,evidence,0.625571,-0.269011,0.217644,0.625571,0.609115,0.543029,0.613404,0.619554
n10,dom-agi,bm-dom-agi-n10,36c8bacd-d108-45d4-b100-5e3ad83e4ddf,agent_eta,21.119,1,0,evidence,0.708643,-0.361371,0.297238,0.708643,0.674766,0.584133,0.688903,0.698849
n10,dom-agi,bm-dom-agi-n10,3ad0a083-c220-4fdb-ab8b-aa0c01434452,agent_gamma,21.134,1,0,time,0.747604,0.238298,0.499594,0.708919,0.681031,0.648991,0.747604,0.73914
n10,dom-agi,bm-dom-agi-n10,97000ba0-b64b-4eb0-a5fd-e828ffb73a80,agent_theta,21.94,1,0,time,0.689145,0.055376,0.841682,0.628214,0.630597,0.621479,0.689145,0.663159
n10,dom-agi,bm-dom-agi-n10,eb0103ae-0b17-485c-bc41-cc74308641ab,agent_delta,22.06,1,0,evidence,0.663653,-0.091141,0.168539,0.663653,0.628192,0.599573,0.650605,0.661443
n10,dom-agi,bm-dom-agi-n10,aa3465e1-dd63-4e4e-85fd-c16b4e45849e,agent_eta,22.167,1,0,time,0.731961,0.250713,0.424167,0.702253,0.688059,0.615881,0.731961,0.725711
n10,dom-agi,bm-dom-agi-n10,6a298369-a0a0-4024-a806-93d7bc1cc8c3,agent_gamma,22.17,1,0,time,0.710032,0.217029,0.537448,0.670942,0.64273,0.624715,0.710032,0.700317
n10,dom-agi,bm-dom-agi-n10,4e5a6783-e2d7-4916-8457-515a6943b4d0,agent_epsilon,22.201,1,0,time,0.718525,0.36298,0.239581,0.69093,0.668395,0.644442,0.718525,0.71768
n10,dom-agi,bm-dom-agi-n10,f4831640-92bd-42fb-b584-bf1e4562e355,agent_zeta,22.247,1,0,time,0.672,0.292143,0.307494,0.651964,0.622731,0.636526,0.672,0.66959
n10,dom-agi,bm-dom-agi-n10,c507e374-e5f7-482a-90a4-1627eb135ea0,agent_theta,22.86,1,0,evidence,0.64715,-0.047167,0.068557,0.64715,0.605351,0.577795,0.623689,0.646124
n10,dom-agi,bm-dom-agi-n10,e0eae3f2-938d-48d2-8f30-2a2d319f619c,agent_zeta,23.269,1,0,risk,0.697369,0.182771,-0.082622,0.692651,0.652166,0.637374,0.671198,0.697369
n10,dom-agi,bm-dom-agi-n10,f51453ac-ae57-47c9-be4b-6c825ee90cda,agent_epsilon,23.401,1,0,time,0.676435,0.209638,0.573434,0.621579,0.597218,0.580142,0.676435,0.665492
n10,dom-agi,bm-dom-agi-n10,ad66c93b-da65-4ce9-9f04-50e3569ff3fe,agent_eta,23.755,1,0,time,0.618014,0.248784,0.432522,0.587776,0.573637,0.557437,0.618014,0.611512
n10,dom-agi,bm-dom-agi-n10,f2335c69-5ccb-4992-907c-79ee5e7c8524,agent_theta,23.911,1,0,time,0.671772,0.083926,0.793978,0.617186,0.590372,0.576725,0.671772,0.650146
n10,dom-agi,bm-dom-agi-n10,5b6252be-13a5-45ec-90ef-7519bfab0e6c,agent_epsilon,24.143,1,0,time,0.693699,0.129974,0.690821,0.651782,0.635127,0.618797,0.693699,0.677824
n10,dom-agi,bm-dom-agi-n10,8798a9b2-f130-48c5-b082-72c06899fe6b,agent_kappa,24.161,1,0,time,0.522038,-0.014449,0.643258,0.507409,0.481279,0.431539,0.522038,0.50705
n10,dom-agi,bm-dom-agi-n10,b288faeb-3c5c-4e07-ae3f-44a2d3d0d20c,agent_iota,24.266,1,0,time,0.712613,0.205912,0.528355,0.67963,0.658624,0.609385,0.712613,0.703137
n10,dom-agi,bm-dom-agi-n10,8bc7976e-8d1e-4a9a-bc9f-a21f96c7a61d,agent_gamma,24.461,1,0,evidence,0.720219,-0.052502,0.01001,0.720219,0.696709,0.676655,0.686389,0.719738
n10,dom-agi,bm-dom-agi-n10,b4e79a35-c8b6-495b-9075-f790f84f37dc,agent_zeta,24.6,1,0,time,0.65858,0.201166,0.581744,0.609813,0.59096,0.571362,0.65858,0.647313
n10,dom-agi,bm-dom-agi-n10,6ee90e10-ddbc-4bde-827a-e186646f5c5f,agent_eta,24.761,1,0,risk,0.595464,0.193456,-0.14125,0.586886,0.578128,0.521333,0.576859,0.595464
n10,dom-agi,bm-dom-agi-n10,fc517d73-09ab-4a68-88cc-86f57c143bf8,agent_beta,24.828,1,0,risk,0.679651,0.310351,-0.164023,0.671381,0.635815,0.627433,0.652528,0.679651
n10,dom-agi,bm-dom-agi-n10,d1221ae6-8409-4d0c-94e0-1f847dfd2959,agent_gamma,24.937,1,0,risk,0.776911,0.185767,-0.164237,0.770122,0.756117,0.702019,0.747512,0.776911
n10,dom-agi,bm-dom-agi-n10,bc2a12a3-d3ac-4d74-94a8-aa1873a9e0cf,agent_epsilon,24.949,1,0,risk,0.726055,0.397862,-0.001636,0.70901,0.689711,0.615176,0.718783,0.726055
n10,dom-agi,bm-dom-agi-n10,b2f3838d-04b4-44bc-8f1c-d7a6f68a6f97,agent_zeta,25.16,1,0,evidence,0.744474,-0.151789,0.058467,0.744474,0.726779,0.656609,0.720704,0.742262
n10,dom-agi,bm-dom-agi-n10,c33dcf4b-79a7-495b-a4ff-788aa7ae2755,agent_kappa,25.535,1,0,risk,0.609074,0.03515,0.024879,0.606355,0.589982,0.517763,0.595791,0.609074
n10,dom-agi,bm-dom-agi-n10,ce33dec7-b2b5-4474-9055-f120c78b5f66,agent_theta,25.779,1,0,risk,0.696869,0.279933,-0.152634,0.689401,0.65499,0.592351,0.669142,0.696869
n10,dom-agi,bm-dom-agi-n10,907c75c7-f200-445f-86f3-7233d5f36d94,agent_gamma,25.863,1,0,time,0.73722,0.168699,0.323111,0.725777,0.702908,0.637861,0.73722,0.734633
n10,dom-agi,bm-dom-agi-n10,e3b00491-8c95-4f5b-b99f-7f257e1d71f6,agent_theta,26.033,1,0,time,0.621468,0.12322,0.616108,0.595056,0.572897,0.538182,0.621468,0.608564
n10,dom-agi,bm-dom-agi-n10,77618eb9-1127-4add-9446-6ea99e89fe30,agent_epsilon,26.037,1,0,risk,0.664219,0.166968,0.022013,0.659278,0.622876,0.559806,0.651397,0.664219
n10,dom-agi,bm-dom-agi-n10,b5b82579-23ed-4496-a421-6118e60cee1c,agent_zeta,26.158,1,0,risk,0.700116,0.364401,0.152954,0.681285,0.646678,0.59468,0.698006,0.700116
n10,dom-agi,bm-dom-agi-n10,8a1d6611-6b3d-40c6-9d3d-6de940ddaef5,agent_iota,26.499,1,0,ownership,0.282797,0.067519,0.30296,0.277634,0.275865,0.282797,0.277148,0.271862
n10,dom-agi,bm-dom-agi-n10,94e9b812-1a0e-48d7-961c-2eca87243589,agent_epsilon,26.994,1,0,time,0.694169,0.233525,0.466811,0.658674,0.654087,0.598732,0.694169,0.686429
n10,dom-agi,bm-dom-agi-n10,a71ffddb-aa72-4b21-925f-6044f70040e2,agent_theta,27.078,1,0,evidence,0.732793,-0.072737,0.149193,0.732793,0.684621,0.641502,0.718137,0.73094
n10,dom-agi,bm-dom-agi-n10,7d9620c2-8666-445a-b559-c9fc52137305,agent_eta,27.138,1,0,evidence,0.569266,-0.060839,0.264031,0.569266,0.538185,0.486712,0.564984,0.567773
n10,dom-agi,bm-dom-agi-n10,fef41f01-c496-41b3-bcbc-cbbfc75fca86,agent_beta,27.22,1,0,evidence,0.609304,-0.05319,0.061935,0.609304,0.571263,0.555365,0.583598,0.608171
n10,dom-agi,bm-dom-agi-n10,b107b2cd-6b36-4949-8934-1f565023d7bc,agent_zeta,27.278,1,0,time,0.736185,0.076371,0.805931,0.682442,0.660623,0.58473,0.736185,0.713637
n10,dom-agi,bm-dom-agi-n10,4cc83125-3050-4ad0-a2d7-221308c3641f,agent_gamma,27.967,1,0,time,0.685199,0.061936,0.826412,0.636541,0.605711,0.56194,0.685199,0.660885
n10,dom-agi,bm-dom-agi-n10,673350bc-c599-4ed3-81fa-da9fd4807f9a,agent_epsilon,27.968,1,0,risk,0.663842,0.140915,0.230872,0.658502,0.619003,0.596148,0.662052,0.663842
n10,dom-agi,bm-dom-agi-n10,30660d75-26de-4535-b277-cb0e0ff7f672,agent_beta,27.979,1,0,evidence,0.597456,-0.324655,0.538908,0.597456,0.555654,0.526127,0.593874,0.583989
n10,dom-agi,bm-dom-agi-n10,f848e9bf-effd-40bb-bbd4-0d88c1565671,agent_theta,28.02,1,0,risk,0.698412,0.357219,-0.133735,0.688012,0.648047,0.579121,0.680271,0.698412
n10,dom-agi,bm-dom-agi-n10,3ac12e97-db42-4844-a528-d3d8ad344df6,agent_gamma,28.287,1,0,time,0.558222,0.044468,0.809778,0.524514,0.493996,0.470253,0.558222,0.534685
n10,dom-agi,bm-dom-agi-n10,e6a7be72-e39f-4eb8-89b4-deefc5a62ae5,agent_beta,28.798,1,0,time,0.611712,-0.047937,0.582526,0.602435,0.562608,0.509931,0.611712,0.599883
n10,dom-agi,bm-dom-agi-n10,bbbd13e1-a943-402d-adcc-8110b27688fd,agent_theta,28.987,1,0,risk,0.630139,0.317144,0.158825,0.61528,0.587635,0.530549,0.627845,0.630139
n10,dom-agi,bm-dom-agi-n10,14787055-9849-45cd-adf4-260fb8d221e2,agent_epsilon,29.115,1,0,time,0.580123,-0.010461,0.679365,0.564413,0.525964,0.510636,0.580123,0.563724
n10,dom-agi,bm-dom-agi-n10,dfe94a28-64f4-49e0-ab16-3755dcf71e58,agent_zeta,29.118,1,0,evidence,0.710351,-0.469683,0.347345,0.710351,0.655782,0.595882,0.683102,0.697111
n10,dom-agi,bm-dom-agi-n10,c8ec7d58-f0f7-4647-a1e8-d9cec97b9a76,agent_gamma,29.458,1,0,time,0.603123,0.192394,0.320174,0.590904,0.562441,0.520906,0.603123,0.600722
n10,dom-agi,bm-dom-agi-n10,f61487ea-5e5e-480c-b832-1c902d80eb4b,agent_iota,29.643,1,0,time,0.185759,0.232756,0.60612,0.151179,0.165446,0.180001,0.185759,0.16275
n10,dom-agi,bm-dom-agi-n10,d72e932d-d278-421a-b7b1-4e44d166a7e9,agent_zeta,29.855,1,0,risk,0.741044,0.507378,-0.100078,0.719154,0.68912,0.656373,0.730851,0.741044
n10,dom-agi,bm-dom-agi-n10,d983498a-37f7-4d54-a8b9-3411a42a47a5,agent_gamma,30.184,2,0,risk,0.706909,0.425743,0.085001,0.684106,0.649086,0.616403,0.703067,0.706909
n10,dom-agi,bm-dom-agi-n10,c70e8d36-3d55-42b6-9695-dacfcf92402c,agent_beta,30.401,2,0,evidence,0.556294,-0.301269,0.289843,0.556294,0.540908,0.48469,0.548005,0.548614
n10,dom-agi,bm-dom-agi-n10,ae065003-8243-4860-81fa-e154d4055128,agent_theta,30.493,2,0,risk,0.7189,0.476085,-0.135929,0.701554,0.670933,0.650109,0.705869,0.7189
n10,dom-agi,bm-dom-agi-n10,cd53b942-b9b7-4a67-bdf9-27e7477e9a73,agent_zeta,30.621,2,0,risk,0.67529,0.220613,0.224847,0.66544,0.63806,0.565517,0.674495,0.67529
n10,dom-agi,bm-dom-agi-n10,74f33a88-7fa4-40ed-83c2-a8b54d89d458,agent_epsilon,30.978,2,0,risk,0.70388,0.185185,-0.042012,0.698882,0.655754,0.598826,0.68513,0.70388
n10,dom-agi,bm-dom-agi-n10,d3046f06-cb9b-4397-a984-44d2d87d04a7,agent_gamma,31.21,2,0,risk,0.66006,0.028814,0.206805,0.658805,0.625458,0.554827,0.655578,0.66006
n10,dom-agi,bm-dom-agi-n10,08f1542c-4375-48be-8873-cd00d2617b8c,agent_epsilon,32.184,2,0,risk,0.633125,0.086343,0.177241,0.629656,0.603094,0.516053,0.628668,0.633125
n10,dom-agi,bm-dom-agi-n10,b4a15c4c-0570-4845-ba60-3d83e96ebbea,agent_theta,32.186,2,0,risk,0.67178,0.219109,-0.050917,0.664703,0.642131,0.548186,0.656789,0.67178
n10,dom-agi,bm-dom-agi-n10,71cebd1a-b90c-4c75-ad42-d7657750f66b,agent_gamma,32.256,2,0,time,0.630864,0.014938,0.917528,0.571351,0.553871,0.480653,0.630864,0.592257
n10,dom-agi,bm-dom-agi-n10,e55582b0-07f7-47d2-9614-145e7264e029,agent_zeta,32.42,2,0,time,0.655335,0.030465,0.790544,0.624454,0.611361,0.505581,0.655335,0.632247
n10,dom-agi,bm-dom-agi-n10,68610ca2-2401-4e55-815e-f2aaaf730c03,agent_theta,32.788,2,0,time,0.5774,-0.024558,0.790501,0.555906,0.529894,0.460989,0.5774,0.553329
n10,dom-agi,bm-dom-agi-n10,9f0928ea-0bf1-4e28-867b-56e47ea9c4fc,agent_iota,32.956,2,0,testing,0.333872,-0.374433,0.108316,0.321918,0.333872,0.300167,0.330212,0.320381
n10,dom-agi,bm-dom-agi-n10,a26cc0a5-fa8e-4737-be8f-3b26855a291f,agent_gamma,33.228,2,0,evidence,0.629113,-0.688141,0.197065,0.629113,0.620442,0.474544,0.593413,0.609224
n10,dom-agi,bm-dom-agi-n10,844561ea-a4c6-4f78-8435-fcc536fc3a91,agent_epsilon,33.778,2,0,evidence,0.74957,-0.518301,0.251741,0.74957,0.733138,0.586581,0.722867,0.736217
n10,dom-agi,bm-dom-agi-n10,a95eb13e-133b-4412-b450-f0c80a5fa8bf,agent_theta,33.906,2,0,time,0.585413,0.146263,0.610793,0.555916,0.528089,0.477911,0.585413,0.572914
n10,dom-agi,bm-dom-agi-n10,76c3c4b6-f1f1-425a-b5c3-2f37573230f6,agent_beta,33.927,2,0,time,0.469336,0.000667,0.710727,0.44667,0.439726,0.435734,0.469336,0.448277
n10,dom-agi,bm-dom-agi-n10,962b6575-c3d1-4019-b01b-412d38f3121c,agent_theta,34.845,2,0,time,0.563033,-0.001916,0.913012,0.519316,0.512096,0.414233,0.563033,0.521948
n10,dom-agi,bm-dom-agi-n10,392485cc-383b-4f75-a815-e6868b30a83b,agent_beta,34.97,2,0,evidence,0.704451,-0.453634,0.104957,0.704451,0.696386,0.609278,0.67974,0.695542
n10,dom-agi,bm-dom-agi-n10,9aba072e-64c3-443c-bd0c-a79a801bf1e3,agent_theta,35.36,2,0,time,0.611204,0.069345,0.726914,0.580282,0.567337,0.488635,0.611204,0.592685
n10,dom-agi,bm-dom-agi-n10,cbb5c4e4-92a1-4805-844a-8a9937634af5,agent_zeta,35.782,2,0,evidence,0.696707,-0.246376,0.137779,0.696707,0.696184,0.558872,0.695807,0.695288
n10,dom-agi,bm-dom-agi-n10,03c6407f-b946-4a5a-b969-5bb073d504af,agent_beta,35.83,2,0,time,0.718145,0.07127,0.803747,0.671123,0.655661,0.554602,0.718145,0.695564
n10,dom-agi,bm-dom-agi-n10,8eb72971-7c01-410e-8b7a-9ed038895e1e,agent_gamma,36.217,2,0,time,0.63405,0.045497,0.764067,0.604349,0.587556,0.49365,0.63405,0.6132
n10,dom-agi,bm-dom-agi-n10,c548d4fb-3f3c-4c2e-97b4-a23b6b90d2c1,agent_theta,36.369,2,0,time,0.713475,0.04055,0.872047,0.650842,0.645177,0.552936,0.713475,0.684171
n10,dom-agi,bm-dom-agi-n10,39ad0c3e-681a-4845-bc40-801f42f61141,agent_zeta,36.654,2,0,risk,0.696782,0.075606,0.168065,0.694272,0.653957,0.592074,0.69079,0.696782
n10,dom-agi,bm-dom-agi-n10,5afbe55f-1dee-4b2b-aa8b-19a00ca97b67,agent_beta,36.865,2,0,time,0.671937,-0.013183,0.579349,0.660839,0.6239,0.579697,0.671937,0.660294
n10,dom-agi,bm-dom-agi-n10,e8eee29f-40fc-4e70-99e9-bb7e3a38cbaf,agent_epsilon,37.174,2,0,time,0.671937,-0.013183,0.579349,0.660839,0.6239,0.579697,0.671937,0.660294
n10,dom-agi,bm-dom-agi-n10,49385d76-9624-4e77-a905-d234edbae77a,agent_beta,37.889,2,0,time,0.61348,0.035996,0.796975,0.58385,0.550499,0.509161,0.61348,0.590694
n10,dom-agi,bm-dom-agi-n10,2bdc232d-c9ba-4134-b528-32bbcf62d51a,agent_theta,37.983,2,0,time,0.657207,0.043881,0.798311,0.624055,0.605093,0.51666,0.657207,0.634258
n10,dom-agi,bm-dom-agi-n10,1f89841c-aa35-4fed-9d69-fc48eb1cf17d,agent_epsilon,38.261,2,0,time,0.665862,0.019894,0.912832,0.59468,0.580626,0.505936,0.665862,0.628982
n10,dom-agi,bm-dom-agi-n10,f5a7d5f6-7809-4a08-89e0-d00484e8ad03,agent_theta,38.426,2,0,time,0.663922,0.011376,0.92554,0.594917,0.593548,0.49263,0.663922,0.622254
n10,dom-agi,bm-dom-agi-n10,518fca39-1467-4e3f-a976-e2b6764fad17,agent_epsilon,38.997,2,0,time,0.662095,0.022438,0.894623,0.613858,0.584289,0.515694,0.662095,0.62886
n10,dom-agi,bm-dom-agi-n10,4751357f-11b4-409b-89f9-d90222275a85,agent_beta,39.037,2,0,time,0.673257,-0.005783,0.51319,0.663683,0.637349,0.549475,0.673257,0.664073
n10,dom-agi,bm-dom-agi-n10,6aa48061-de4c-4836-bc32-ca1202fbabbe,agent_theta,39.712,2,0,evidence,0.705553,-0.189901,0.126858,0.705553,0.67811,0.578816,0.67968,0.701426
n10,dom-agi,bm-dom-agi-n10,428ffc08-9c91-4710-89e7-7a59bea61bdc,agent_theta,40.434,2,0,time,0.718789,0.038919,0.838038,0.674611,0.670968,0.558201,0.718789,0.692251
n10,dom-agi,bm-dom-agi-n10,44613413-869a-4b3f-92b7-997469d6dfea,agent_epsilon,40.466,2,0,risk,0.753914,0.221988,0.142444,0.743711,0.727906,0.622373,0.750767,0.753914
n10,dom-agi,bm-dom-agi-n10,062712dd-3062-4572-b424-dea6bd5fdf7f,agent_eta,40.657,2,0,time,0.572116,0.075742,0.787346,0.526159,0.51849,0.456221,0.572116,0.55053
n10,dom-agi,bm-dom-agi-n10,d5423579-96ff-4e57-8ee2-92b54d8b628e,agent_gamma,41.379,2,0,time,0.686145,0.006849,0.480925,0.67324,0.662792,0.552983,0.686145,0.676628
n10,dom-agi,bm-dom-agi-n10,31e5f633-dc0e-40b3-9505-e28a0f8d2774,agent_beta,41.981,2,0,time,0.671358,0.019332,0.830625,0.638446,0.623627,0.531184,0.671358,0.644916
n10,dom-agi,bm-dom-agi-n10,24aeab8b-2df3-47ef-91f2-78edf69267a2,agent_eta,42.04,2,0,evidence,0.478949,-0.271661,0.024686,0.478949,0.475573,0.392791,0.466958,0.476846
n10,dom-agi,bm-dom-agi-n10,bb77a646-3d0b-4d35-950d-1a748eaa1f43,agent_theta,42.64,2,0,testing,0.662217,-0.559999,-0.16206,0.650442,0.662217,0.525698,0.642311,0.646836
n10,dom-agi,bm-dom-agi-n10,973d5ffd-67f0-4c3e-a44e-04e50a65cfd1,agent_beta,42.837,2,0,time,0.657613,-0.021444,0.380655,0.650213,0.638387,0.527223,0.657613,0.651958
n10,dom-agi,bm-dom-agi-n10,941b4e01-a7cf-4f65-b799-239a7d1d7685,agent_gamma,43.255,2,0,time,0.505616,0.02199,0.518822,0.477629,0.487346,0.434705,0.505616,0.492118
n10,dom-agi,bm-dom-agi-n10,21e49fa2-7cd7-4351-8126-8bbd5e700da8,agent_kappa,43.625,2,0,time,0.482199,-0.099923,0.29706,0.466705,0.474473,0.394957,0.482199,0.473689
n10,dom-agi,bm-dom-agi-n10,26b0cfa2-4f46-4a33-b710-714c6aef777d,agent_theta,43.726,2,0,testing,0.681277,-0.507691,-0.154566,0.674834,0.681277,0.550017,0.653459,0.671097
n10,dom-agi,bm-dom-agi-n10,24b3c8b8-064a-4374-9b8b-3e96ac1b96d5,agent_beta,43.936,2,0,time,0.594346,0.104759,0.460765,0.570867,0.571847,0.519535,0.594346,0.58512
n10,dom-agi,bm-dom-agi-n10,14968dc3-b2ee-4754-b7f4-6ec76d704888,agent_theta,44.321,2,0,testing,0.616987,-0.357394,-0.19026,0.607308,0.616987,0.563234,0.597434,0.61038
n10,dom-agi,bm-dom-agi-n10,155cba25-630f-4b2b-a5e3-befb832cd213,agent_epsilon,44.412,2,0,testing,0.626529,-0.604723,-0.21443,0.599749,0.626529,0.51246,0.609749,0.603754
n10,dom-agi,bm-dom-agi-n10,4b04b399-61df-4373-9d5f-eaf7bef8b506,agent_gamma,44.762,2,0,testing,0.591369,-0.278858,-0.15146,0.576705,0.591369,0.474611,0.579997,0.585271
n10,dom-agi,bm-dom-agi-n10,92009c0a-d9de-4448-bfee-3cff2ee2cfb7,agent_beta,44.831,2,0,time,0.592243,0.079115,0.504106,0.562552,0.571351,0.517051,0.592243,0.580633
n10,dom-agi,bm-dom-agi-n10,62404b40-626c-4690-9d75-935db9a571c7,agent_epsilon,45.055,3,0,testing,0.605004,-0.690372,-0.326196,0.579071,0.605004,0.481827,0.576944,0.580268
n10,dom-agi,bm-dom-agi-n10,99022e5e-0ed2-459c-b929-825b95114059,agent_theta,45.208,3,0,risk,0.522529,-0.108156,-0.176948,0.514344,0.521352,0.437326,0.509127,0.522529
n10,dom-agi,bm-dom-agi-n10,a76fa0bb-115a-4fd8-92a3-ac4d090cdfea,agent_gamma,45.845,3,0,testing,0.620605,-0.335262,0.025649,0.620177,0.620605,0.499879,0.612064,0.617458
n10,dom-agi,bm-dom-agi-n10,9c629d4d-d88f-4b7b-a766-724f8e1e80d5,agent_epsilon,46.243,3,0,evidence,0.623295,-0.319202,0.002098,0.623295,0.618352,0.524998,0.602055,0.619703
n10,dom-agi,bm-dom-agi-n10,eabef77c-24ba-45dd-a60f-6a299facbc64,agent_theta,46.59,3,0,testing,0.471703,-0.315953,-0.082668,0.460773,0.471703,0.369639,0.462038,0.464939
n10,dom-agi,bm-dom-agi-n10,2719f534-6b8a-483e-bd3d-017bf14d4871,agent_beta,46.939,3,0,testing,0.577778,-0.659155,-0.278157,0.560458,0.577778,0.514545,0.547308,0.557087
n10,dom-agi,bm-dom-agi-n10,da2a370d-051b-42ff-98e1-7a6af3fd7399,agent_epsilon,47.005,3,0,testing,0.680007,-0.729344,-0.206167,0.668276,0.680007,0.538512,0.646095,0.655296
n10,dom-agi,bm-dom-agi-n10,c501261c-a816-4840-9e5c-8feda91b9521,agent_theta,47.463,3,0,time,0.476138,-0.055947,0.212636,0.449514,0.470553,0.385363,0.476138,0.469221
n10,dom-agi,bm-dom-agi-n10,f75515b0-892a-41eb-8f6e-516cfffc382c,agent_gamma,47.723,3,0,testing,0.657424,-0.638387,-0.19144,0.648756,0.657424,0.569784,0.615295,0.641098
n10,dom-agi,bm-dom-agi-n10,6fdc06e5-ede1-4f94-af32-ef05ec119f8e,agent_theta,48.23,3,0,risk,0.588362,-0.14516,0.072753,0.587498,0.583475,0.491768,0.582852,0.588362
n10,dom-agi,bm-dom-agi-n10,307e28bc-22e2-4708-aae1-b05950f57a40,agent_gamma,48.763,3,0,testing,0.594612,-0.736412,-0.165468,0.586069,0.594612,0.512541,0.552418,0.57107
n10,dom-agi,bm-dom-agi-n10,6673f8be-4c2f-48eb-8ee0-571f85bcdff8,agent_beta,48.946,3,0,risk,0.678475,-0.130854,-0.071391,0.675655,0.674289,0.615069,0.664719,0.678475
n10,dom-agi,bm-dom-agi-n10,c7e0a573-aa4d-48ec-b513-ed5d80e0512b,agent_epsilon,49.013,3,0,testing,0.604824,-0.493975,-0.019714,0.603143,0.604824,0.501787,0.587595,0.596224
n10,dom-agi,bm-dom-agi-n10,9a698981-1644-43a9-a60b-75f5ffbd437e,agent_theta,49.442,3,0,evidence,0.526964,-0.577491,0.123743,0.526964,0.521287,0.437774,0.503029,0.513572
n10,dom-agi,bm-dom-agi-n10,dd0f897d-a4b2-4e5a-83ab-f64eab7d8d8f,agent_eta,49.927,3,0,evidence,0.641963,-0.290425,0.168196,0.641963,0.638967,0.556028,0.638607,0.637988
n10,dom-agi,bm-dom-agi-n10,b0b478db-1b01-46e7-879e-398aeef98cce,agent_theta,49.955,3,0,evidence,0.67003,-0.378093,0.118887,0.67003,0.661884,0.608899,0.65303,0.663017
n10,dom-agi,bm-dom-agi-n10,d7936286-ce95-4baa-bb1f-372d598f1269,agent_gamma,49.986,3,0,testing,0.646431,-0.589091,0.00071,0.644302,0.646431,0.541835,0.628069,0.633058
n10,dom-agi,bm-dom-agi-n10,375f02b5-cec8-45f4-a490-cbf47cc9840a,agent_epsilon,50.207,3,0,testing,0.609878,-0.608635,-0.094563,0.603578,0.609878,0.49439,0.587186,0.594293
n10,dom-agi,bm-dom-agi-n10,f4be5ba1-1925-410c-86ca-f6a2ab47a451,agent_beta,50.849,3,0,testing,0.55785,-0.826874,-0.422664,0.518901,0.55785,0.446343,0.507482,0.512618
n10,dom-agi,bm-dom-agi-n10,1c21338e-a21f-4c23-b7fd-776ce4d42f96,agent_epsilon,50.996,3,0,risk,0.702847,-0.061185,0.075177,0.700942,0.692801,0.591944,0.695627,0.702847
n10,dom-agi,bm-dom-agi-n10,0e4b3a23-46e4-4102-bc67-77d9c7f0135e,agent_theta,51.219,3,0,time,0.52982,0.066869,0.257644,0.503396,0.519293,0.432401,0.52982,0.524326
n10,dom-agi,bm-dom-agi-n10,b0b16f0b-b870-446e-8297-ccbae6391a1c,agent_theta,52.015,3,0,testing,0.549259,-0.317055,-0.118904,0.536153,0.549259,0.46642,0.5384,0.542081
n10,dom-agi,bm-dom-agi-n10,a0a951ca-76e8-4642-a37f-278a5b194cc6,agent_beta,52.906,3,0,risk,0.65254,-0.191764,-0.111928,0.651013,0.649788,0.57035,0.631262,0.65254
n10,dom-agi,bm-dom-agi-n10,6e300f75-0d16-4625-be2a-73e7c9511c3d,agent_epsilon,52.995,3,0,testing,0.551993,-0.549292,-0.29299,0.532471,0.551993,0.465364,0.526034,0.536666
n10,dom-agi,bm-dom-agi-n10,16aaaef8-da65-4a6e-9236-5ebe34a19822,agent_kappa,53.372,3,0,time,0.496786,0.042104,0.416652,0.487534,0.468403,0.421655,0.496786,0.490879
n10,dom-agi,bm-dom-agi-n10,a23b5a28-8c23-4ed1-8d09-1e4317488b70,agent_theta,53.962,3,0,time,0.426801,-0.013115,0.816567,0.375838,0.397954,0.346863,0.426801,0.395695
n10,dom-agi,bm-dom-agi-n10,568a4c22-de43-49d8-b333-a3fcd14aa7e6,agent_epsilon,53.997,3,0,testing,0.692209,-0.491966,-0.15136,0.685534,0.692209,0.576867,0.666946,0.682383
n10,dom-agi,bm-dom-agi-n10,f7f97e52-557c-45f2-ba35-6e0f1c26d48a,agent_theta,54.24,3,0,evidence,0.44705,-0.422955,0.327712,0.44705,0.433745,0.354524,0.437607,0.434836
n10,dom-agi,bm-dom-agi-n10,de0bdfc2-e610-437a-92a1-5dd644cec34a,agent_gamma,54.712,3,0,evidence,0.507282,-0.305738,-0.009422,0.507282,0.503191,0.451048,0.487553,0.504316
n10,dom-agi,bm-dom-agi-n10,0babd724-8a5a-4bf5-8a52-d860c25a0127,agent_beta,54.986,3,0,evidence,0.419285,-0.331811,0.314974,0.419285,0.407933,0.341841,0.413883,0.410498
n10,dom-agi,bm-dom-agi-n10,72383f26-eed6-4ad0-af53-af19f9417d56,agent_gamma,55.842,3,0,testing,0.632302,-0.317016,-0.013554,0.629759,0.632302,0.527557,0.622927,0.628799
n10,dom-agi,bm-dom-agi-n10,03cba82c-515a-4a4f-abb0-978c7bfa7cbc,agent_theta,56.34,3,0,time,0.570087,0.140672,0.498347,0.548356,0.536473,0.497604,0.570087,0.561049
n10,dom-agi,bm-dom-agi-n10,181b8714-c673-446c-9d0f-c5f13c48e1b2,agent_gamma,56.774,3,0,testing,0.599977,-0.262464,0.009108,0.585293,0.599977,0.54683,0.595606,0.592893
n10,dom-agi,bm-dom-agi-n10,b3bdecde-6523-4614-b797-b5d2fca167ed,agent_epsilon,57.042,3,0,risk,0.693849,0.402365,0.003922,0.67606,0.657984,0.613807,0.68694,0.693849
n10,dom-agi,bm-dom-agi-n10,e8b5f804-e897-4464-9138-ee5eaba18db8,agent_theta,57.705,3,0,evidence,0.539577,-0.355197,0.398074,0.539577,0.528805,0.451282,0.537247,0.528081
n10,dom-tech,bm-dom-tech-n10,17b22f82-a033-4915-9b8b-732489c81902,agent_beta,0.0,0,0,time,0.330088,0.000895,0.585302,0.307509,0.310265,0.301703,0.330088,0.313235
n10,dom-tech,bm-dom-tech-n10,b69df590-058a-413c-9433-390aa7b2020f,agent_alpha,0.052,0,0,time,0.293262,-0.2986,0.293549,0.251313,0.290746,0.25389,0.293262,0.270339
n10,dom-tech,bm-dom-tech-n10,98484370-0fba-409c-9629-00ccb166ffe7,agent_zeta,0.354,0,0,time,0.303271,-0.038137,0.420577,0.275666,0.294502,0.287582,0.303271,0.286503
n10,dom-tech,bm-dom-tech-n10,42de72cd-69ae-4807-bc92-e9d0572b352e,agent_gamma,0.396,0,0,time,0.437168,-0.273062,0.243188,0.401142,0.436865,0.419499,0.437168,0.413978
n10,dom-tech,bm-dom-tech-n10,db3f59f4-e5cf-4dae-a539-b8d882e8e51e,agent_delta,0.4,0,0,time,0.4019,0.277471,0.684976,0.34956,0.372897,0.395801,0.4019,0.373778
n10,dom-tech,bm-dom-tech-n10,db28ceef-2f5e-4dd3-8e4a-8390d6f222ac,agent_theta,0.602,0,0,time,0.408337,-0.022921,0.756746,0.353649,0.386796,0.380554,0.408337,0.37165
n10,dom-tech,bm-dom-tech-n10,4af45036-93e3-4055-9ecd-dae671b59934,agent_iota,0.621,0,0,ownership,0.253178,0.790887,0.44608,0.186138,0.212864,0.253178,0.219892,0.202394
n10,dom-tech,bm-dom-tech-n10,a9503c63-9d57-425a-ae1e-dfeacfaa6e8e,agent_alpha,0.84,0,0,time,0.392366,0.08574,0.570957,0.36594,0.368529,0.365273,0.392366,0.378328
n10,dom-tech,bm-dom-tech-n10,42f498a8-9f55-4254-b506-aba890c213a3,agent_beta,1.009,0,0,time,0.449026,0.104147,0.740735,0.394223,0.423454,0.432879,0.449026,0.418058
n10,dom-tech,bm-dom-tech-n10,c3d770a9-3ff7-45f9-ab6e-6b85239ac367,agent_kappa,1.272,0,0,time,0.332102,0.194496,0.686416,0.292855,0.304324,0.321256,0.332102,0.307936
n10,dom-tech,bm-dom-tech-n10,50a38757-3606-431d-8313-ce264e67e9e6,agent_epsilon,1.294,0,0,time,0.446171,0.322837,0.663269,0.387164,0.42094,0.443554,0.446171,0.410111
n10,dom-tech,bm-dom-tech-n10,34bcf55f-054b-4682-b4bc-40d84330624a,agent_gamma,1.344,0,0,ownership,0.45744,0.446609,0.580339,0.400101,0.426655,0.45744,0.45613,0.437002
n10,dom-tech,bm-dom-tech-n10,382de8ba-512f-48df-9424-7bacf9b192da,agent_theta,1.512,0,0,time,0.332161,0.094573,0.731535,0.298397,0.302247,0.312693,0.332161,0.307854
n10,dom-tech,bm-dom-tech-n10,311d7037-3b73-4b59-99f8-68c5f2d5042b,agent_iota,1.52,0,0,ownership,0.415694,0.384106,0.616839,0.362146,0.391904,0.415694,0.415222,0.384552
n10,dom-tech,bm-dom-tech-n10,df2e171e-9658-4356-8967-34f821aeed47,agent_kappa,1.638,0,0,ownership,0.473606,0.821148,0.440074,0.39604,0.421924,0.473606,0.436,0.432824
n10,dom-tech,bm-dom-tech-n10,5fb8295c-e4e8-4d0f-8df5-186eeed108f0,agent_beta,2.017,0,0,ownership,0.487204,0.847597,0.446596,0.405389,0.414152,0.487204,0.417491,0.430108
n10,dom-tech,bm-dom-tech-n10,d3042ded-f05b-4e43-aad1-e3ba4260b546,agent_alpha,2.149,0,1,risk,0.503359,0.513677,0.027536,0.480201,0.477035,0.493266,0.495161,0.503359
n10,dom-tech,bm-dom-tech-n10,0a844e02-d8f7-44c2-ba02-3913f3baee58,agent_gamma,2.37,0,0,time,0.631277,0.31614,0.44888,0.592434,0.586829,0.613519,0.631277,0.624212
n10,dom-tech,bm-dom-tech-n10,09ae00c0-9220-45ad-9b11-9cb7ec1fd5e8,agent_theta,2.428,0,0,risk,0.535978,0.557293,0.090877,0.50795,0.4958,0.527355,0.529971,0.535978
n10,dom-tech,bm-dom-tech-n10,53a71fda-1f5f-4ac5-8d3e-98bc0fc8f0fd,agent_kappa,2.519,0,0,time,0.611931,0.390262,0.459315,0.571655,0.573107,0.604753,0.611931,0.604268
n10,dom-tech,bm-dom-tech-n10,f8246d21-a5ea-489c-8d7b-85a369a3081e,agent_epsilon,2.626,0,0,risk,0.546921,0.624352,0.067102,0.52216,0.516756,0.544663,0.536003,0.546921
n10,dom-tech,bm-dom-tech-n10,49a639a2-f8ce-451c-8fc1-e0c94d651522,agent_eta,2.635,0,1,risk,0.5202,0.493118,0.07415,0.493455,0.493814,0.509012,0.514714,0.5202
n10,dom-tech,bm-dom-tech-n10,f778d250-b73d-407b-bc0f-f0f1fbc420b9,agent_iota,2.724,0,0,risk,0.53336,0.318455,0.011736,0.517942,0.514064,0.509484,0.526518,0.53336
n10,dom-tech,bm-dom-tech-n10,8e1e870d-3506-4443-bf93-488010cfc637,agent_alpha,2.82,0,0,time,0.654507,0.189955,0.595049,0.610534,0.586124,0.576355,0.654507,0.642746
n10,dom-tech,bm-dom-tech-n10,eb2284bf-e78f-4172-a67a-9a647d4fdde6,agent_beta,3.087,0,0,risk,0.604222,0.444808,0.137413,0.590839,0.562056,0.596834,0.598055,0.604222
n10,dom-tech,bm-dom-tech-n10,2885c8fc-7a6a-4a5d-ab03-9b8f5faabae5,agent_gamma,3.34,0,0,risk,0.590534,0.57443,-0.207836,0.568731,0.542052,0.558634,0.57443,0.590534
n10,dom-tech,bm-dom-tech-n10,27ebebac-1e65-463f-b715-f1e586891d9d,agent_zeta,3.367,0,0,time,0.653683,0.268756,0.380324,0.628267,0.602448,0.59776,0.653683,0.648929
n10,dom-tech,bm-dom-tech-n10,e62e028c-ac7f-4e54-b09e-ce32c7ad716d,agent_theta,3.438,0,0,risk,0.606771,0.394489,0.060068,0.590057,0.587782,0.596645,0.600011,0.606771
n10,dom-tech,bm-dom-tech-n10,239e0a71-e53f-4e04-9c83-100697c20434,agent_kappa,3.501,0,0,risk,0.579536,0.470483,-0.200323,0.560328,0.552674,0.536717,0.564184,0.579536
n10,dom-tech,bm-dom-tech-n10,9a43c2b7-9f1f-4d80-8fee-18be4d10f213,agent_delta,3.521,0,0,risk,0.625971,0.394136,0.17522,0.599447,0.585388,0.588685,0.624999,0.625971
n10,dom-tech,bm-dom-tech-n10,735721f0-971c-46fe-95f1-6de2880619ba,agent_iota,3.663,0,0,time,0.531808,0.328936,0.215141,0.510595,0.499627,0.48714,0.531808,0.531622
n10,dom-tech,bm-dom-tech-n10,2aa76993-339b-4c10-8744-5666f7c085eb,agent_epsilon,3.691,0,0,risk,0.630961,0.417219,-0.069612,0.614166,0.59979,0.593879,0.620796,0.630961
n10,dom-tech,bm-dom-tech-n10,ed1a5bf4-a332-4495-b905-27b43d27fe45,agent_alpha,3.894,0,0,risk,0.536292,0.405723,0.148654,0.510208,0.513608,0.522367,0.534293,0.536292
n10,dom-tech,bm-dom-tech-n10,74449cd7-4659-4afa-96c3-0d344ed272b7,agent_zeta,4.309,0,0,time,0.564239,0.147113,0.674081,0.515027,0.502906,0.465334,0.564239,0.549218
n10,dom-tech,bm-dom-tech-n10,c0a88dc6-24ab-4369-a403-2b1c83825523,agent_theta,4.396,0,0,time,0.630973,0.192053,0.2676,0.622078,0.589358,0.57467,0.630973,0.630603
n10,dom-tech,bm-dom-tech-n10,b7100402-3820-49cf-8e14-78f55b26c345,agent_eta,4.616,0,0,risk,0.657043,0.491181,-0.063338,0.634199,0.612335,0.591505,0.648421,0.657043
n10,dom-tech,bm-dom-tech-n10,c69de6e5-ed16-4ca1-afa9-f22e1d6f7c5a,agent_epsilon,4.799,0,0,risk,0.533197,0.508517,-0.081076,0.511072,0.502593,0.512555,0.522385,0.533197
n10,dom-tech,bm-dom-tech-n10,bebc3576-c505-452e-8230-7d886cb7005f,agent_delta,4.809,0,0,time,0.574848,0.265599,0.457184,0.529629,0.524679,0.518485,0.574848,0.567598
n10,dom-tech,bm-dom-tech-n10,023a3288-484a-4e01-9f59-d48d8ffb354c,agent_iota,4.814,0,0,time,0.581791,0.22307,0.510287,0.539237,0.54244,0.541028,0.581791,0.572542
n10,dom-tech,bm-dom-tech-n10,e2df8d8a-b48f-4904-bcd4-a0ad87288579,agent_zeta,5.351,0,0,ownership,0.519313,0.446256,0.305169,0.492913,0.500638,0.519313,0.518632,0.516539
n10,dom-tech,bm-dom-tech-n10,b1cf07ef-93c9-4b99-adc5-7c5b8f8e154e,agent_delta,5.415,0,0,time,0.558029,0.208939,0.491097,0.521806,0.522458,0.485207,0.558029,0.54927
n10,dom-tech,bm-dom-tech-n10,dc705c8d-e1dc-42cf-b1a4-deca97e8b904,agent_theta,5.513,0,0,time,0.632915,0.29021,0.32922,0.608782,0.586993,0.568647,0.632915,0.629627
n10,dom-tech,bm-dom-tech-n10,c12b9a0e-aef9-407f-a3d1-88f3082fb08b,agent_kappa,5.539,0,0,time,0.550898,0.354828,0.231887,0.52724,0.520103,0.528801,0.550898,0.550355
n10,dom-tech,bm-dom-tech-n10,21658ad6-5f7c-4725-aed0-72e0c66900fb,agent_iota,5.574,0,0,time,0.61219,0.313268,0.269705,0.58826,0.575832,0.538551,0.61219,0.610425
n10,dom-tech,bm-dom-tech-n10,5636ebc8-b7eb-4586-ba2a-0f1ee87bccdd,agent_beta,5.886,0,0,time,0.606063,0.057246,0.817412,0.562999,0.54887,0.518284,0.606063,0.582121
n10,dom-tech,bm-dom-tech-n10,3dcfb9f8-a095-416e-8061-0607058afa69,agent_gamma,6.228,0,0,time,0.565749,0.30825,0.381382,0.536565,0.504139,0.53853,0.565749,0.561021
n10,dom-tech,bm-dom-tech-n10,baf7f94a-a94b-4b5b-9ef1-700f8aab426f,agent_theta,6.476,0,0,risk,0.581122,0.271828,0.158869,0.568455,0.549618,0.510981,0.578757,0.581122
n10,dom-tech,bm-dom-tech-n10,19b9c232-2cb2-410e-b8a6-68a80e7e9cb3,agent_epsilon,6.536,0,0,time,0.544228,0.078324,0.685128,0.51849,0.493924,0.477112,0.544228,0.528127
n10,dom-tech,bm-dom-tech-n10,13941ac7-d8e5-41f9-8484-84b7e6dbc362,agent_zeta,6.875,0,0,risk,0.549206,0.025528,0.216093,0.548379,0.49965,0.495369,0.544585,0.549206
n10,dom-tech,bm-dom-tech-n10,bbb07e2c-43f7-46b2-b978-58dfa32fdb99,agent_beta,7.104,0,0,risk,0.5138,0.05825,0.293419,0.511639,0.479782,0.480522,0.513789,0.5138
n10,dom-tech,bm-dom-tech-n10,dd0271f5-9666-415d-bc56-4da2bc36c16a,agent_iota,7.107,0,0,ownership,0.526879,0.574085,0.393017,0.489972,0.482656,0.526879,0.521418,0.517615
n10,dom-tech,bm-dom-tech-n10,3006774c-36ca-4139-915d-857099d8ff1c,agent_kappa,7.129,0,0,time,0.518726,0.05815,0.838732,0.466415,0.445204,0.459294,0.518726,0.493174
n10,dom-tech,bm-dom-tech-n10,9cd933a2-1a89-4f8a-9a14-0c98f43ae0f7,agent_delta,7.28,0,0,time,0.619693,-0.003512,0.357795,0.617796,0.583212,0.585959,0.619693,0.617559
n10,dom-tech,bm-dom-tech-n10,bb0241cb-2c6c-4df1-90b8-2065a2bb12ba,agent_kappa,7.437,0,0,time,0.443472,0.030778,0.788436,0.408714,0.405766,0.382763,0.443472,0.419752
n10,dom-tech,bm-dom-tech-n10,9093c6bf-1820-4c9a-9257-ab005d9d32f6,agent_iota,7.473,0,0,time,0.601314,0.19725,0.494198,0.572904,0.561549,0.544411,0.601314,0.592699
n10,dom-tech,bm-dom-tech-n10,771cdb73-7c1f-4f60-aecc-0ddfb59e9c12,agent_epsilon,7.5,0,0,time,0.484522,0.137399,0.584832,0.461127,0.442018,0.45367,0.484522,0.472495
n10,dom-tech,bm-dom-tech-n10,3ef63e99-fc59-42c6-ad93-5fc0816e7a59,agent_theta,7.51,0,0,evidence,0.572022,-0.038536,0.183698,0.572022,0.538554,0.487742,0.563762,0.571256
n10,dom-tech,bm-dom-tech-n10,8dc0c228-ae6b-4a7b-a51d-3404bcc61de3,agent_zeta,8.058,0,0,evidence,0.474951,-0.096996,0.448214,0.474951,0.423128,0.453798,0.474559,0.469512
n10,dom-tech,bm-dom-tech-n10,b6f51ed2-77e8-44a9-903e-b7fcfdbb1f2a,agent_beta,8.142,0,0,risk,0.653705,0.115754,0.165807,0.649773,0.611724,0.584323,0.64849,0.653705
n10,dom-tech,bm-dom-tech-n10,57a5edee-6b63-464d-9583-69b25bec3799,agent_delta,8.195,0,0,time,0.508784,0.085309,0.426047,0.496608,0.478421,0.438721,0.508784,0.502461
n10,dom-tech,bm-dom-tech-n10,a1d42170-82f3-4ed1-9fa6-32bedb190450,agent_theta,8.439,0,0,time,0.565103,0.031082,0.495249,0.553126,0.534215,0.503804,0.565103,0.556177
n10,dom-tech,bm-dom-tech-n10,68b7faa1-d640-448c-b362-36aecb6af27d,agent_kappa,8.496,0,0,evidence,0.700391,-0.716131,0.192844,0.700391,0.692297,0.611494,0.660649,0.678745
n10,dom-tech,bm-dom-tech-n10,24c027c5-41ae-43c7-9b72-19d0fe56f4a3,agent_epsilon,8.661,0,0,time,0.606017,0.198284,0.319448,0.5902,0.577835,0.54975,0.606017,0.602835
n10,dom-tech,bm-dom-tech-n10,74c90242-27ad-4f5d-b6a3-1d1a1a232f81,agent_beta,8.827,0,0,evidence,0.627465,-0.235045,0.213567,0.627465,0.598993,0.56206,0.610077,0.621669
n10,dom-tech,bm-dom-tech-n10,2c4890c8-d1af-4c97-8f04-d494f4a55f9b,agent_zeta,9.044,0,0,evidence,0.483388,-0.041455,0.181301,0.483388,0.451841,0.427369,0.474975,0.482575
n10,dom-tech,bm-dom-tech-n10,8f3b9008-1d17-4c9e-8e36-d6a05edd6d67,agent_iota,9.329,0,0,time,0.596643,0.08152,0.77076,0.552161,0.553652,0.557769,0.596643,0.575121
n10,dom-tech,bm-dom-tech-n10,fef18ed9-b09d-435b-beb8-268b5c6a608d,agent_kappa,9.379,0,0,risk,0.621592,0.069041,0.127952,0.620606,0.583006,0.600397,0.610423,0.621592
n10,dom-tech,bm-dom-tech-n10,72491240-203d-4ba4-9017-730389ac88f0,agent_theta,9.449,0,0,evidence,0.623374,-0.111626,0.392544,0.623374,0.589119,0.545029,0.622594,0.619592
n10,dom-tech,bm-dom-tech-n10,816d7c12-5799-4dcf-a75e-950e8b32c9ed,agent_epsilon,9.453,0,0,time,0.665574,0.198386,0.500602,0.638273,0.617944,0.558012,0.665574,0.656972
n10,dom-tech,bm-dom-tech-n10,975d042f-3353-450f-adfe-d5122bee00c7,agent_beta,9.915,0,0,time,0.586167,0.025541,0.870873,0.545466,0.520258,0.476831,0.586167,0.55632
n10,dom-tech,bm-dom-tech-n10,336829ad-9dbd-4dfb-88ee-9b0e2b4ebda4,agent_zeta,10.225,0,0,time,0.489096,0.023444,0.801409,0.455321,0.450001,0.41767,0.489096,0.464425
n10,dom-tech,bm-dom-tech-n10,e44f3926-9750-43f7-a92f-5c97705999e5,agent_delta,10.26,0,0,time,0.569314,-0.044741,0.332489,0.565259,0.551942,0.49015,0.569314,0.565861
n10,dom-tech,bm-dom-tech-n10,0702c061-735a-4cee-9845-9beef04e27ad,agent_kappa,10.361,0,0,time,0.512899,0.00425,0.8511,0.482283,0.458345,0.419373,0.512899,0.48417
n10,dom-tech,bm-dom-tech-n10,830c7e4f-d591-4def-b953-9e807645c5e7,agent_theta,10.454,0,0,time,0.558758,0.019448,0.547887,0.547258,0.507846,0.459364,0.558758,0.548577
n10,dom-tech,bm-dom-tech-n10,5c0f64c9-c44b-42d6-83af-0c7929c88adc,agent_iota,10.475,0,0,time,0.578053,0.174503,0.280186,0.569339,0.541449,0.531732,0.578053,0.577242
n10,dom-tech,bm-dom-tech-n10,4a6a91c8-3ba3-4351-9e2b-496379c966f1,agent_epsilon,10.478,0,0,risk,0.662796,0.516593,-0.167641,0.643663,0.603427,0.558346,0.648853,0.662796
n10,dom-tech,bm-dom-tech-n10,4775ca27-e5c9-44ab-8c9a-10106583fa06,agent_beta,10.944,0,0,time,0.497592,-0.04191,0.585177,0.486983,0.460436,0.415886,0.497592,0.485158
n10,dom-tech,bm-dom-tech-n10,f89e7cf4-19a4-4c26-a8a2-973b5d94d744,agent_eta,11.304,0,0,time,0.476477,-0.001368,0.563542,0.465628,0.430664,0.433161,0.476477,0.46546
n10,dom-tech,bm-dom-tech-n10,69921c03-f86d-4b2d-bb47-4a0f6f65bc36,agent_zeta,11.384,0,0,evidence,0.538599,-0.193438,0.476203,0.538599,0.507141,0.458829,0.538218,0.531207
n10,dom-tech,bm-dom-tech-n10,79fb4762-5cf2-4ee3-ac69-03b027320dd9,agent_kappa,11.427,0,0,time,0.58591,0.01957,0.887625,0.540382,0.528579,0.496321,0.58591,0.553172
n10,dom-tech,bm-dom-tech-n10,4c9de429-da6c-41e1-a3a1-5fe12d979844,agent_delta,11.482,0,0,time,0.595268,0.174489,0.462284,0.573544,0.558571,0.526218,0.595268,0.58769
n10,dom-tech,bm-dom-tech-n10,c0e931e2-b53a-45fd-b3c0-b3499a715b36,agent_theta,11.509,0,0,risk,0.555832,0.219603,0.075435,0.548362,0.534718,0.53805,0.548033,0.555832
n10,dom-tech,bm-dom-tech-n10,002168a3-5bcb-44c2-adb0-33e27859ab34,agent_iota,11.539,0,0,time,0.439636,-0.124839,0.498422,0.40955,0.428189,0.357339,0.439636,0.420339
n10,dom-tech,bm-dom-tech-n10,ecff6164-6013-4f65-87fd-fb3a52384bf7,agent_epsilon,11.558,0,0,risk,0.590871,0.226611,0.103321,0.581172,0.565067,0.544681,0.586044,0.590871
n10,dom-tech,bm-dom-tech-n10,778b4097-79c8-433a-b6aa-5e04dc343a96,agent_beta,12.062,0,0,time,0.65347,0.040303,0.777527,0.622109,0.609499,0.531631,0.65347,0.631496
n10,dom-tech,bm-dom-tech-n10,a3e1956b-f52d-4c5e-a0e2-a501c52a968a,agent_zeta,12.214,0,0,time,0.564811,0.13242,0.277482,0.555381,0.541722,0.473653,0.564811,0.563229
n10,dom-tech,bm-dom-tech-n10,f730ad11-c03a-47d3-8ba4-5a27d66d1b8f,agent_eta,12.283,0,0,time,0.601399,-0.027733,0.401346,0.598227,0.563148,0.501651,0.601399,0.597409
n10,dom-tech,bm-dom-tech-n10,a82f10ad-d8c0-436f-8f24-4052c861a308,agent_kappa,12.389,0,0,time,0.641303,0.271949,0.252853,0.62679,0.595899,0.55281,0.641303,0.640745
n10,dom-tech,bm-dom-tech-n10,47cc309e-cefb-405f-9acb-87f5048abae9,agent_theta,12.443,0,0,time,0.627004,0.027487,0.896249,0.566648,0.546337,0.504903,0.627004,0.593845
n10,dom-tech,bm-dom-tech-n10,3459dcb6-6848-4d6b-80b6-10065f5e3eb6,agent_delta,12.789,0,0,risk,0.663749,0.212758,-0.135533,0.648309,0.652561,0.620047,0.652806,0.663749
n10,dom-tech,bm-dom-tech-n10,30ae0e51-170f-4cc9-9118-95c2e4606ff1,agent_delta,13.23,0,0,risk,0.654455,0.285476,-0.069563,0.645026,0.623339,0.538719,0.640637,0.654455
n10,dom-tech,bm-dom-tech-n10,66d1fb6e-1d32-4b56-8557-d8581419e8e5,agent_beta,13.235,0,0,risk,0.659291,0.006413,0.25783,0.658129,0.635005,0.556554,0.658029,0.659291
n10,dom-tech,bm-dom-tech-n10,b46beebe-bb98-47b3-a093-9b3559fea992,agent_kappa,13.414,0,0,time,0.544119,-0.051101,0.533985,0.532815,0.519885,0.435837,0.544119,0.532346
n10,dom-tech,bm-dom-tech-n10,93810c19-7693-44fb-9b9d-01d809e119f6,agent_epsilon,13.454,0,0,risk,0.682696,0.044751,0.216549,0.680193,0.657815,0.571011,0.680039,0.682696
n10,dom-tech,bm-dom-tech-n10,1d647eed-c90a-4a9c-99cf-d494fd2faf34,agent_zeta,13.809,0,0,testing,0.530815,-0.762528,-0.222382,0.517181,0.530815,0.441679,0.498465,0.500732
n10,dom-tech,bm-dom-tech-n10,ff267d41-d8a9-459a-98ce-186eaf13155c,agent_theta,13.853,0,0,risk,0.655812,0.264073,0.070653,0.646352,0.61564,0.532158,0.648976,0.655812
n10,dom-tech,bm-dom-tech-n10,df5dd6aa-139b-42c3-bc9f-34b2e5856c24,agent_beta,13.984,0,0,evidence,0.624712,-0.559061,0.426781,0.624712,0.598301,0.50494,0.607025,0.605972
n10,dom-tech,bm-dom-tech-n10,85e7b954-8fa6-4de6-b5c6-e11172d2677a,agent_zeta,14.268,0,0,time,0.398463,-0.000395,0.596515,0.383782,0.366813,0.355102,0.398463,0.384945
n10,dom-tech,bm-dom-tech-n10,ca59d8b0-cbc1-4a55-b32f-2ba2a10c3d79,agent_kappa,14.378,0,0,risk,0.725794,0.092993,0.093053,0.714327,0.71672,0.658587,0.724006,0.725794
n10,dom-tech,bm-dom-tech-n10,b53f2349-f40d-443c-92ac-e187fd2700ac,agent_epsilon,14.476,0,0,risk,0.70166,0.187202,0.12454,0.694224,0.672407,0.598904,0.696708,0.70166
n10,dom-tech,bm-dom-tech-n10,f58b7410-88d6-4d41-9230-ff96c38dff20,agent_theta,14.521,0,0,risk,0.653345,0.359902,-0.02211,0.639744,0.617667,0.565214,0.64429,0.653345
n10,dom-tech,bm-dom-tech-n10,a4e74bc1-988e-467b-b076-2df44b0e2c93,agent_delta,15.088,1,0,evidence,0.677082,-0.504465,0.033826,0.677082,0.673145,0.558167,0.647624,0.668107
n10,dom-tech,bm-dom-tech-n10,221f3ff0-3457-4c13-afd6-a04e71450ea9,agent_iota,15.341,1,0,time,0.581949,0.226053,0.39438,0.561887,0.53143,0.505398,0.581949,0.576921
n10,dom-tech,bm-dom-tech-n10,b2ab83e9-2f6a-427a-831b-670f9d10daeb,agent_delta,15.488,1,0,evidence,0.690646,-0.587076,0.117685,0.690646,0.685412,0.545337,0.666478,0.676978
n10,dom-tech,bm-dom-tech-n10,b5113428-2d95-40a7-a792-99d4f20e0fd5,agent_kappa,15.492,1,0,evidence,0.712104,-0.233122,0.160284,0.712104,0.701755,0.589938,0.702896,0.708338
n10,dom-tech,bm-dom-tech-n10,fd904154-db0d-400c-97a1-890327193a04,agent_theta,16.053,1,0,evidence,0.543463,-0.115905,0.229801,0.543463,0.525476,0.432585,0.538247,0.541412
n10,dom-tech,bm-dom-tech-n10,4db6a39a-f87e-4d3c-bbfe-eed0981fdf38,agent_kappa,16.427,1,0,evidence,0.724291,-0.309917,0.20222,0.724291,0.697261,0.596326,0.698172,0.716893
n10,dom-tech,bm-dom-tech-n10,d5bebdbc-5bc2-4072-97e9-9970297615b7,agent_zeta,16.518,1,0,time,0.596033,0.0808,0.732012,0.555263,0.556813,0.510916,0.596033,0.577017
n10,dom-tech,bm-dom-tech-n10,3eb75dc8-5afa-409c-9ab6-520fc360cb15,agent_iota,16.78,1,0,testing,0.659801,-0.63389,-0.312364,0.642331,0.659801,0.538375,0.620933,0.641615
n10,dom-tech,bm-dom-tech-n10,5adbb486-f022-401c-a443-71ecbb86139b,agent_epsilon,16.908,1,0,risk,0.671893,0.016834,0.058315,0.668141,0.658621,0.550611,0.664008,0.671893
n10,dom-tech,bm-dom-tech-n10,0b70fb4b-b012-4bb7-8686-df7ac0420451,agent_zeta,16.914,1,0,time,0.531102,-0.035105,0.65128,0.510848,0.506423,0.426246,0.531102,0.512765
n10,dom-tech,bm-dom-tech-n10,023c1720-bf83-45b6-a774-f02aae51c2e4,agent_theta,17.247,1,0,evidence,0.57688,-0.419858,0.341409,0.57688,0.569319,0.474395,0.572899,0.563995
n10,dom-tech,bm-dom-tech-n10,77b13a34-2beb-4561-a3b9-86f2d8c8d3d6,agent_kappa,17.381,1,0,time,0.651623,-0.052141,0.6439,0.635876,0.624095,0.5412,0.651623,0.634569
n10,dom-tech,bm-dom-tech-n10,ec390996-f983-46b9-8051-f46eb863c60a,agent_iota,17.549,1,0,evidence,0.767823,-0.237941,0.139005,0.767823,0.746385,0.632621,0.744255,0.762844
n10,dom-tech,bm-dom-tech-n10,ead1f951-0894-4f56-95bc-b22a92ecdf70,agent_epsilon,17.641,1,0,evidence,0.7048,-0.613997,0.171746,0.7048,0.696318,0.549511,0.674862,0.689156
n10,dom-tech,bm-dom-tech-n10,cfcc346c-65f6-49db-a7a1-3c734cac233c,agent_zeta,17.911,1,0,testing,0.665937,-0.584065,-0.2137,0.650116,0.665937,0.558337,0.644632,0.648516
n10,dom-tech,bm-dom-tech-n10,2d6019e4-69f9-4761-9ed6-2b736aecb08e,agent_theta,18.03,1,0,evidence,0.72053,-0.077768,0.084949,0.72053,0.692064,0.593737,0.700602,0.719129
n10,dom-tech,bm-dom-tech-n10,a0ca1389-3d01-450e-a67c-01a9e97e0903,agent_kappa,18.356,1,0,risk,0.655642,0.178765,-0.098246,0.646459,0.639995,0.56651,0.641945,0.655642
n10,dom-tech,bm-dom-tech-n10,0cf5cb86-23d4-459c-964a-7a1a5ba7b28a,agent_iota,18.369,1,0,evidence,0.71644,-0.339537,0.152138,0.71644,0.71108,0.582383,0.708065,0.710582
n10,dom-tech,bm-dom-tech-n10,3fea94b7-449f-4a2a-93fb-945bb59662cf,agent_gamma,18.422,1,0,evidence,0.629534,-0.184097,-0.037162,0.629534,0.622987,0.553705,0.608275,0.629092
n10,dom-tech,bm-dom-tech-n10,20d99a09-d43c-4e7b-b6b7-5e58a2781b10,agent_theta,19.362,1,0,time,0.597184,0.080883,0.693004,0.562559,0.561498,0.487424,0.597184,0.57988
n10,dom-tech,bm-dom-tech-n10,5af51751-588b-4f25-9b70-dce52e30fa0e,agent_eta,19.499,1,0,testing,0.602742,-0.6176,-0.204607,0.581101,0.602742,0.504116,0.584961,0.58024
n10,dom-tech,bm-dom-tech-n10,f4c65b13-f24c-4713-8181-de2ff5f3565c,agent_kappa,19.528,1,0,time,0.686457,0.205829,0.346089,0.669696,0.653141,0.562541,0.686457,0.68267
n10,dom-tech,bm-dom-tech-n10,77f2dc9e-2e69-44cf-bf54-5a8976590549,agent_theta,19.677,1,0,evidence,0.613854,-0.330123,0.264823,0.613854,0.60122,0.479587,0.605016,0.605857
n10,dom-tech,bm-dom-tech-n10,dda2cc0b-a9bd-4cb3-85d4-9d4a9735dbb0,agent_epsilon,19.678,1,0,testing,0.675706,-0.290676,0.108964,0.674389,0.675706,0.544443,0.673115,0.67247
n10,dom-tech,bm-dom-tech-n10,46085048-0cbc-496c-aa5c-780762734cd0,agent_delta,20.026,1,0,evidence,0.719452,-0.615769,0.076178,0.719452,0.715119,0.576066,0.683834,0.705649
n10,dom-tech,bm-dom-tech-n10,85d4fef9-a422-41a0-a8ae-2b8b46d30114,agent_iota,20.139,1,0,evidence,0.685648,-0.402767,0.17971,0.685648,0.674157,0.570263,0.668015,0.676853
n10,dom-tech,bm-dom-tech-n10,41c88d87-f309-403d-b8c1-d5f0fddeb6d4,agent_kappa,20.375,1,0,evidence,0.694003,-0.049246,0.307375,0.694003,0.671688,0.562518,0.693924,0.693296
n10,dom-tech,bm-dom-tech-n10,98a5d35c-19a7-4b08-84ad-7b15996896f7,agent_delta,20.517,1,0,evidence,0.737478,-0.052342,0.17649,0.737478,0.716488,0.604228,0.73094,0.737092
n10,dom-tech,bm-dom-tech-n10,bd9b0f1d-6bf0-4eb8-82b1-de00b3bcdb33,agent_theta,20.529,1,0,evidence,0.73945,-0.0934,0.260357,0.73945,0.710562,0.618842,0.733763,0.7371
n10,dom-tech,bm-dom-tech-n10,6d9ece6e-f7a9-4694-adf9-6d53226a3335,agent_zeta,20.841,1,0,time,0.670156,0.120117,0.279739,0.658058,0.65156,0.551224,0.670156,0.667516
n10,dom-tech,bm-dom-tech-n10,92935878-01a0-4a94-9051-e2273a317346,agent_epsilon,21.151,1,0,evidence,0.683985,-0.347203,-0.060871,0.683985,0.681457,0.54817,0.653794,0.680865
n10,dom-tech,bm-dom-tech-n10,95998c00-0f0d-41d0-9208-3810652eb044,agent_kappa,21.398,1,0,evidence,0.722829,-0.356567,0.20682,0.722829,0.695467,0.60411,0.687745,0.71431
n10,dom-tech,bm-dom-tech-n10,9fc53e28-0923-4d08-b68f-755ce3323321,agent_delta,21.452,1,0,evidence,0.588199,-0.266013,0.172648,0.588199,0.578187,0.506161,0.578726,0.583464
n10,dom-tech,bm-dom-tech-n10,9f3f31be-4532-412d-87cc-085c9b0a95e9,agent_eta,21.518,1,0,time,0.595373,0.238745,0.403236,0.57039,0.555627,0.526386,0.595373,0.589743
n10,dom-tech,bm-dom-tech-n10,89ff350e-7a65-4759-915b-6f2834494359,agent_theta,21.655,1,0,risk,0.759234,0.094713,-0.074308,0.751125,0.747956,0.62832,0.747595,0.759234
n10,dom-tech,bm-dom-tech-n10,28b0eb30-4ccb-471c-8cb6-9bb103acc7bb,agent_epsilon,21.79,1,0,evidence,0.714275,-0.159138,0.132246,0.714275,0.69358,0.557892,0.698002,0.711264
n10,dom-tech,bm-dom-tech-n10,f6de689b-88dc-40b9-9314-041fa7dcd692,agent_kappa,22.8,1,0,risk,0.643761,-0.003334,0.008064,0.64139,0.628616,0.528842,0.629716,0.643761
n10,dom-tech,bm-dom-tech-n10,a6074cc6-9083-487f-9185-f00180222f32,agent_delta,22.889,1,0,time,0.651705,-0.184757,0.251981,0.649502,0.645683,0.560167,0.651705,0.647983
n10,dom-tech,bm-dom-tech-n10,2c121f25-12f4-4a2a-a253-2eb497593701,agent_epsilon,22.968,1,0,risk,0.681432,0.248096,-0.064131,0.670364,0.661934,0.577587,0.670437,0.681432
n10,dom-tech,bm-dom-tech-n10,a7fee83c-c932-4e67-8911-9d4c8e85aeec,agent_zeta,23.317,1,0,evidence,0.673976,-0.429014,0.135307,0.673976,0.666281,0.562949,0.656748,0.665342
n10,dom-tech,bm-dom-tech-n10,103f0476-ffe0-4780-9d68-b21f7d9b86e6,agent_theta,23.534,1,0,time,0.632263,0.221368,0.290281,0.608424,0.611405,0.589639,0.632263,0.628793
n10,dom-tech,bm-dom-tech-n10,9876ca65-a86e-455f-8eb6-d6b501ce3bad,agent_epsilon,23.561,1,0,evidence,0.695093,-0.314211,0.235004,0.695093,0.673335,0.571001,0.677837,0.687423
n10,dom-tech,bm-dom-tech-n10,e90ead70-4449-402d-9863-0ad8e1652430,agent_theta,23.915,1,0,risk,0.623078,0.146127,0.15743,0.615862,0.601218,0.500162,0.620039,0.623078
n10,dom-tech,bm-dom-tech-n10,83f4a870-e9cb-4a9b-b483-4591c011040c,agent_iota,23.937,1,0,time,0.721783,0.266985,0.401664,0.694001,0.664294,0.628189,0.721783,0.716388
n10,dom-tech,bm-dom-tech-n10,b7102533-fc9e-4072-9e1b-cd39459c3f90,agent_kappa,24.369,1,0,time,0.645982,0.185411,0.580137,0.610233,0.581969,0.562571,0.645982,0.634742
n10,dom-tech,bm-dom-tech-n10,5723e201-4d04-425f-9a82-f836076a5287,agent_zeta,24.532,1,0,risk,0.66128,0.395313,-0.01262,0.646612,0.604524,0.612336,0.652638,0.66128
n10,dom-tech,bm-dom-tech-n10,f31c1def-49d5-42d4-945f-48fd55519292,agent_iota,24.674,1,0,testing,0.668623,-0.567592,-0.174343,0.655877,0.668623,0.546526,0.648412,0.652621
n10,dom-tech,bm-dom-tech-n10,59bf1e37-b3f0-430e-b33d-1876859fdf8a,agent_kappa,25.337,1,0,risk,0.602942,0.038312,0.152982,0.601496,0.567535,0.534831,0.595444,0.602942
n10,dom-tech,bm-dom-tech-n10,48245e81-9694-484f-84fc-42e10b8493c1,agent_iota,25.565,1,0,time,0.686619,0.192889,0.550825,0.653479,0.632722,0.591472,0.686619,0.676359
n10,dom-tech,bm-dom-tech-n10,debbca6d-7fa5-49ac-b4e2-3c8c820f9263,agent_kappa,26.312,1,0,time,0.63517,0.156749,0.352701,0.621582,0.605479,0.57015,0.63517,0.631201
n10,dom-tech,bm-dom-tech-n10,55212ba7-42b6-42fc-8af5-3efa6d6867ff,agent_zeta,26.327,1,0,time,0.605006,-0.018992,0.790438,0.571325,0.575884,0.532252,0.605006,0.577261
n10,dom-tech,bm-dom-tech-n10,93742e2c-8499-4837-be74-61531d902228,agent_iota,26.484,1,0,risk,0.726888,0.117578,-0.18622,0.717102,0.716718,0.633738,0.708597,0.726888
n10,dom-tech,bm-dom-tech-n10,aecb5fc0-fff0-4397-83ad-5509438fb035,agent_zeta,26.7,1,0,risk,0.589139,0.207467,-0.041322,0.583769,0.564693,0.569901,0.56857,0.589139
n10,dom-tech,bm-dom-tech-n10,9dd5e9a6-899e-4d0f-a879-a79462c42852,agent_gamma,27.286,1,0,evidence,0.677021,-0.207604,0.180722,0.677021,0.64731,0.563948,0.657503,0.672089
n10,dom-tech,bm-dom-tech-n10,fdd92e65-cf5c-4644-8e6b-43d9ce794f7f,agent_kappa,27.298,1,0,risk,0.610711,0.027389,0.206865,0.609019,0.584585,0.54794,0.607041,0.610711
n10,dom-tech,bm-dom-tech-n10,02001133-a2e3-41aa-97f7-37f9ce589593,agent_iota,27.536,1,0,risk,0.654071,-0.060716,0.215618,0.653436,0.641426,0.538424,0.652692,0.654071
n10,dom-tech,bm-dom-tech-n10,e17f4ef4-01a4-478e-9eb8-f1ea19e92338,agent_theta,27.986,1,0,evidence,0.686876,-0.497671,0.312141,0.686876,0.654816,0.5986,0.651353,0.673455
n10,dom-tech,bm-dom-tech-n10,eec99895-ebe0-4a96-8296-1635b6c6da6d,agent_kappa,28.379,1,0,evidence,0.594651,-0.260849,0.231852,0.594651,0.565877,0.518801,0.577216,0.588086
n10,dom-tech,bm-dom-tech-n10,d2614d8e-f8e5-48fd-9982-3ca29dec2460,agent_epsilon,28.673,1,0,risk,0.610711,0.027389,0.206865,0.609019,0.584585,0.54794,0.607041,0.610711
n10,dom-tech,bm-dom-tech-n10,01ece12d-3911-40e0-91e3-e79d6fa29a40,agent_zeta,28.843,1,0,evidence,0.536227,-0.265162,0.261693,0.536227,0.50517,0.484924,0.520475,0.529151
n10,dom-tech,bm-dom-tech-n10,c8fb31e5-d09b-45a1-91d6-876c597306a5,agent_iota,28.883,1,0,risk,0.657395,0.323026,0.113093,0.643708,0.61248,0.570107,0.653344,0.657395
n10,dom-tech,bm-dom-tech-n10,8b9bb49e-1096-4d91-911f-193253e87761,agent_kappa,29.334,1,0,evidence,0.620729,-0.050198,0.198234,0.620729,0.593717,0.529956,0.613906,0.619894
n10,dom-tech,bm-dom-tech-n10,43cc5324-f718-4715-87fe-892667147635,agent_iota,29.913,1,0,risk,0.667134,0.116852,0.000366,0.663419,0.635995,0.582769,0.651106,0.667134
n10,dom-tech,bm-dom-tech-n10,bfe37853-136a-43df-ac72-46d2b6b6d39e,agent_theta,29.95,1,0,testing,0.602362,-0.71421,-0.184927,0.591017,0.602362,0.48618,0.57322,0.578277
n10,dom-tech,bm-dom-tech-n10,d43bea5c-0216-41a6-b73e-f1ac199a42f7,agent_epsilon,30.236,2,0,risk,0.599632,0.23314,0.062337,0.591985,0.553641,0.530773,0.591411,0.599632
n10,dom-tech,bm-dom-tech-n10,67dd5711-7371-4785-b0d9-5308aea7af7d,agent_theta,30.362,2,0,time,0.56167,0.006147,0.652277,0.545893,0.512141,0.482964,0.56167,0.546688
n10,dom-tech,bm-dom-tech-n10,23cc11e6-eeef-4121-b5cb-92858b54224f,agent_kappa,30.416,2,0,risk,0.651938,0.160691,0.088218,0.645224,0.627664,0.571313,0.645432,0.651938
n10,dom-tech,bm-dom-tech-n10,ea792b02-b133-45ed-9f01-455afb0f80ff,agent_epsilon,30.534,2,0,risk,0.729476,0.096634,-0.060832,0.72624,0.702157,0.639314,0.703126,0.729476
n10,dom-tech,bm-dom-tech-n10,a874b421-3820-441f-ac19-a92291202ac5,agent_zeta,30.627,2,0,time,0.545457,0.014385,0.277002,0.538475,0.53147,0.507181,0.545457,0.542784
n10,dom-tech,bm-dom-tech-n10,b9bbad2c-1f4a-451e-ade6-5a6fadb00632,agent_iota,30.958,2,0,evidence,0.717662,-0.25515,0.16511,0.717662,0.686724,0.577669,0.687241,0.711713
n10,dom-tech,bm-dom-tech-n10,ec9307e6-a5c2-4eac-900c-0f70a45576af,agent_zeta,31.056,2,0,risk,0.700354,0.303237,-0.097182,0.690179,0.671047,0.626931,0.685511,0.700354
n10,dom-tech,bm-dom-tech-n10,3f79a2c5-aea4-486b-886e-872336040b3e,agent_kappa,31.396,2,0,evidence,0.676998,-0.128761,0.199718,0.676998,0.641635,0.596023,0.664234,0.673732
n10,dom-tech,bm-dom-tech-n10,9a0e3413-aa9d-4046-a80a-2463a4dd105a,agent_theta,31.438,2,0,evidence,0.663614,-0.264495,0.153633,0.663614,0.63933,0.610236,0.634856,0.657699
n10,dom-tech,bm-dom-tech-n10,4c011fa3-0b3c-423b-b639-f115d660cf2d,agent_epsilon,31.73,2,0,risk,0.768979,0.4248,-0.207229,0.75663,0.71939,0.684666,0.74665,0.768979
n10,dom-tech,bm-dom-tech-n10,08743c7b-1010-415e-96bf-8a8338ca4b88,agent_iota,31.925,2,0,risk,0.674804,0.361932,0.17372,0.654312,0.630251,0.600034,0.673514,0.674804
n10,dom-tech,bm-dom-tech-n10,05015fd2-b8ee-471c-a0ea-9fb85610f9ac,agent_kappa,32.348,2,0,risk,0.689987,0.4732,-0.193177,0.675137,0.643991,0.652609,0.671262,0.689987
n10,dom-tech,bm-dom-tech-n10,11b7f687-08fb-4629-a0d9-0848f31300a9,agent_zeta,32.47,2,0,risk,0.649928,0.261754,-0.110457,0.642325,0.615037,0.571406,0.629746,0.649928
n10,dom-tech,bm-dom-tech-n10,edb88c33-516b-4ed0-a4de-82a26786d5a4,agent_iota,32.501,2,0,risk,0.744153,0.057277,-0.006303,0.742567,0.702534,0.658659,0.718805,0.744153
n10,dom-tech,bm-dom-tech-n10,9aebb5fa-c1ba-44df-be1a-c3c3832cd95b,agent_epsilon,32.599,2,0,evidence,0.699676,-0.06537,0.073145,0.699676,0.652926,0.615214,0.673454,0.698165
n10,dom-tech,bm-dom-tech-n10,9ce2f188-565b-4a7e-864c-688c257e4027,agent_theta,32.628,2,0,time,0.759746,0.030479,0.265187,0.743737,0.748855,0.667063,0.759746,0.754891
n10,dom-tech,bm-dom-tech-n10,57d79bb3-186b-4444-89c4-5b34ba9b26a0,agent_zeta,32.825,2,0,evidence,0.699288,-0.450683,0.062062,0.699288,0.692868,0.61273,0.671474,0.691235
n10,dom-tech,bm-dom-tech-n10,ca60ec46-db09-4734-aa10-8024946300a5,agent_theta,33.294,2,0,testing,0.675673,-0.640569,-0.239367,0.662117,0.675673,0.564512,0.645069,0.65713
n10,dom-tech,bm-dom-tech-n10,0ac9de93-6a4b-47e5-9028-827d1d9af581,agent_kappa,33.648,2,0,evidence,0.719287,-0.339415,0.228834,0.719287,0.676261,0.596351,0.683704,0.710776
n10,dom-tech,bm-dom-tech-n10,8cd011b5-a19b-4b0a-a3e3-4939ae91979a,agent_kappa,34.377,2,0,evidence,0.643892,-0.429804,0.307026,0.643892,0.606522,0.54505,0.616979,0.632287
n10,dom-tech,bm-dom-tech-n10,611fea2e-31c9-4af2-90a3-8cdc4050a76d,agent_zeta,34.437,2,0,evidence,0.735591,-0.093238,0.077145,0.735591,0.703135,0.651399,0.709702,0.733679
n10,dom-tech,bm-dom-tech-n10,dcdcdf5a-780f-4632-96bb-a1853e2a744f,agent_epsilon,34.521,2,0,evidence,0.777607,-0.205508,0.057284,0.777607,0.761682,0.650243,0.748798,0.774376
n10,dom-tech,bm-dom-tech-n10,5e7410b4-77e7-49ab-b51b-18d7d6032944,agent_theta,34.628,2,0,evidence,0.679744,-0.618688,0.344735,0.679744,0.654893,0.556672,0.636953,0.661712
n10,dom-tech,bm-dom-tech-n10,6ce01903-816a-4cc9-8560-64eb79625b40,agent_epsilon,35.052,2,0,evidence,0.714579,-0.60827,0.348232,0.714579,0.687099,0.563058,0.666275,0.697037
n10,dom-tech,bm-dom-tech-n10,6a3fd8ba-a6c7-48ed-8303-5979788cf3ad,agent_theta,35.31,2,0,risk,0.689515,-0.03971,-0.012764,0.689211,0.669144,0.589647,0.659588,0.689515
n10,dom-tech,bm-dom-tech-n10,e69b2584-5048-4d3a-ae56-908bdac4e40a,agent_iota,35.408,2,0,risk,0.601217,0.211852,-0.077514,0.594538,0.573326,0.55508,0.583131,0.601217
n10,dom-tech,bm-dom-tech-n10,0e36684a-edec-43ff-a3f4-b30c000131a3,agent_zeta,35.49,2,0,evidence,0.663088,-0.748121,0.305094,0.663088,0.6491,0.529264,0.616058,0.637218
n10,dom-tech,bm-dom-tech-n10,7d121e17-fec2-4d87-9e42-9a52b11dc873,agent_iota,35.89,2,0,evidence,0.748474,-0.50833,0.250795,0.748474,0.727478,0.603243,0.704857,0.735658
n10,dom-tech,bm-dom-tech-n10,b3b827ee-bbbf-4c17-bedd-73a09cc0c31d,agent_zeta,36.003,2,0,time,0.52335,0.112527,0.347984,0.510482,0.508811,0.510001,0.52335,0.517458
n10,dom-tech,bm-dom-tech-n10,1d25dc84-39ea-46ed-9c41-b63f46038ea5,agent_kappa,36.485,2,0,risk,0.745804,0.257567,-0.140483,0.737848,0.717481,0.645626,0.723406,0.745804
n10,dom-tech,bm-dom-tech-n10,4b7fd3df-8c24-4c7d-bcea-00a8e04ac120,agent_epsilon,36.521,2,0,risk,0.679265,0.109278,-0.080315,0.675134,0.656338,0.602509,0.65486,0.679265
n10,dom-tech,bm-dom-tech-n10,59579445-76ca-49f8-aafe-81c2a75a5034,agent_theta,36.762,2,0,evidence,0.659505,-0.518449,0.323848,0.659505,0.626664,0.57838,0.621864,0.645328
n10,dom-tech,bm-dom-tech-n10,dd87bd8a-c448-4078-8bca-791b6f75bc8e,agent_epsilon,36.971,2,0,risk,0.771621,0.264592,-0.154243,0.764192,0.73794,0.690579,0.744143,0.771621
n10,dom-tech,bm-dom-tech-n10,ff9af3f8-8dc6-4d72-88d0-8442d21aab99,agent_zeta,37.076,2,0,risk,0.710795,-0.126994,-0.069157,0.709602,0.703569,0.644319,0.689026,0.710795
n10,dom-tech,bm-dom-tech-n10,9985ed9e-3ce2-408c-929e-1f24a34ae3be,agent_iota,37.234,2,0,risk,0.549396,0.30583,0.134978,0.529767,0.527317,0.499503,0.547714,0.549396
n10,dom-tech,bm-dom-tech-n10,76b15de6-70d7-441a-abc4-242a1aa0d86b,agent_theta,37.375,2,0,testing,0.691141,-0.574742,-0.198181,0.682727,0.691141,0.589842,0.652294,0.677979
n10,dom-tech,bm-dom-tech-n10,b1333561-2b16-4409-b679-317c8934cdfc,agent_kappa,37.721,2,0,evidence,0.688361,-0.182512,0.000931,0.688361,0.67884,0.594104,0.666577,0.687035
n10,dom-tech,bm-dom-tech-n10,f16d1d92-0cb5-4379-aee1-3c33ad9979de,agent_zeta,37.782,2,0,testing,0.667739,-0.500837,-0.300128,0.653889,0.667739,0.600954,0.623786,0.656262
n10,dom-tech,bm-dom-tech-n10,8540fe45-3c64-4f70-9b4d-3125fde2ada4,agent_epsilon,38.11,2,0,evidence,0.741689,-0.198785,-0.068223,0.741689,0.734811,0.654254,0.702945,0.740952
n10,dom-tech,bm-dom-tech-n10,5ea293c5-2f31-4819-902b-fd3353896424,agent_kappa,38.492,2,0,evidence,0.662658,-0.351651,0.339085,0.662658,0.628954,0.564438,0.647821,0.652513
n10,dom-tech,bm-dom-tech-n10,e015c3df-9daf-4f83-a5e8-4144971f8222,agent_epsilon,39.037,2,0,evidence,0.782008,-0.102946,0.030704,0.782008,0.757738,0.671203,0.742328,0.780396
n10,dom-tech,bm-dom-tech-n10,99230cfc-bd15-496b-ba7f-b358564a1d4a,agent_alpha,39.039,2,0,risk,0.734082,-0.017414,0.050696,0.726708,0.728783,0.687581,0.730878,0.734082
n10,dom-tech,bm-dom-tech-n10,bb7cf5f2-b848-4e07-ba23-b3f06ed75236,agent_theta,39.259,2,0,evidence,0.736369,-0.303355,0.119199,0.736369,0.717756,0.64043,0.699051,0.730231
n10,dom-tech,bm-dom-tech-n10,bf6eda49-f546-4801-a022-cdf8a00a11b2,agent_kappa,39.551,2,0,risk,0.766243,0.310141,-0.192333,0.757502,0.732656,0.61984,0.736247,0.766243
n10,dom-tech,bm-dom-tech-n10,0d5addf7-2b20-43a8-922f-a235b709434f,agent_theta,39.773,2,0,evidence,0.500248,-0.118772,0.159196,0.500248,0.479196,0.460742,0.48826,0.497898
n10,dom-tech,bm-dom-tech-n10,e2cbb12d-a5d5-470d-a828-50dce7fcb776,agent_epsilon,39.872,2,0,evidence,0.724147,-0.474559,-0.016657,0.724147,0.722617,0.564623,0.698161,0.717216
n10,dom-tech,bm-dom-tech-n10,55b6ba02-87f5-4e50-9c63-46884917d3d3,agent_zeta,39.913,2,0,time,0.53687,-0.023643,0.499839,0.527181,0.509163,0.466346,0.53687,0.52746
n10,dom-tech,bm-dom-tech-n10,1b5e305b-3fc4-476e-925b-6582a6dd5640,agent_theta,40.633,2,0,evidence,0.758301,-0.505032,0.048552,0.758301,0.752694,0.635308,0.719169,0.748948
n10,dom-tech,bm-dom-tech-n10,5c3ccb81-e035-46cc-a033-cb97a8c2caa5,agent_kappa,40.675,2,0,testing,0.660232,-0.307168,-0.131474,0.659191,0.660232,0.626665,0.626969,0.658577
n10,dom-tech,bm-dom-tech-n10,bc612611-6fae-403b-aa57-2cffa129d593,agent_zeta,40.813,2,0,evidence,0.736503,-0.17856,0.081275,0.736503,0.717878,0.670674,0.712472,0.733452
n10,dom-tech,bm-dom-tech-n10,ef6f48ca-06be-4655-8472-83b7078358d8,agent_epsilon,40.868,2,0,evidence,0.766405,-0.525946,0.173066,0.766405,0.753536,0.626403,0.722001,0.754232
n10,dom-tech,bm-dom-tech-n10,d3a8d55f-4f46-426f-8dbb-1de814a5d35e,agent_kappa,41.752,2,0,evidence,0.716865,-0.645388,0.245324,0.716865,0.702902,0.603565,0.658831,0.699109
n10,dom-tech,bm-dom-tech-n10,65b0e52a-d507-44ef-9748-b9d5aab799f3,agent_epsilon,41.886,2,0,risk,0.740951,0.259651,-0.131232,0.729504,0.722563,0.615235,0.72641,0.740951
n10,dom-tech,bm-dom-tech-n10,6e267421-3de0-4f80-b94c-9c32f62ec96c,agent_zeta,42.248,2,0,testing,0.647671,-0.43415,0.040968,0.633704,0.647671,0.524388,0.641592,0.632523
n10,dom-tech,bm-dom-tech-n10,e16da893-7e86-43b4-b2eb-5fb1b2b8df3c,agent_kappa,42.383,2,0,time,0.648961,0.076469,0.340692,0.629133,0.633689,0.561844,0.648961,0.642492
n10,dom-tech,bm-dom-tech-n10,c72a17ca-1922-4f18-b383-0adcf8d99408,agent_theta,42.476,2,0,evidence,0.617851,-0.427312,0.156188,0.617851,0.604414,0.53294,0.589213,0.608637
n10,dom-tech,bm-dom-tech-n10,93f9efb3-2ab7-4a01-a7a2-1370578aec80,agent_epsilon,42.801,2,0,risk,0.749485,-0.075753,-0.068221,0.748543,0.737049,0.616892,0.713967,0.749485
n10,dom-tech,bm-dom-tech-n10,6e4c6d86-96f1-42eb-b79a-64fbd48ba9e1,agent_zeta,42.924,2,0,evidence,0.750059,-0.279512,0.10939,0.750059,0.731582,0.638045,0.715931,0.744551
n10,dom-tech,bm-dom-tech-n10,99a12292-5853-483f-9ae1-e1b8af912648,agent_theta,43.001,2,0,risk,0.762358,0.174405,0.034582,0.750075,0.748985,0.677499,0.757459,0.762358
n10,dom-tech,bm-dom-tech-n10,f7a49e89-fade-4038-a050-8fec4c36ed13,agent_kappa,43.496,2,0,testing,0.701917,-0.401009,-0.138237,0.698169,0.701917,0.600267,0.675621,0.696512
n10,dom-tech,bm-dom-tech-n10,9caa11b1-acab-4be8-9ff9-64c18f4b582f,agent_zeta,44.147,2,0,risk,0.661206,0.041177,0.035193,0.649441,0.655486,0.586021,0.658531,0.661206
n10,dom-tech,bm-dom-tech-n10,d4e97f86-7373-4859-9a28-bdfd1b30f763,agent_epsilon,44.155,2,0,testing,0.736822,-0.342495,0.133724,0.732718,0.736822,0.605931,0.73436,0.729553
n10,dom-tech,bm-dom-tech-n10,026279f1-057d-45f9-a045-273deb5f0925,agent_kappa,44.341,2,0,evidence,0.732052,-0.399474,0.143099,0.732052,0.719077,0.635782,0.705634,0.723757
n10,dom-tech,bm-dom-tech-n10,1f0e6820-029a-4e11-9fd8-18315850bdc7,agent_epsilon,45.002,3,0,evidence,0.770973,-0.496973,0.223003,0.770973,0.755892,0.626259,0.744173,0.758759
n10,dom-tech,bm-dom-tech-n10,9263f916-4c60-4922-bc4b-c98e957dc1c5,agent_zeta,45.207,3,0,evidence,0.726103,-0.38059,0.252238,0.726103,0.688034,0.63832,0.691759,0.716422
n10,dom-tech,bm-dom-tech-n10,899be2a4-1398-4a7d-900a-8b591d126bed,agent_kappa,45.361,3,0,evidence,0.758265,-0.284199,0.02865,0.758265,0.748568,0.674627,0.729155,0.754322
n10,dom-tech,bm-dom-tech-n10,5c535bef-c1d2-4e3c-a940-f13d4a2311e7,agent_epsilon,46.051,3,0,evidence,0.745919,-0.260926,0.153946,0.745919,0.72353,0.608059,0.721224,0.740243
n10,dom-tech,bm-dom-tech-n10,df9098b1-e1ae-4941-9e0e-5703584afbcc,agent_kappa,46.43,3,0,risk,0.616164,0.060735,0.009692,0.614122,0.584643,0.550234,0.596994,0.616164
n10,dom-tech,bm-dom-tech-n10,76c804b0-3dde-4bef-9c9d-4c1fc6ea30f1,agent_theta,46.893,3,0,evidence,0.725702,-0.567539,0.194777,0.725702,0.719295,0.579694,0.709628,0.710742
n10,dom-tech,bm-dom-tech-n10,ae4ef72e-9a56-4b82-be15-73fa952f7d3e,agent_kappa,47.402,3,0,evidence,0.669101,-0.218895,0.024633,0.669101,0.660883,0.597889,0.651014,0.667063
n10,dom-tech,bm-dom-tech-n10,4a7a91de-431f-42b7-b2e1-8443a50ff7e7,agent_theta,47.833,3,0,evidence,0.682263,-0.664757,0.099395,0.682263,0.678009,0.55208,0.648731,0.665489
n10,dom-tech,bm-dom-tech-n10,77970c84-9472-4e9f-a976-b53d3c33c964,agent_zeta,47.958,3,0,evidence,0.644536,-0.795477,0.437624,0.644536,0.621569,0.510465,0.60115,0.609522
n10,dom-tech,bm-dom-tech-n10,873a43b8-760b-47cc-98c6-988a4300d8e7,agent_epsilon,48.39,3,0,evidence,0.771205,-0.419437,0.109424,0.771205,0.760895,0.635529,0.742888,0.763011
n10,dom-tech,bm-dom-tech-n10,552cd9bd-7b69-41c1-92f9-c4f4d41e0195,agent_kappa,48.569,3,0,time,0.703575,0.150582,0.583148,0.676791,0.647043,0.587941,0.703575,0.692135
n10,dom-tech,bm-dom-tech-n10,32736863-47d8-4ce3-a031-eb233cef1bc9,agent_zeta,49.153,3,0,evidence,0.650295,-0.27416,0.352848,0.650295,0.612778,0.583592,0.640062,0.641979
n10,dom-tech,bm-dom-tech-n10,c569642f-f4f9-4a1e-a9bc-543f212ad99c,agent_epsilon,49.198,3,0,evidence,0.725956,-0.58197,0.248737,0.725956,0.710867,0.565824,0.692415,0.710555
n10,dom-tech,bm-dom-tech-n10,9e16ac7b-0b7d-41df-8a79-b2ca9df0f564,agent_kappa,49.532,3,0,risk,0.606317,0.22535,0.046943,0.597857,0.577734,0.536646,0.598401,0.606317
n10,dom-tech,bm-dom-tech-n10,70ef111d-257c-412b-aeb8-cdcbec935fca,agent_theta,49.724,3,0,evidence,0.739796,-0.700683,0.08578,0.739796,0.736043,0.610503,0.689016,0.721447
n10,dom-tech,bm-dom-tech-n10,a6caac2d-26a4-43ed-abe4-d1f5fe917390,agent_kappa,50.629,3,0,evidence,0.735013,-0.459544,-0.015014,0.735013,0.732586,0.650928,0.705571,0.728345
n10,dom-tech,bm-dom-tech-n10,fe1f9ae3-97d7-4d58-b8b3-75578dc1d687,agent_theta,50.726,3,0,evidence,0.700449,-0.392149,-0.007902,0.700449,0.696352,0.640593,0.671982,0.695215
n10,dom-tech,bm-dom-tech-n10,e9f37f8e-ce31-474d-b7e7-8658972ebd5d,agent_epsilon,51.329,3,0,evidence,0.723661,-0.234081,0.116197,0.723661,0.702389,0.641911,0.695238,0.718929
n10,dom-tech,bm-dom-tech-n10,4cf13a5b-c433-43a2-858c-0dd3cf4ffb9c,agent_kappa,51.382,3,0,evidence,0.566941,-0.609424,0.442144,0.566941,0.547278,0.459321,0.551827,0.543483
n10,dom-tech,bm-dom-tech-n10,21d3a3e3-0ca1-489e-8ca3-1d4c22e7a387,agent_zeta,51.408,3,0,evidence,0.630245,-0.162979,0.105735,0.630245,0.604903,0.539273,0.605467,0.626938
n10,dom-tech,bm-dom-tech-n10,2a77b185-daf0-48b1-aeb8-d00fa7543322,agent_alpha,51.446,3,0,testing,0.422102,-0.729213,-0.270887,0.356706,0.422102,0.332053,0.402967,0.374226
n10,dom-tech,bm-dom-tech-n10,63fd9a89-207e-4a0d-b89b-9b54c25e927a,agent_theta,51.782,3,0,testing,0.627506,-0.602785,-0.018758,0.626988,0.627506,0.541225,0.59878,0.615732
n10,dom-tech,bm-dom-tech-n10,bd4ec0de-afdf-489f-aca8-68aaddac5695,agent_epsilon,52.106,3,0,evidence,0.726571,-0.121372,0.060657,0.726571,0.70202,0.644663,0.697279,0.724434
n10,dom-tech,bm-dom-tech-n10,f1c6fea7-6364-4b54-9295-c1bab82fea9c,agent_kappa,52.333,3,0,evidence,0.671357,-0.359108,0.168154,0.671357,0.651085,0.583208,0.636135,0.663384
n10,dom-tech,bm-dom-tech-n10,3235fdb0-2348-4c98-ba5b-0bde3574d9ee,agent_theta,52.867,3,0,testing,0.740642,-0.640326,-0.292402,0.713564,0.740642,0.597449,0.717963,0.71816
n10,dom-tech,bm-dom-tech-n10,e8dd7ae9-ffe2-4ebf-9377-a00c339364ac,agent_zeta,53.3,3,0,testing,0.60934,-0.757088,0.068897,0.609015,0.60934,0.453535,0.586839,0.581871
n10,dom-tech,bm-dom-tech-n10,2a9a3b21-d414-4044-8b6f-5915d0f655a6,agent_epsilon,53.604,3,0,testing,0.753978,-0.648392,-0.230266,0.741864,0.753978,0.619543,0.7198,0.735679
n10,dom-tech,bm-dom-tech-n10,b7011b8a-b91a-442f-b58b-524454ddc3eb,agent_theta,53.677,3,0,evidence,0.669384,-0.792565,0.188467,0.669384,0.662935,0.530647,0.624723,0.63897
n10,dom-tech,bm-dom-tech-n10,c8c56a60-2854-4c94-9ed8-4aa073346ba9,agent_kappa,53.798,3,0,evidence,0.665725,-0.227171,0.208997,0.665725,0.63028,0.569091,0.646326,0.660007
n10,dom-tech,bm-dom-tech-n10,b79575b5-cb7a-4a21-9950-9c0196d2afaa,agent_zeta,54.108,3,0,testing,0.523184,-0.763176,-0.274853,0.506696,0.523184,0.415726,0.486383,0.493661
n10,dom-tech,bm-dom-tech-n10,281454de-f0e8-47a0-bca1-62c64dea5703,agent_epsilon,54.212,3,0,testing,0.763957,-0.444018,-0.136647,0.758271,0.763957,0.622802,0.741314,0.756099
n10,dom-tech,bm-dom-tech-n10,8338f647-3d93-4dc2-9e04-f749f6766259,agent_kappa,54.383,3,0,testing,0.66164,-0.800972,-0.175923,0.651914,0.66164,0.548623,0.616906,0.628223
n10,dom-tech,bm-dom-tech-n10,9e96f988-4bfe-4af2-8ad5-cd2ad0449078,agent_theta,54.663,3,0,evidence,0.684985,-0.617636,0.129142,0.684985,0.682516,0.551589,0.668971,0.668748
n10,dom-tech,bm-dom-tech-n10,7f9b3cfd-1793-4b95-b0da-3c558264ee67,agent_zeta,54.972,3,0,evidence,0.507953,-0.337844,0.374972,0.507953,0.494869,0.418312,0.50382,0.497721
n10,dom-tech,bm-dom-tech-n10,fac0487e-d35a-4a37-bf75-5a32df84bc6c,agent_epsilon,55.083,3,0,evidence,0.765685,-0.242142,0.001523,0.765685,0.757131,0.633477,0.739858,0.763154
n10,dom-tech,bm-dom-tech-n10,8e547ef0-0a7d-4144-861e-21ae3e743da3,agent_kappa,55.562,3,0,evidence,0.63286,-0.540434,0.396084,0.63286,0.605789,0.495186,0.613058,0.615923
n10,dom-tech,bm-dom-tech-n10,cb6c87f3-5011-4742-9a8a-dda1401ce3eb,agent_theta,55.78,3,0,evidence,0.515753,-0.52824,0.241516,0.515753,0.514147,0.442347,0.510886,0.499459
n10,dom-tech,bm-dom-tech-n10,c6ff25fe-f27b-4c90-931f-434f0504cef4,agent_zeta,55.968,3,0,evidence,0.624396,-0.335256,0.180373,0.624396,0.60543,0.551106,0.60046,0.616909
n10,dom-tech,bm-dom-tech-n10,c3fd937b-de35-4524-9400-3a29a1b2e5b7,agent_epsilon,56.019,3,0,evidence,0.719044,-0.396601,0.081185,0.719044,0.71391,0.572496,0.703048,0.712449
n10,dom-tech,bm-dom-tech-n10,0b1dbdc9-9520-4c3f-8df7-483041987877,agent_kappa,56.861,3,0,evidence,0.603766,-0.434612,0.317752,0.603766,0.587822,0.504764,0.59111,0.591508
n10,dom-tech,bm-dom-tech-n10,0724e572-cf9c-49b6-9b05-5c54bc69fa05,agent_zeta,57.187,3,0,risk,0.759605,-0.095596,-0.038184,0.758685,0.749305,0.635226,0.738714,0.759605
n10,dom-tech,bm-dom-tech-n10,7dd68495-cb72-44e6-a69f-bbca2aae58aa,agent_kappa,57.391,3,0,risk,0.696922,0.239065,-0.083945,0.68897,0.669779,0.607882,0.680693,0.696922
n10,dom-tech,bm-dom-tech-n10,adc7dde8-f32f-4bb2-8a55-46d8ff92db46,agent_epsilon,57.536,3,0,evidence,0.76698,-0.593811,0.296086,0.76698,0.747654,0.618519,0.730452,0.750501
n10,dom-tech,bm-dom-tech-n10,9c30e598-89cf-41be-ac50-458f38e3cfa9,agent_zeta,58.086,3,0,evidence,0.607076,-0.419912,0.281664,0.607076,0.578073,0.514274,0.580919,0.596081
