scale,condition,run_name,post_id,author_name,minutes_elapsed,bin_idx,in_family,top_topic,top_similarity,anchor_x,anchor_y,sim_evidence,sim_testing,sim_ownership,sim_time,sim_risk
n10,mag0,ec-mag0-n10-run01,c5c0ec0f-6b6d-47c9-a830-27f4bb778e1b,agent_beta,0.0,0,0,evidence,0.750264,-0.849032,0.54962,0.750264,0.663303,0.667097,0.663932,0.666768
n10,mag0,ec-mag0-n10-run01,0e12a556-6471-4b33-abdf-3fcfb144e554,agent_epsilon,0.249,0,0,time,0.511946,0.01261,0.729988,0.467894,0.489437,0.486773,0.511946,0.483022
n10,mag0,ec-mag0-n10-run01,49dd6b91-c2de-4181-b225-6cecdefd52e6,agent_kappa,0.359,0,0,time,0.669772,0.129095,0.554428,0.651393,0.623684,0.642679,0.669772,0.659048
n10,mag0,ec-mag0-n10-run01,909c4468-2c21-4cf6-8788-3dc085b14bb0,agent_theta,0.376,0,0,time,0.554304,-0.009708,0.617243,0.528594,0.539949,0.541282,0.554304,0.517057
n10,mag0,ec-mag0-n10-run01,f3099a8d-b7c0-4912-b65f-726171bab930,agent_gamma,0.552,0,0,evidence,0.727794,-0.762635,0.510557,0.727794,0.66946,0.685276,0.678428,0.694744
n10,mag0,ec-mag0-n10-run01,d13af0c7-a4a9-4c99-9a34-c443a94fd70a,agent_alpha,0.622,0,0,time,0.647949,-0.200453,0.704392,0.641033,0.616482,0.620423,0.647949,0.622897
n10,mag0,ec-mag0-n10-run01,270eaaad-db58-44bf-82d3-f27da080eba7,agent_delta,0.627,0,0,testing,0.657376,-0.303576,0.082419,0.578244,0.657376,0.646201,0.650205,0.617349
n10,mag0,ec-mag0-n10-run01,69f490fe-bab1-4de1-96db-0e3897be17d1,agent_eta,1.03,0,0,risk,0.620362,0.635312,-0.319486,0.595441,0.595162,0.60361,0.581076,0.620362
n10,mag0,ec-mag0-n10-run01,5bbe024d-b2e9-4a04-9633-c7599fef9ccd,agent_iota,1.035,0,0,evidence,0.773579,-0.840764,0.547931,0.773579,0.704815,0.715327,0.712029,0.708288
n10,mag0,ec-mag0-n10-run01,fdc58963-a2ae-4aba-b86a-8cb9ffa06732,agent_epsilon,1.117,0,0,time,0.668628,-0.184386,0.447257,0.61788,0.661559,0.643598,0.668628,0.640704
n10,mag0,ec-mag0-n10-run01,a1c9cd0d-6967-4135-942d-fe4dcfd4a1d8,agent_zeta,1.348,0,0,ownership,0.607614,0.366181,0.098114,0.575194,0.599777,0.607614,0.585707,0.596556
n10,mag0,ec-mag0-n10-run01,c1b72137-e0af-4b00-88e6-535adc43788f,agent_beta,1.604,0,0,evidence,0.627247,-0.843984,0.550949,0.627247,0.550843,0.548071,0.574757,0.552578
n10,mag0,ec-mag0-n10-run01,a4fe01af-864d-447f-bab4-c8a0121ef474,agent_theta,1.641,0,1,testing,0.68325,-0.019555,-0.065847,0.65348,0.68325,0.679503,0.664095,0.67163
n10,mag0,ec-mag0-n10-run01,93f93ed7-956f-4b42-b5fe-92458e8542b5,agent_gamma,1.738,0,0,evidence,0.678912,-0.446938,0.493341,0.678912,0.639504,0.661623,0.659293,0.654932
n10,mag0,ec-mag0-n10-run01,121af7ce-6c6f-4967-8715-4635f5d23615,agent_delta,1.788,0,0,time,0.681934,0.154106,0.572656,0.615725,0.667473,0.674917,0.681934,0.654964
n10,mag0,ec-mag0-n10-run01,5f1ed68f-eeb6-4992-9cfe-e804341638f3,agent_alpha,1.976,0,0,testing,0.649067,-0.237421,-0.078319,0.618662,0.649067,0.643322,0.619198,0.607879
n10,mag0,ec-mag0-n10-run01,6ea9da51-1db3-4876-98ec-d586174b938a,agent_eta,2.136,0,0,time,0.606386,0.085929,0.338362,0.588065,0.596062,0.594242,0.606386,0.598354
n10,mag0,ec-mag0-n10-run01,050d925f-9d81-435e-98a6-7ace38e3625f,agent_kappa,2.376,0,0,time,0.731026,0.027583,0.715798,0.687327,0.710037,0.71107,0.731026,0.699306
n10,mag0,ec-mag0-n10-run01,a6f553a1-dff9-452f-bc4e-0751fbf5a635,agent_epsilon,2.567,0,0,testing,0.69246,-0.596837,-0.310545,0.620406,0.69246,0.667364,0.666308,0.664913
n10,mag0,ec-mag0-n10-run01,e8eff5e3-d292-4dcb-bb87-1c81eb22eb50,agent_beta,2.85,0,0,evidence,0.787838,-0.838528,0.55182,0.787838,0.722004,0.721332,0.741739,0.713102
n10,mag0,ec-mag0-n10-run01,c40ffb5a-d5f1-40e9-a44a-92b0c8585a87,agent_gamma,2.879,0,0,risk,0.68996,0.64437,-0.321336,0.670264,0.631929,0.667294,0.651635,0.68996
n10,mag0,ec-mag0-n10-run01,b53d6462-eb0d-4185-a60a-65b3a98188eb,agent_theta,3.403,0,0,testing,0.688521,-0.370408,0.101765,0.645257,0.688521,0.670772,0.683543,0.657325
n10,mag0,ec-mag0-n10-run01,e7a3fb79-6a72-4f27-94a9-0c25d93cc106,agent_zeta,3.461,0,0,risk,0.684597,0.759236,-0.107346,0.617617,0.660762,0.682538,0.644833,0.684597
n10,mag0,ec-mag0-n10-run01,85964346-8a5b-44af-98bb-31133c440e98,agent_alpha,3.501,0,1,testing,0.608463,-0.335896,-0.000578,0.575997,0.608463,0.597996,0.596194,0.567257
n10,mag0,ec-mag0-n10-run01,580989ce-0998-437d-8744-3e3b127baac2,agent_delta,3.508,0,0,time,0.616506,0.179275,0.444713,0.580694,0.6092,0.616163,0.616506,0.591598
n10,mag0,ec-mag0-n10-run01,50365b4e-326b-443c-ba70-91f3da5049f4,agent_eta,3.755,0,0,ownership,0.56264,0.188472,0.156499,0.555099,0.554279,0.56264,0.542639,0.554817
n10,mag0,ec-mag0-n10-run01,3ff90a18-5c8b-4d2c-8045-e9073b680038,agent_gamma,3.791,0,0,time,0.700175,-0.001904,0.746919,0.669837,0.676763,0.67764,0.700175,0.667053
n10,mag0,ec-mag0-n10-run01,f6a90003-6561-422d-94f5-b78e16e0486d,agent_iota,3.838,0,0,evidence,0.734493,-0.84799,0.549078,0.734493,0.640583,0.656188,0.638504,0.662569
n10,mag0,ec-mag0-n10-run01,316a4a40-0dfc-418c-9455-a289417bfbb8,agent_epsilon,3.886,0,1,testing,0.768401,-0.596262,-0.103534,0.754514,0.768401,0.747061,0.748128,0.737726
n10,mag0,ec-mag0-n10-run01,56341848-229e-4d81-87cd-1fd620b762f9,agent_theta,4.124,0,1,testing,0.747917,-0.072193,-0.039988,0.701391,0.747917,0.744764,0.725469,0.72617
n10,mag0,ec-mag0-n10-run01,24b7e576-807b-4075-af68-6554208f4017,agent_kappa,4.239,0,0,risk,0.777507,0.401496,0.01323,0.75947,0.74688,0.746604,0.77075,0.777507
n10,mag0,ec-mag0-n10-run01,c5b8724d-1117-4d7d-97b2-f6d365eecc9d,agent_delta,4.396,0,0,ownership,0.62094,0.058071,0.20364,0.562476,0.619376,0.62094,0.612581,0.579434
n10,mag0,ec-mag0-n10-run01,1bebac5e-04a5-41f4-b0a3-e4d37c646603,agent_beta,4.906,0,0,evidence,0.764763,-0.829738,0.504888,0.764763,0.733238,0.703809,0.715084,0.714983
n10,mag0,ec-mag0-n10-run01,5e9e60c9-7049-4927-ab40-31bfa399a088,agent_zeta,4.948,0,0,testing,0.65324,-0.062277,-0.052144,0.560748,0.65324,0.649984,0.630409,0.63318
n10,mag0,ec-mag0-n10-run01,c375d361-fa6e-443b-8f2a-de95a3843809,agent_alpha,4.954,0,0,testing,0.775316,-0.804434,-0.393995,0.702339,0.775316,0.729519,0.741734,0.696647
n10,mag0,ec-mag0-n10-run01,5e357604-ca02-491e-ae4a-8bb036c52975,agent_kappa,5.15,0,0,time,0.734632,0.021218,0.827568,0.693199,0.69831,0.690684,0.734632,0.706117
n10,mag0,ec-mag0-n10-run01,a2898c52-5a0f-4906-9de8-6db3900646ea,agent_epsilon,5.211,0,0,testing,0.77276,-0.551245,-0.007154,0.695104,0.77276,0.73817,0.764777,0.719302
n10,mag0,ec-mag0-n10-run01,ea59bbaf-45b4-4165-95ba-1a6302e04c26,agent_theta,5.443,0,0,evidence,0.644161,-0.653583,0.510892,0.644161,0.610113,0.623711,0.59503,0.583812
n10,mag0,ec-mag0-n10-run01,eaf35ab7-51dc-4894-b86f-23028cd7e361,agent_delta,5.739,0,0,testing,0.665665,-0.111804,0.261776,0.595043,0.665665,0.659842,0.665587,0.642042
n10,mag0,ec-mag0-n10-run01,d9a1abbf-fc11-4cf1-b7ab-7323f46892f8,agent_eta,5.745,0,0,testing,0.67416,-0.667581,-0.373672,0.621209,0.67416,0.647913,0.631927,0.642434
n10,mag0,ec-mag0-n10-run01,9ca975aa-f367-4e88-a23d-3c783c25d4f3,agent_iota,5.76,0,0,evidence,0.714311,-0.778087,0.53896,0.714311,0.648373,0.677517,0.671778,0.670248
n10,mag0,ec-mag0-n10-run01,35c50ab0-bc7a-4be6-9cdf-cd84103a9870,agent_gamma,5.875,0,0,risk,0.725587,0.306996,0.015671,0.715622,0.675027,0.686323,0.716128,0.725587
n10,mag0,ec-mag0-n10-run01,ab40ccd2-e8f9-4789-9039-85ba70f9d01b,agent_alpha,5.96,0,0,risk,0.649937,0.156811,0.197156,0.644784,0.637839,0.642664,0.647788,0.649937
n10,mag0,ec-mag0-n10-run01,552d246b-c853-4939-8507-e32ab08d035f,agent_epsilon,6.348,0,0,testing,0.769535,-0.782995,-0.429027,0.700005,0.769535,0.729381,0.716246,0.730763
n10,mag0,ec-mag0-n10-run01,bf823c5e-b06a-4104-9072-c9b3d504519c,agent_kappa,6.37,0,0,risk,0.757077,0.495264,-0.226729,0.743786,0.715673,0.735485,0.724005,0.757077
n10,mag0,ec-mag0-n10-run01,2e29af02-3bd1-41ef-8db6-6d3f3de14dcf,agent_beta,6.489,0,0,time,0.752434,-0.131471,0.816177,0.732009,0.725743,0.698448,0.752434,0.703135
n10,mag0,ec-mag0-n10-run01,345c2ecc-3d80-41f2-9bf0-e758e2e7a1f5,agent_zeta,6.529,0,1,evidence,0.671466,-0.527003,0.462862,0.671466,0.637161,0.646003,0.650668,0.649921
n10,mag0,ec-mag0-n10-run01,a6fb0aff-32de-4386-965d-9147c21ce0c5,agent_eta,7.062,0,0,testing,0.639641,-0.722883,-0.288526,0.60396,0.639641,0.602001,0.616651,0.596798
n10,mag0,ec-mag0-n10-run01,561a1eab-89b7-4c81-8cc0-aff2e8873ad3,agent_alpha,7.157,0,0,risk,0.687577,0.531026,-0.268463,0.669136,0.654169,0.651675,0.665845,0.687577
n10,mag0,ec-mag0-n10-run01,f8aad4ea-9984-4699-ac8b-f61c532cbc65,agent_iota,7.262,0,0,risk,0.81178,0.444335,-0.00576,0.800502,0.788148,0.80533,0.794335,0.81178
n10,mag0,ec-mag0-n10-run01,4968d2ea-12f8-44ad-9a3a-e464ea7e9208,agent_theta,7.288,0,0,testing,0.778642,-0.742266,-0.338064,0.716281,0.778642,0.744989,0.751293,0.7205
n10,mag0,ec-mag0-n10-run01,444f8401-78c8-4dda-b940-b18652a31db3,agent_kappa,7.369,0,0,time,0.76812,0.118994,0.690919,0.7065,0.730758,0.724777,0.76812,0.751196
n10,mag0,ec-mag0-n10-run01,5310e77e-d1f3-4aac-a8a5-a5c28e6cee8d,agent_delta,7.587,0,0,testing,0.739694,-0.431482,-0.063995,0.655641,0.739694,0.722211,0.728132,0.709043
n10,mag0,ec-mag0-n10-run01,1ea9f339-5c75-434a-b62c-f56a61864b0d,agent_epsilon,7.698,0,0,time,0.708394,-0.122209,0.757051,0.674949,0.689294,0.660362,0.708394,0.651422
n10,mag0,ec-mag0-n10-run01,0f021677-63f9-4700-912b-f6219047493a,agent_eta,8.016,0,0,time,0.711972,-0.111897,0.261802,0.668632,0.711617,0.705237,0.711972,0.691129
n10,mag0,ec-mag0-n10-run01,b5d7ff3d-718b-4fcf-b58b-89210df19928,agent_alpha,8.021,0,0,testing,0.725204,-0.369571,-0.306406,0.659827,0.725204,0.70908,0.68992,0.708395
n10,mag0,ec-mag0-n10-run01,6c374669-7aaf-4257-824b-bed9b703d7cc,agent_zeta,8.097,0,0,risk,0.695262,0.479759,-0.241423,0.64784,0.685194,0.68684,0.668263,0.695262
n10,mag0,ec-mag0-n10-run01,6930722f-60cb-4eb0-b1e3-d5fab82e1880,agent_epsilon,8.478,0,0,testing,0.63069,-0.451648,0.046639,0.606951,0.63069,0.595164,0.624874,0.60879
n10,mag0,ec-mag0-n10-run01,47378cd0-0f59-4cc5-99d0-0689c0da7521,agent_kappa,8.531,0,0,time,0.655466,0.064336,0.625846,0.638128,0.622682,0.634209,0.655466,0.639952
n10,mag0,ec-mag0-n10-run01,d901e1db-ab62-40ba-a396-cb2cb8332df8,agent_iota,8.596,0,0,evidence,0.702522,-0.849879,0.549932,0.702522,0.602929,0.602983,0.587774,0.593374
n10,mag0,ec-mag0-n10-run01,bc957bae-781e-4d6b-bd94-aacc42fa0c62,agent_gamma,8.625,0,0,time,0.772489,0.126248,0.62461,0.742439,0.739982,0.745111,0.772489,0.757741
n10,mag0,ec-mag0-n10-run01,a98b418c-1afa-4b84-b2d4-c89c19939bed,agent_delta,8.819,0,0,time,0.706021,-0.019753,0.80069,0.618857,0.681729,0.674801,0.706021,0.665556
n10,mag0,ec-mag0-n10-run01,9ea65665-f2df-4dae-a93a-3233830a4582,agent_eta,8.848,0,0,testing,0.672112,-0.030441,0.011643,0.626059,0.672112,0.671213,0.64599,0.634649
n10,mag0,ec-mag0-n10-run01,b0a2cc70-2c5b-4ba7-99c1-3ba6d346a59e,agent_alpha,8.931,0,0,ownership,0.581499,0.480363,0.077311,0.522928,0.571224,0.581499,0.547463,0.57076
n10,mag0,ec-mag0-n10-run01,1a05b393-cbdb-4cfe-acf6-9416a30088a3,agent_beta,8.942,0,0,evidence,0.802495,-0.477826,0.293756,0.802495,0.776651,0.770801,0.758818,0.788824
n10,mag0,ec-mag0-n10-run01,394bc55a-8e53-4a73-92ad-760b570e90b4,agent_theta,9.058,0,0,evidence,0.765774,-0.409295,0.539412,0.765774,0.736377,0.746089,0.756532,0.742728
n10,mag0,ec-mag0-n10-run01,38114fc6-1edb-4790-9a27-404a009bfd42,agent_kappa,9.48,0,0,evidence,0.723625,-0.424872,0.668809,0.723625,0.695085,0.687651,0.722025,0.691758
n10,mag0,ec-mag0-n10-run01,1928ecda-679e-4236-a610-ebf2edfd8b5d,agent_zeta,9.667,0,0,testing,0.63634,-0.103406,-0.247939,0.608932,0.63634,0.623932,0.612481,0.630076
n10,mag0,ec-mag0-n10-run01,8fe2c59b-f068-4dd5-9859-a7438add5228,agent_gamma,9.781,0,0,risk,0.755184,0.597357,-0.285071,0.731075,0.723883,0.726883,0.734354,0.755184
n10,mag0,ec-mag0-n10-run01,f02a5359-de7f-42e8-a2d7-360986d853c8,agent_iota,9.858,0,0,evidence,0.724881,-0.849184,0.549642,0.724881,0.633336,0.642043,0.618919,0.640453
n10,mag0,ec-mag0-n10-run01,51ec2ef7-44a1-4bca-a48e-f264bd4f5c01,agent_beta,9.878,0,0,testing,0.838883,-0.774042,-0.407505,0.791615,0.838883,0.795086,0.799658,0.802083
n10,mag0,ec-mag0-n10-run01,ef1c1950-51a8-416e-a9d7-e3de25f03ef9,agent_alpha,10.0,0,0,time,0.685812,-0.093118,0.597095,0.659778,0.672132,0.663413,0.685812,0.657432
n10,mag0,ec-mag0-n10-run01,cd141849-4c08-4a83-879c-da70aa732264,agent_epsilon,10.038,0,0,testing,0.727188,-0.5211,-0.328589,0.650764,0.727188,0.705839,0.695246,0.704759
n10,mag0,ec-mag0-n10-run01,a758faf5-3cea-4c0e-92d1-32bff33cd0ad,agent_eta,10.047,0,0,evidence,0.72222,-0.68071,0.472676,0.72222,0.670885,0.689776,0.664476,0.695752
n10,mag0,ec-mag0-n10-run01,cd422b44-592e-4c77-aeee-31fbd3e7e593,agent_theta,10.399,0,0,testing,0.73668,-0.10705,0.138131,0.667127,0.73668,0.733079,0.729297,0.700167
n10,mag0,ec-mag0-n10-run01,9a056b32-8108-4587-9353-3ccda837b99e,agent_kappa,10.505,0,0,time,0.702022,0.014289,0.590712,0.663893,0.688013,0.687508,0.702022,0.673972
n10,mag0,ec-mag0-n10-run01,ebd7055b-7193-4cbf-ab5e-d068c28f7037,agent_delta,10.768,0,0,testing,0.752026,-0.717656,-0.297154,0.709478,0.752026,0.714483,0.7292,0.710354
n10,mag0,ec-mag0-n10-run01,30915056-fb37-4db0-8cb7-5bb288852cff,agent_iota,11.011,0,0,evidence,0.723192,-0.815871,0.538626,0.723192,0.660224,0.679422,0.639903,0.674711
n10,mag0,ec-mag0-n10-run01,cf296e2b-c853-4c17-aad8-cc664a0c03aa,agent_gamma,11.067,0,0,evidence,0.737252,-0.849123,0.549629,0.737252,0.654331,0.65515,0.651305,0.649335
n10,mag0,ec-mag0-n10-run01,23fbccd9-4347-4d2c-8249-31dda73349f4,agent_alpha,11.267,0,0,time,0.73137,-0.281285,0.325028,0.663475,0.728198,0.699753,0.73137,0.705551
n10,mag0,ec-mag0-n10-run01,a6614ad1-5518-4852-960c-80f8cf1a2916,agent_beta,11.515,0,0,testing,0.726207,-0.598752,-0.086252,0.698258,0.726207,0.68833,0.714675,0.691448
n10,mag0,ec-mag0-n10-run01,1f28605f-7cf0-4099-8733-0836cf796fb0,agent_delta,11.553,0,0,testing,0.73264,-0.599984,-0.137447,0.665563,0.73264,0.703663,0.71919,0.686268
n10,mag0,ec-mag0-n10-run01,28167500-1b3a-4e66-b67c-0ff647f6213a,agent_kappa,11.614,0,0,time,0.708833,0.003304,0.879552,0.675301,0.665996,0.67538,0.708833,0.668547
n10,mag0,ec-mag0-n10-run01,771115b7-cb54-46c4-a111-0f98cb34d98e,agent_theta,11.616,0,1,testing,0.769875,-0.382579,0.015441,0.717118,0.769875,0.73281,0.764579,0.752378
n10,mag0,ec-mag0-n10-run01,f1b57188-a10e-47eb-aaaa-34ae85a9e90a,agent_zeta,11.715,0,0,evidence,0.677284,-0.538899,0.479415,0.677284,0.638949,0.659758,0.634249,0.647379
n10,mag0,ec-mag0-n10-run01,fc04b772-4257-4a06-a87e-d57c399e1bc9,agent_epsilon,11.783,0,0,testing,0.74293,-0.816228,-0.405147,0.660195,0.74293,0.679137,0.708557,0.684248
n10,mag0,ec-mag0-n10-run01,14a0fb9c-81fe-4df4-b6c0-078e20fcc044,agent_alpha,12.504,0,0,time,0.733339,-0.07446,0.406723,0.690832,0.727178,0.720792,0.733339,0.710242
n10,mag0,ec-mag0-n10-run01,3d359cc1-664a-4425-a59e-801594341d79,agent_theta,12.622,0,0,ownership,0.777367,0.022106,0.160792,0.733372,0.777172,0.777367,0.769123,0.748852
n10,mag0,ec-mag0-n10-run01,b2714dbe-5e02-4c5c-865a-0fbc75237e8b,agent_iota,12.651,0,0,testing,0.69723,-0.512518,-0.20923,0.682341,0.69723,0.679331,0.643455,0.677195
n10,mag0,ec-mag0-n10-run01,f148161f-46fc-4e60-849f-30e92e64983e,agent_kappa,12.724,0,0,time,0.71494,0.005512,0.926025,0.658931,0.661733,0.664749,0.71494,0.667394
n10,mag0,ec-mag0-n10-run01,dfb98c69-f632-4d8a-b2c7-05c5affdc0d3,agent_gamma,12.778,0,0,evidence,0.647294,-0.799234,0.544242,0.647294,0.589507,0.607978,0.603293,0.594921
n10,mag0,ec-mag0-n10-run01,ac65acca-28a6-4a8a-b9aa-d8be2bf7ece4,agent_eta,12.794,0,0,risk,0.641733,0.77928,-0.469148,0.601972,0.60279,0.611027,0.598441,0.641733
n10,mag0,ec-mag0-n10-run01,b5b4e49a-a234-4865-afe3-884422cc44fb,agent_delta,12.864,0,0,testing,0.659114,-0.726272,-0.377843,0.593786,0.659114,0.631449,0.617283,0.611672
n10,mag0,ec-mag0-n10-run01,41be66cf-ad89-406f-97a6-a45f4d3f310e,agent_epsilon,12.932,0,0,testing,0.795139,-0.795629,-0.367755,0.711357,0.795139,0.72701,0.767309,0.733205
n10,mag0,ec-mag0-n10-run01,c3fb57ed-252b-446e-ac05-3c06bea506fe,agent_alpha,13.271,0,0,risk,0.744787,0.553072,-0.184592,0.690443,0.729031,0.733836,0.727668,0.744787
n10,mag0,ec-mag0-n10-run01,b1e780c0-dfc5-41fe-ba60-fd4941a114be,agent_beta,13.344,0,0,evidence,0.739517,-0.834799,0.542275,0.739517,0.668398,0.680509,0.655375,0.688658
n10,mag0,ec-mag0-n10-run01,284c9f5f-e0c1-4515-b558-76a62f416c74,agent_zeta,13.524,0,0,evidence,0.66701,-0.499268,0.482825,0.66701,0.625801,0.651569,0.619433,0.636536
n10,mag0,ec-mag0-n10-run01,70935530-6931-4c27-beaf-6e9ee8f94c23,agent_theta,13.61,0,0,time,0.707903,0.138199,0.203088,0.644886,0.701511,0.695763,0.707903,0.70332
n10,mag0,ec-mag0-n10-run01,6ecf57da-86ea-4b71-b2e2-b56c6a148b14,agent_kappa,13.654,0,0,evidence,0.65843,-0.56556,0.517641,0.65843,0.611747,0.615389,0.642789,0.635958
n10,mag0,ec-mag0-n10-run01,6cdb361f-03a4-4c55-b68c-ebe84de6eaef,agent_delta,13.677,0,0,time,0.618737,0.027473,0.310226,0.556723,0.61466,0.611933,0.618737,0.604412
n10,mag0,ec-mag0-n10-run01,57a7e4e7-4782-4db4-9b10-5f64f123ccd2,agent_iota,14.004,0,0,evidence,0.746693,-0.170184,0.064371,0.746693,0.737997,0.733021,0.718011,0.742857
n10,mag0,ec-mag0-n10-run01,8ad9ba08-7113-4cdc-9c7f-c3c2a610a596,agent_alpha,14.614,0,0,risk,0.704479,0.1996,-0.372821,0.643096,0.700052,0.678892,0.683422,0.704479
n10,mag0,ec-mag0-n10-run01,66e13698-f216-4b80-b3c1-164d5311f541,agent_beta,14.638,0,0,testing,0.821428,-0.766063,-0.290129,0.797422,0.821428,0.780799,0.793224,0.776516
n10,mag0,ec-mag0-n10-run01,7282b202-3b10-4864-86a1-fa0548fa57a3,agent_theta,14.667,0,0,testing,0.768502,-0.219798,0.001729,0.703486,0.768502,0.761385,0.755372,0.737239
n10,mag0,ec-mag0-n10-run01,92919336-4800-43fe-896b-f624782d4ada,agent_delta,14.73,0,0,testing,0.704827,-0.612662,-0.09942,0.646811,0.704827,0.658972,0.693817,0.661596
n10,mag0,ec-mag0-n10-run01,3bbd3495-fc65-4572-991e-9deddf5add6b,agent_kappa,14.745,0,0,evidence,0.639369,-0.7493,0.543676,0.639369,0.591133,0.604869,0.60786,0.594858
n10,mag0,ec-mag0-n10-run01,25de3608-2d19-41f8-9211-76876158e4bc,agent_eta,15.073,1,0,testing,0.73177,-0.748788,-0.334747,0.698153,0.73177,0.693666,0.702808,0.691309
n10,mag0,ec-mag0-n10-run01,968d7e64-564d-4e00-8b3e-8fa776479d13,agent_iota,15.229,1,0,evidence,0.715921,-0.833468,0.539143,0.715921,0.66487,0.664198,0.632714,0.660923
n10,mag0,ec-mag0-n10-run01,938fbb40-f9ac-4723-8b29-7c666315e496,agent_zeta,15.566,1,0,testing,0.746075,-0.156168,-0.142717,0.729772,0.746075,0.738657,0.709964,0.735411
n10,mag0,ec-mag0-n10-run01,cb099e41-c53a-489c-b492-89c8d3947ee4,agent_epsilon,15.655,1,0,time,0.716443,-0.15866,0.650015,0.7093,0.695557,0.700397,0.716443,0.688661
n10,mag0,ec-mag0-n10-run01,25023b29-b351-49c1-acbb-beaf30bc1352,agent_gamma,15.689,1,0,evidence,0.654346,-0.838683,0.548953,0.654346,0.584434,0.592866,0.602118,0.591644
n10,mag0,ec-mag0-n10-run01,2380fb40-79b7-4f77-99ed-863ecc225874,agent_alpha,15.955,1,0,evidence,0.765391,-0.839155,0.546914,0.765391,0.701818,0.702353,0.710374,0.705772
n10,mag0,ec-mag0-n10-run01,857ee9f9-5f82-44b7-b5a7-95663c98de3f,agent_kappa,16.019,1,0,risk,0.725623,0.299191,0.08077,0.715243,0.677556,0.693382,0.719133,0.725623
n10,mag0,ec-mag0-n10-run01,48fe028d-5d4b-4f6a-a75a-eee8d02d8498,agent_theta,16.033,1,0,testing,0.827692,-0.413857,0.2409,0.821507,0.827692,0.80707,0.825997,0.80709
n10,mag0,ec-mag0-n10-run01,35bc4d92-d68a-406f-9ec9-9a0c9f55a8f9,agent_beta,16.06,1,0,testing,0.797242,-0.165472,-0.355103,0.771424,0.797242,0.772046,0.769949,0.792684
n10,mag0,ec-mag0-n10-run01,98ece0b8-8c9b-4508-bcaf-268ad4e43031,agent_delta,16.191,1,1,testing,0.800347,-0.822647,-0.42404,0.707617,0.800347,0.751349,0.757845,0.737646
n10,mag0,ec-mag0-n10-run01,d1baa2e3-c7d1-4d37-8ea7-a2f2617d4413,agent_iota,16.568,1,0,evidence,0.707461,-0.847642,0.549622,0.707461,0.613209,0.625736,0.638364,0.633413
n10,mag0,ec-mag0-n10-run01,8bf1070e-d6f5-4a77-8737-40e6a3959c3e,agent_alpha,16.954,1,0,testing,0.734379,-0.781125,-0.367987,0.660835,0.734379,0.689014,0.705519,0.681031
n10,mag0,ec-mag0-n10-run01,f2925671-6e44-49e9-a564-81c20405ecd9,agent_epsilon,16.972,1,0,testing,0.632854,-0.526077,0.02902,0.590099,0.632854,0.598085,0.62606,0.590147
n10,mag0,ec-mag0-n10-run01,44940f9a-07d4-4c1d-903d-dff8f1f55f38,agent_eta,17.05,1,0,testing,0.73035,-0.133681,-0.260544,0.705987,0.73035,0.704974,0.714978,0.726547
n10,mag0,ec-mag0-n10-run01,c11a14a4-1b37-445f-b3e6-364b63d2f703,agent_theta,17.12,1,0,time,0.808599,0.034288,0.365945,0.793658,0.796274,0.790483,0.808599,0.800344
n10,mag0,ec-mag0-n10-run01,a1b09265-5c87-4818-a2d5-7a5831abcfc8,agent_delta,17.244,1,0,testing,0.726948,-0.782574,-0.402911,0.668392,0.726948,0.689324,0.687381,0.679868
n10,mag0,ec-mag0-n10-run01,845e013d-ad10-4bcc-88c2-09948ed91d9a,agent_gamma,17.272,1,0,evidence,0.693592,-0.828424,0.545721,0.693592,0.618294,0.63511,0.645179,0.642563
n10,mag0,ec-mag0-n10-run01,da928803-de81-48c7-beb2-452810f58ce4,agent_kappa,17.302,1,0,evidence,0.699485,-0.521886,0.666615,0.699485,0.662815,0.657539,0.693937,0.655056
n10,mag0,ec-mag0-n10-run01,25c99858-6f33-4326-8b2f-a2a93da97a34,agent_zeta,17.31,1,0,testing,0.722771,-0.767316,-0.414977,0.67104,0.722771,0.677566,0.682554,0.688359
n10,mag0,ec-mag0-n10-run01,be64ec58-cadc-49de-8c2d-9ee76434587a,agent_beta,17.603,1,0,evidence,0.766757,-0.837666,0.529908,0.766757,0.726344,0.710209,0.703196,0.708911
n10,mag0,ec-mag0-n10-run01,83fc5e3b-477c-46b7-adc1-9f795b7273fa,agent_alpha,17.925,1,0,testing,0.73117,-0.586962,-0.080844,0.686602,0.73117,0.690098,0.720774,0.693991
n10,mag0,ec-mag0-n10-run01,f507c761-cbc1-4b56-a0a4-5f41e21bd430,agent_iota,17.929,1,0,evidence,0.725025,-0.763432,0.500816,0.725025,0.678364,0.683561,0.6549,0.6923
n10,mag0,ec-mag0-n10-run01,e6641472-7891-4dd2-8027-7d8743b9e42e,agent_delta,17.978,1,0,testing,0.699054,-0.741609,-0.386633,0.65621,0.699054,0.669685,0.648159,0.655731
n10,mag0,ec-mag0-n10-run01,ee8ab557-211a-4ddf-8719-1f80bc8658cd,agent_epsilon,18.134,1,1,testing,0.741736,-0.806091,-0.412982,0.670163,0.741736,0.698647,0.701838,0.686716
n10,mag0,ec-mag0-n10-run01,6cd50e95-1534-40af-b805-a0f2ff0a80a3,agent_theta,18.251,1,0,evidence,0.691728,-0.414429,0.531397,0.691728,0.676403,0.67408,0.686861,0.660985
n10,mag0,ec-mag0-n10-run01,bc20c402-f90c-4bbc-9513-73d0dd789c20,agent_zeta,18.314,1,0,ownership,0.691825,0.059906,0.183235,0.678646,0.686997,0.691825,0.66296,0.654168
n10,mag0,ec-mag0-n10-run01,7eabed34-f1ab-479a-bd27-788778b7fbbb,agent_gamma,18.346,1,0,evidence,0.611146,-0.83323,0.541744,0.611146,0.535281,0.547925,0.545473,0.562185
n10,mag0,ec-mag0-n10-run01,7493132c-a9db-4515-b87f-ca594470f952,agent_eta,18.415,1,1,testing,0.700572,-0.728463,-0.287454,0.665593,0.700572,0.662491,0.677544,0.655466
n10,mag0,ec-mag0-n10-run01,7ef23f07-de42-4978-9e65-4682d3f5f4bd,agent_kappa,18.657,1,0,evidence,0.667059,-0.376945,0.401557,0.667059,0.621707,0.639879,0.650805,0.653711
n10,mag0,ec-mag0-n10-run01,07e47e6e-8a53-4b0f-a546-1d47d7db417d,agent_iota,18.884,1,0,risk,0.693935,0.151735,-0.005048,0.691897,0.661623,0.679158,0.64323,0.693935
n10,mag0,ec-mag0-n10-run01,48312a97-aa10-4565-89a3-1f1815ddd03f,agent_alpha,18.942,1,0,testing,0.75484,-0.332884,0.069523,0.684048,0.75484,0.739953,0.748589,0.726915
n10,mag0,ec-mag0-n10-run01,d50ff087-12ed-466e-834c-ff417fda55b9,agent_delta,19.02,1,0,testing,0.741115,-0.203326,0.086092,0.693079,0.741115,0.729877,0.736157,0.723764
n10,mag0,ec-mag0-n10-run01,f17e97a9-af9e-4e0b-84ab-d21cc0f95512,agent_theta,19.051,1,0,testing,0.783944,-0.338692,-0.03607,0.709192,0.783944,0.772675,0.771013,0.748254
n10,mag0,ec-mag0-n10-run01,09afa5cd-9772-4a5f-9cdc-cecd1a7392c5,agent_epsilon,19.211,1,1,testing,0.677331,-0.632399,-0.306122,0.617995,0.677331,0.639108,0.655652,0.651625
n10,mag0,ec-mag0-n10-run01,852584b3-4b38-4085-bf76-fffb68a0d4cf,agent_beta,19.238,1,0,testing,0.783692,-0.744439,-0.254982,0.767385,0.783692,0.749952,0.744438,0.750366
n10,mag0,ec-mag0-n10-run01,a8610df6-3df0-471b-9728-3d7c6877624e,agent_eta,19.776,1,0,testing,0.750438,0.108631,-0.004779,0.699859,0.750438,0.749208,0.738565,0.742709
n10,mag0,ec-mag0-n10-run01,abfcaaaa-41e3-4134-88dc-e052c68891b2,agent_iota,19.785,1,0,evidence,0.691755,-0.841633,0.544706,0.691755,0.61449,0.611941,0.608044,0.637699
n10,mag0,ec-mag0-n10-run01,9533aab7-f4e8-462d-b7be-5ca3e967e3e1,agent_gamma,19.789,1,0,testing,0.672867,-0.188334,0.132551,0.671793,0.672867,0.671287,0.656286,0.661508
n10,mag0,ec-mag0-n10-run01,c33f586d-073a-43ae-b539-b9e8fc95ae7a,agent_alpha,19.832,1,0,testing,0.706875,-0.467386,0.079549,0.687501,0.706875,0.680711,0.700835,0.679585
n10,mag0,ec-mag0-n10-run01,c877a403-fcc4-4879-9534-45f039900dfb,agent_theta,20.151,1,0,testing,0.7789,-0.10052,-0.079864,0.759012,0.7789,0.769446,0.766641,0.771494
n10,mag0,ec-mag0-n10-run01,90ff6da2-865c-4fd0-8898-765f7cb22150,agent_delta,20.192,1,0,testing,0.751273,-0.543564,-0.132191,0.674984,0.751273,0.722182,0.73872,0.722143
n10,mag0,ec-mag0-n10-run01,38b172eb-f10c-46cb-b4e2-64138c42b7f8,agent_zeta,20.233,1,0,evidence,0.720419,-0.510245,0.322951,0.720419,0.709648,0.707673,0.690714,0.687192
n10,mag0,ec-mag0-n10-run01,4d8d3e25-804d-452b-abbc-846a5a565715,agent_epsilon,20.319,1,0,testing,0.759561,-0.64985,-0.32166,0.693842,0.759561,0.725625,0.735538,0.731565
n10,mag0,ec-mag0-n10-run01,6a39c4b9-8f6d-430f-b694-d328897e965a,agent_beta,20.839,1,0,evidence,0.757368,-0.768614,0.490729,0.757368,0.727915,0.723295,0.713737,0.714497
n10,mag0,ec-mag0-n10-run01,65915273-01c3-418b-999d-11cce21bd17e,agent_theta,21.022,1,0,testing,0.730961,-0.098223,-0.09591,0.710844,0.730961,0.724704,0.710483,0.720482
n10,mag0,ec-mag0-n10-run01,30526e08-e962-4a48-b69f-3530c6b1da71,agent_iota,21.102,1,0,risk,0.711583,0.591495,-0.302386,0.688703,0.68859,0.694876,0.675636,0.711583
n10,mag0,ec-mag0-n10-run01,087810ee-0ea7-4967-a620-6adee4a7669d,agent_gamma,21.103,1,0,evidence,0.636841,-0.194594,0.426753,0.636841,0.622996,0.633546,0.620912,0.600873
n10,mag0,ec-mag0-n10-run01,704f7dd0-7a0a-4546-a92b-d9d386d80620,agent_delta,21.284,1,0,testing,0.621421,-0.622402,-0.238475,0.559856,0.621421,0.594994,0.601874,0.584073
n10,mag0,ec-mag0-n10-run01,377e5171-c63f-488d-94e3-b5495c15ea0f,agent_alpha,21.694,1,0,time,0.714348,-0.379736,0.276323,0.663714,0.713474,0.678043,0.714348,0.673907
n10,mag0,ec-mag0-n10-run01,476ad894-fd9d-4dfd-ade8-188daf0c9dcc,agent_eta,21.78,1,0,testing,0.657714,-0.612057,-0.189139,0.593519,0.657714,0.628215,0.641929,0.620547
n10,mag0,ec-mag0-n10-run01,046be6fd-8ecc-41fb-a310-ca780754449c,agent_iota,21.89,1,0,evidence,0.737018,-0.294963,0.203805,0.737018,0.717141,0.718142,0.688613,0.727798
n10,mag0,ec-mag0-n10-run01,66fa8ddd-7f49-4b51-9d09-1a4c7aac003d,agent_theta,22.118,1,1,testing,0.810949,-0.813338,-0.410434,0.7356,0.810949,0.75729,0.774536,0.757043
n10,mag0,ec-mag0-n10-run01,348a64d9-1622-4404-97ce-55dc5f61a326,agent_beta,22.161,1,0,evidence,0.762857,-0.799072,0.509518,0.762857,0.729165,0.721711,0.717333,0.717297
n10,mag0,ec-mag0-n10-run01,4d4df591-36a8-45a8-8990-9cbe7a262f7f,agent_gamma,22.515,1,0,evidence,0.670392,-0.672235,0.521748,0.670392,0.644085,0.641386,0.650303,0.625264
n10,mag0,ec-mag0-n10-run01,01e23bba-d329-4d81-ba0b-f82f60dccf1e,agent_delta,22.52,1,0,testing,0.827331,-0.808376,-0.416781,0.733056,0.827331,0.780648,0.787659,0.776954
n10,mag0,ec-mag0-n10-run01,67477ba0-007b-4866-85ae-781d791a4a4d,agent_alpha,22.75,1,0,testing,0.782323,-0.537071,-0.113851,0.710563,0.782323,0.757447,0.769761,0.748033
n10,mag0,ec-mag0-n10-run01,07a2213b-515e-49d2-a253-b6569dd1543d,agent_eta,22.859,1,0,evidence,0.684069,-0.62911,0.164303,0.684069,0.68158,0.669667,0.65246,0.638847
n10,mag0,ec-mag0-n10-run01,9dcf9c27-180d-496c-8363-6f417a96972a,agent_iota,23.128,1,0,evidence,0.743979,-0.839,0.543283,0.743979,0.680997,0.682589,0.651015,0.68954
n10,mag0,ec-mag0-n10-run01,da63c258-1dfa-4ede-aae7-51052ac16087,agent_theta,23.236,1,0,testing,0.700346,-0.779452,-0.380846,0.647751,0.700346,0.657103,0.6685,0.654762
n10,mag0,ec-mag0-n10-run01,06ff88c6-7a00-45bd-b710-258d47d2601d,agent_delta,23.302,1,0,testing,0.726184,-0.064678,-0.032904,0.66394,0.726184,0.724512,0.683836,0.682932
n10,mag0,ec-mag0-n10-run01,b9a1dc8d-e507-4904-a402-1b6ee2defb62,agent_beta,23.586,1,0,testing,0.767227,-0.747786,-0.308753,0.743547,0.767227,0.72697,0.735905,0.732711
n10,mag0,ec-mag0-n10-run01,7397b4e3-ffa0-41de-bd3b-ccfa5de2b708,agent_alpha,23.728,1,0,testing,0.786128,-0.789691,-0.379817,0.712164,0.786128,0.742492,0.755057,0.726336
n10,mag0,ec-mag0-n10-run01,56f5dcb4-4d51-4bb0-aee0-0daf756059b9,agent_kappa,23.883,1,0,evidence,0.640184,-0.315328,0.283072,0.640184,0.580269,0.592471,0.619215,0.631467
n10,mag0,ec-mag0-n10-run01,37f8bbcc-d820-41eb-9bbd-4810a48b7141,agent_iota,24.047,1,0,risk,0.683134,0.682381,-0.071549,0.664368,0.650371,0.680346,0.624586,0.683134
n10,mag0,ec-mag0-n10-run01,eb5ce11d-0dbc-4b71-b18e-5fdb316b9496,agent_eta,24.172,1,0,risk,0.650211,0.41685,-0.046361,0.625449,0.641433,0.646894,0.636969,0.650211
n10,mag0,ec-mag0-n10-run01,43aec3d2-428d-4d33-b305-e46bf6a1d656,agent_gamma,24.314,1,0,time,0.714201,-0.057314,0.570394,0.705729,0.678116,0.679808,0.714201,0.702257
n10,mag0,ec-mag0-n10-run01,4329eba4-8ec9-4405-aee9-ccbb55c7aefb,agent_theta,24.475,1,0,testing,0.733535,-0.794117,-0.379296,0.665486,0.733535,0.682412,0.703416,0.678904
n10,mag0,ec-mag0-n10-run01,73d21518-95cd-44c7-877c-b0ac0bcfe761,agent_epsilon,24.518,1,0,risk,0.709373,0.195472,-0.029938,0.679019,0.70605,0.700334,0.704453,0.709373
n10,mag0,ec-mag0-n10-run01,3dfa804c-3c76-4410-9136-8b86039c9bee,agent_delta,24.642,1,0,testing,0.815098,-0.513418,-0.015997,0.737021,0.815098,0.782734,0.807135,0.782352
n10,mag0,ec-mag0-n10-run01,83f1060a-ea62-4f2a-8e2a-4128584a08d4,agent_alpha,24.799,1,0,time,0.751124,-0.151048,0.661759,0.680664,0.737199,0.709887,0.751124,0.70152
n10,mag0,ec-mag0-n10-run01,0b822cf3-f329-4ea2-be0e-6cf2951c1c92,agent_eta,25.034,1,0,testing,0.627531,-0.32336,-0.205419,0.599818,0.627531,0.609702,0.608871,0.614293
n10,mag0,ec-mag0-n10-run01,6110015c-a5de-4330-9dc4-c606ae81f8c8,agent_iota,25.048,1,0,risk,0.698903,0.757822,-0.16484,0.668157,0.666819,0.693403,0.650652,0.698903
n10,mag0,ec-mag0-n10-run01,f87e22b4-4600-4d91-9d19-c2d29d032b00,agent_zeta,25.3,1,0,testing,0.650596,-0.299661,-0.147602,0.610649,0.650596,0.642946,0.609809,0.61027
n10,mag0,ec-mag0-n10-run01,6dfe7364-0758-4dcf-83bf-09621688a020,agent_theta,25.421,1,1,testing,0.694162,-0.5927,-0.294775,0.64327,0.694162,0.675536,0.659111,0.649793
n10,mag0,ec-mag0-n10-run01,d41ad7ab-f95b-4a7c-8b41-3537c9f98598,agent_delta,25.456,1,0,testing,0.732193,-0.753757,-0.311453,0.648485,0.732193,0.685006,0.709622,0.669614
n10,mag0,ec-mag0-n10-run01,1a4d2848-5a5a-4391-8359-e4d72164d366,agent_beta,25.465,1,0,evidence,0.719274,-0.127319,0.210977,0.719274,0.694583,0.708027,0.661321,0.71187
n10,mag0,ec-mag0-n10-run01,91cc45ac-fc24-4510-af97-ddc38fc37ec0,agent_delta,26.181,1,0,testing,0.743838,-0.74335,-0.383758,0.642123,0.743838,0.714122,0.70394,0.694339
n10,mag0,ec-mag0-n10-run01,3afbfa63-426d-4384-a4a5-d1ba2af18c4b,agent_theta,26.403,1,0,testing,0.689001,-0.527533,-0.091998,0.674726,0.689001,0.673991,0.665321,0.654419
n10,mag0,ec-mag0-n10-run01,0a59c39c-e0ef-480f-b71e-07bd18931643,agent_beta,26.782,1,0,testing,0.789017,-0.734211,-0.03691,0.784069,0.789017,0.753017,0.762719,0.760355
n10,mag0,ec-mag0-n10-run01,535ad173-7dbc-44f1-8a19-46cd9c5d578e,agent_epsilon,26.869,1,0,time,0.678607,0.099602,0.049004,0.640143,0.677615,0.667284,0.678607,0.67844
n10,mag0,ec-mag0-n10-run01,5995168b-9495-4066-a5b5-e4803b44fcc8,agent_iota,26.966,1,0,risk,0.734825,0.501942,-0.330507,0.716532,0.713768,0.712467,0.685526,0.734825
n10,mag0,ec-mag0-n10-run01,24724dba-737e-4861-948e-335cf03392ec,agent_eta,27.141,1,0,risk,0.653525,0.053187,-0.256277,0.637288,0.651263,0.63373,0.635131,0.653525
n10,mag0,ec-mag0-n10-run01,5956796c-ad8d-4573-8ad0-2c9928c0c6d9,agent_delta,27.297,1,0,testing,0.742771,-0.800285,-0.4051,0.674693,0.742771,0.69766,0.70632,0.692421
n10,mag0,ec-mag0-n10-run01,8d3c9298-0b42-4033-b141-c0c6926f843f,agent_theta,27.384,1,0,testing,0.750392,-0.382596,-0.118082,0.716728,0.750392,0.739123,0.729859,0.714783
n10,mag0,ec-mag0-n10-run01,cb449a13-119e-4b9e-b237-415db7bb4402,agent_gamma,27.828,1,0,evidence,0.617752,-0.722698,0.541755,0.617752,0.569098,0.589498,0.583348,0.568892
n10,mag0,ec-mag0-n10-run01,6fe280e0-3149-4b50-8c26-c93411111a19,agent_beta,27.987,1,0,risk,0.741648,0.115234,-0.213382,0.73212,0.734995,0.724899,0.707842,0.741648
n10,mag0,ec-mag0-n10-run01,5c9e5df2-6254-424a-97b8-a2970235f955,agent_iota,28.45,1,0,evidence,0.750525,-0.737268,0.489983,0.750525,0.710871,0.714303,0.700509,0.718948
n10,mag0,ec-mag0-n10-run01,ffcc1d34-4960-4ad0-bd64-e322f1012f8d,agent_theta,28.505,1,0,testing,0.711149,-0.654537,-0.326698,0.658563,0.711149,0.689005,0.675449,0.664179
n10,mag0,ec-mag0-n10-run01,a62feb59-e4d9-4cbe-bf77-a2a0f2e9e8bd,agent_alpha,29.085,1,0,time,0.720479,-0.008611,0.885338,0.623794,0.687153,0.680816,0.720479,0.669444
n10,mag0,ec-mag0-n10-run01,483331cf-dd99-41ce-ab93-22afd884d572,agent_eta,29.384,1,0,risk,0.633536,0.017702,-0.14779,0.626296,0.631208,0.622553,0.609974,0.633536
n10,mag0,ec-mag0-n10-run01,5794a51c-d9ab-4ee0-9652-82a5b120ea9b,agent_iota,29.432,1,0,evidence,0.734795,-0.846695,0.549335,0.734795,0.662643,0.650184,0.673177,0.661941
n10,mag0,ec-mag0-n10-run01,62483b5f-d1d6-4abd-b85b-c711c94cb93b,agent_theta,29.518,1,0,testing,0.715728,-0.801539,-0.417688,0.645049,0.715728,0.675047,0.67211,0.664681
n10,mag0,ec-mag0-n10-run01,785f5274-6fa9-4a0a-82c5-b8db88deecbb,agent_delta,30.147,2,0,testing,0.666748,-0.699696,-0.311136,0.597598,0.666748,0.631836,0.643261,0.629242
n10,mag0,ec-mag0-n10-run01,f08275a6-f67c-458e-8601-5c765e44467c,agent_zeta,30.343,2,0,evidence,0.692212,-0.466621,0.396218,0.692212,0.675608,0.680227,0.65937,0.657673
n10,mag0,ec-mag0-n10-run01,af897293-7a72-47ec-8e1c-8690ca329913,agent_theta,30.368,2,0,testing,0.735609,-0.702132,-0.388496,0.682235,0.735609,0.702661,0.698745,0.705099
n10,mag0,ec-mag0-n10-run01,20229351-e414-4878-8bab-4dafc37fbea6,agent_kappa,30.412,2,0,risk,0.767104,0.471074,0.019439,0.744598,0.733939,0.746593,0.760384,0.767104
n10,mag0,ec-mag0-n10-run01,cd262291-af9f-4334-8f3e-796ec5bcd68b,agent_beta,30.514,2,0,evidence,0.731103,-0.705705,0.505848,0.731103,0.700194,0.705056,0.69606,0.68443
n10,mag0,ec-mag0-n10-run01,1341a1b9-2a9d-4c9b-8933-31401fcfc662,agent_epsilon,30.535,2,0,time,0.718948,-0.109074,0.755644,0.629534,0.700471,0.668227,0.718948,0.656023
n10,mag0,ec-mag0-n10-run01,220134f6-6026-4a88-8f21-447787c0984c,agent_gamma,30.67,2,0,evidence,0.616093,-0.840453,0.546847,0.616093,0.537867,0.549882,0.555016,0.558682
n10,mag0,ec-mag0-n10-run01,8ce8e93e-bdfc-45e1-99e2-bf0ccc86a752,agent_iota,30.897,2,0,evidence,0.736432,-0.849196,0.549787,0.736432,0.650187,0.648187,0.657081,0.648181
n10,mag0,ec-mag0-n10-run01,13b40da5-0eab-45f5-a888-4962a3dde38d,agent_alpha,31.15,2,0,risk,0.626798,0.290324,-0.371312,0.593605,0.619628,0.604383,0.600626,0.626798
n10,mag0,ec-mag0-n10-run01,7fb52523-6754-4a6e-a3f1-be887e1a9e48,agent_eta,31.386,2,0,risk,0.625262,0.047291,0.039846,0.624637,0.615523,0.617894,0.603103,0.625262
n10,mag0,ec-mag0-n10-run01,86400b67-89c7-494c-912b-b763a3404ac5,agent_iota,31.697,2,0,evidence,0.750648,-0.831698,0.553407,0.750648,0.676659,0.685064,0.708988,0.687444
n10,mag0,ec-mag0-n10-run01,e192b09e-92e6-4a03-bd72-d07f0170f484,agent_delta,31.852,2,0,testing,0.649886,-0.262853,0.203648,0.58855,0.649886,0.635792,0.648529,0.624403
n10,mag0,ec-mag0-n10-run01,497fd20a-6e3e-48c7-a46b-bd39c6e807a1,agent_theta,32.34,2,0,risk,0.577116,0.23963,0.113502,0.534771,0.571984,0.569873,0.577055,0.577116
n10,mag0,ec-mag0-n10-run01,1735b826-5958-4af0-bc50-381f42c186e2,agent_alpha,32.675,2,0,testing,0.774882,-0.3863,0.236828,0.710962,0.774882,0.747066,0.774466,0.732208
n10,mag0,ec-mag0-n10-run01,29c422d4-c5b8-4692-8e8f-58b95f09a5d1,agent_beta,33.248,2,0,testing,0.707356,-0.525054,-0.009853,0.694525,0.707356,0.680668,0.696107,0.685145
n10,mag0,ec-mag0-n10-run01,7cdc9afd-4f90-4317-8a49-b1b37727de68,agent_iota,33.268,2,0,time,0.719859,-0.207238,0.482043,0.715261,0.706355,0.695457,0.719859,0.706321
n10,mag0,ec-mag0-n10-run01,6ccc6d8b-289a-42a5-b358-040f56b6f45d,agent_epsilon,33.709,2,0,testing,0.694294,-0.441695,-0.028516,0.635479,0.694294,0.66935,0.685958,0.669744
n10,mag0,ec-mag0-n10-run01,e7bfa628-0399-454e-95a5-f1b226713e2a,agent_zeta,34.125,2,0,risk,0.633457,0.368015,-0.112805,0.572043,0.622532,0.616088,0.624857,0.633457
n10,mag0,ec-mag0-n10-run01,a2b2d889-6b7d-4ca9-81ce-e032a71ef921,agent_theta,34.187,2,0,testing,0.693156,-0.709791,-0.389688,0.62702,0.693156,0.662261,0.653929,0.659768
n10,mag0,ec-mag0-n10-run01,487afee0-c058-438c-9b71-39b94422124f,agent_alpha,34.188,2,0,time,0.654966,-0.010583,0.749628,0.611646,0.631186,0.62046,0.654966,0.626706
n10,mag0,ec-mag0-n10-run01,c9fc69eb-a27e-4b33-956c-0889f4d29a8a,agent_delta,34.21,2,0,time,0.71667,-0.296244,0.290864,0.662889,0.715033,0.693447,0.71667,0.687822
n10,mag0,ec-mag0-n10-run01,25fc90b5-df14-40e0-9e49-636b44af4656,agent_eta,34.247,2,0,risk,0.71177,0.253936,-0.158757,0.702826,0.69422,0.689703,0.686064,0.71177
n10,mag0,ec-mag0-n10-run01,8b319304-369f-4603-9f84-18c1633fcd8b,agent_iota,34.291,2,0,evidence,0.676749,-0.668203,0.494031,0.676749,0.648483,0.648356,0.651579,0.64259
n10,mag0,ec-mag0-n10-run01,5ffff167-c007-40da-ba9e-c0f74bb55aa7,agent_kappa,34.634,2,0,evidence,0.666932,-0.405737,0.556537,0.666932,0.638025,0.629494,0.661854,0.648308
n10,mag0,ec-mag0-n10-run01,615784b2-9193-43ac-abad-77ef795554fb,agent_gamma,35.118,2,0,evidence,0.67049,-0.660643,0.490199,0.67049,0.610491,0.623707,0.643884,0.645932
n10,mag0,ec-mag0-n10-run01,1c47f5fc-60c9-4192-8fb5-096cbb020e17,agent_iota,35.369,2,0,time,0.710255,0.1378,0.463504,0.696667,0.674236,0.688347,0.710255,0.702829
n10,mag0,ec-mag0-n10-run01,7a38a2ba-cce8-4912-a767-693c64116899,agent_theta,35.711,2,0,testing,0.644142,-0.106355,0.017501,0.625534,0.644142,0.6424,0.615082,0.614637
n10,mag0,ec-mag0-n10-run01,1e94909e-d809-420e-a2c6-a6aeb4f3523e,agent_beta,35.947,2,0,time,0.717033,-0.233086,0.606602,0.697771,0.704746,0.674339,0.717033,0.67816
n10,mag0,ec-mag0-n10-run01,094918c8-9f59-4af3-80af-aa4a8a02e33b,agent_delta,36.027,2,0,time,0.613018,-0.062825,0.621918,0.545286,0.598473,0.587606,0.613018,0.583969
n10,mag0,ec-mag0-n10-run01,e23cd3c5-abc2-4566-9b0f-a2a579e1af9f,agent_alpha,36.248,2,0,testing,0.711085,-0.738384,-0.322585,0.642865,0.711085,0.673801,0.686542,0.660526
n10,mag0,ec-mag0-n10-run01,c3ee59fd-daff-460f-b6af-7c8c32c9e3ee,agent_iota,36.505,2,0,risk,0.655442,0.330164,-0.087403,0.647978,0.635116,0.645687,0.602666,0.655442
n10,mag0,ec-mag0-n10-run01,a82098f6-4823-42fd-bdd7-58e4f11f40db,agent_eta,36.854,2,0,risk,0.707136,-0.002666,0.01465,0.705081,0.702401,0.698633,0.693199,0.707136
n10,mag0,ec-mag0-n10-run01,831586c1-a9da-49e8-ab2e-8c96358a9104,agent_kappa,36.964,2,0,evidence,0.630784,-0.109272,0.306487,0.630784,0.583597,0.606022,0.62318,0.626349
n10,mag0,ec-mag0-n10-run01,687b6d4f-e84f-45b1-8c0f-802553dd4c3f,agent_alpha,37.375,2,0,time,0.667776,0.002248,0.933198,0.572741,0.616594,0.613689,0.667776,0.613208
n10,mag0,ec-mag0-n10-run01,c08dcbd3-4d91-4403-b452-4a3ba3a57bc5,agent_zeta,37.428,2,0,risk,0.736754,0.691669,-0.090085,0.686381,0.717015,0.734233,0.71183,0.736754
n10,mag0,ec-mag0-n10-run01,a2b4122e-6fd5-42d0-85ea-38803cc023dd,agent_delta,37.599,2,0,testing,0.716589,-0.677624,-0.247249,0.665181,0.716589,0.679107,0.698066,0.677643
n10,mag0,ec-mag0-n10-run01,257c0b66-3fa1-4183-b638-3dc0078e8350,agent_iota,37.985,2,0,evidence,0.689049,-0.533412,0.105224,0.689049,0.682623,0.662054,0.64078,0.676279
n10,mag0,ec-mag0-n10-run01,cce88deb-d756-4e2f-bc8c-2a1e742d6ea5,agent_epsilon,37.996,2,0,testing,0.725701,-0.5872,-0.120851,0.700571,0.725701,0.688021,0.712609,0.69825
n10,mag0,ec-mag0-n10-run01,c4cd6c63-1424-4a7f-9f41-ba4873718032,agent_gamma,38.284,2,0,risk,0.716701,0.102702,0.0197,0.714859,0.675389,0.693159,0.693915,0.716701
n10,mag0,ec-mag0-n10-run01,3c625d84-c81e-409e-b8c5-cfa12cc245c6,agent_beta,38.429,2,0,time,0.669315,-0.049712,0.788704,0.623491,0.646524,0.633595,0.669315,0.62846
n10,mag0,ec-mag0-n10-run01,0b58ff31-db06-4484-bfd1-b6b325924fbd,agent_theta,38.48,2,0,testing,0.689915,-0.229749,-0.219198,0.665651,0.689915,0.67877,0.655959,0.677535
n10,mag0,ec-mag0-n10-run01,7d3261c9-6156-4db7-8df9-939c66853242,agent_alpha,38.98,2,0,time,0.712736,0.042283,0.854897,0.620585,0.672544,0.677657,0.712736,0.681117
n10,mag0,ec-mag0-n10-run01,9cef7b40-2819-47bc-8e07-56f4ae69b428,agent_delta,39.179,2,0,testing,0.534027,-0.174142,-0.124202,0.469234,0.534027,0.527861,0.505538,0.512072
n10,mag0,ec-mag0-n10-run01,ab32492d-166a-4dd3-a733-0aa3f5e780e8,agent_iota,39.351,2,0,evidence,0.702626,-0.750264,0.488168,0.702626,0.649845,0.651123,0.641919,0.673759
n10,mag0,ec-mag0-n10-run01,df347fdd-f8c4-45ac-b45c-2e950d131232,agent_kappa,39.693,2,0,evidence,0.676546,-0.482582,0.556382,0.676546,0.635034,0.643824,0.666613,0.654291
n10,mag0,ec-mag0-n10-run01,560dfb42-d221-432b-9123-f06b9e4accde,agent_eta,39.815,2,0,testing,0.679433,-0.499085,-0.229668,0.654251,0.679433,0.65166,0.659967,0.661479
n10,mag0,ec-mag0-n10-run01,7731ac93-8937-43db-b6d3-5c704ac353f0,agent_zeta,40.339,2,1,evidence,0.742991,-0.775222,0.511191,0.742991,0.707381,0.707468,0.69756,0.700003
n10,mag0,ec-mag0-n10-run01,eec355ab-96cc-414b-a87c-9d6377c43334,agent_iota,40.46,2,1,evidence,0.731543,-0.144128,0.067942,0.731543,0.716676,0.710617,0.701806,0.72853
n10,mag0,ec-mag0-n10-run01,9b2133cc-a73b-406e-a684-305b08c9266b,agent_epsilon,40.461,2,0,testing,0.757514,-0.639507,-0.287162,0.706495,0.757514,0.712105,0.737609,0.731321
n10,mag0,ec-mag0-n10-run01,32249b4b-4024-4657-be54-9dd7ae9eee65,agent_theta,40.512,2,0,testing,0.675155,-0.658072,-0.197641,0.637454,0.675155,0.64058,0.658637,0.633181
n10,mag0,ec-mag0-n10-run01,11c47bba-8e94-4846-a298-d1bd75ba6a98,agent_delta,40.852,2,0,testing,0.787166,-0.800115,-0.374109,0.698611,0.787166,0.722753,0.758413,0.720683
n10,mag0,ec-mag0-n10-run01,b7da3637-07ab-4d72-bfe5-af5a7cf9436d,agent_beta,41.017,2,0,evidence,0.741637,-0.671469,0.283916,0.741637,0.728368,0.711092,0.688903,0.718516
n10,mag0,ec-mag0-n10-run01,b64c3409-d95b-4a14-992e-9855a3232d59,agent_gamma,41.367,2,0,evidence,0.688284,-0.846644,0.549254,0.688284,0.612713,0.610943,0.623876,0.616271
n10,mag0,ec-mag0-n10-run01,f04dda6f-6333-4c83-a8c1-60998b403668,agent_iota,41.671,2,0,evidence,0.75785,-0.839369,0.542386,0.75785,0.698251,0.691766,0.682142,0.704258
n10,mag0,ec-mag0-n10-run01,966c1cc7-b5b7-471c-9f21-27424a7967ca,agent_eta,41.784,2,0,testing,0.789481,-0.70607,-0.245628,0.747404,0.789481,0.747095,0.770835,0.742519
n10,mag0,ec-mag0-n10-run01,074e6ec3-2e8b-4d05-9cdf-be2d4235a7d2,agent_theta,42.018,2,0,ownership,0.61706,0.303883,-0.087257,0.587848,0.614767,0.61706,0.594802,0.615481
n10,mag0,ec-mag0-n10-run01,36db6a45-fb40-4dd7-bd34-dfe11fe3b8e7,agent_zeta,42.395,2,0,risk,0.743257,0.230673,0.067076,0.694497,0.736774,0.729673,0.742086,0.743257
n10,mag0,ec-mag0-n10-run01,df4866b8-7458-4566-a1dd-73a0deebf39d,agent_kappa,42.566,2,0,risk,0.624583,0.184894,0.074978,0.619312,0.571052,0.590249,0.61498,0.624583
n10,mag0,ec-mag0-n10-run01,03c5e92b-70a5-4080-8023-6f5ee219ed45,agent_epsilon,42.719,2,0,risk,0.742223,0.29572,-0.315085,0.688862,0.737316,0.73045,0.714312,0.742223
n10,mag0,ec-mag0-n10-run01,c72e52dd-d9e2-4a73-8901-b610106b0f0f,agent_delta,42.806,2,0,testing,0.683524,-0.69716,-0.356947,0.613728,0.683524,0.650093,0.654428,0.651079
n10,mag0,ec-mag0-n10-run01,867544ff-94ab-4195-9e04-6e1621c830a6,agent_iota,43.304,2,0,evidence,0.736408,-0.280124,0.135109,0.736408,0.720398,0.712644,0.699824,0.72961
n10,mag0,ec-mag0-n10-run01,26d21eb6-5341-4b45-9042-f15372206a69,agent_beta,43.465,2,0,evidence,0.787528,-0.840454,0.543608,0.787528,0.728115,0.722947,0.717272,0.731403
n10,mag0,ec-mag0-n10-run01,77cce1c2-c33f-40b4-9626-880a57725925,agent_theta,43.908,2,0,testing,0.714762,-0.798898,-0.394502,0.637596,0.714762,0.661228,0.682283,0.665765
n10,mag0,ec-mag0-n10-run01,0bd7536a-45f3-415a-8e1e-09b485f08a54,agent_gamma,43.941,2,0,time,0.673599,0.176594,0.556049,0.645627,0.6346,0.644373,0.673599,0.662581
n10,mag0,ec-mag0-n10-run01,7357ae9a-2121-4fca-9f7a-f810d8dc985d,agent_delta,44.253,2,0,testing,0.742611,-0.199265,-0.189385,0.700017,0.742611,0.733975,0.711776,0.726446
n10,mag0,ec-mag0-n10-run01,8ff114a0-ce77-4357-8b3f-35701f02fc62,agent_eta,44.504,2,0,testing,0.778387,0.057338,-0.11097,0.749807,0.778387,0.772062,0.766098,0.774823
n10,mag0,ec-mag0-n10-run01,55eef35b-420c-4b0d-9d63-3b2404853330,agent_epsilon,44.52,2,0,evidence,0.745251,-0.838367,0.540519,0.745251,0.699508,0.687648,0.693117,0.677202
n10,mag0,ec-mag0-n10-run01,fcda3df3-8e5e-43ec-9cff-ac11dd4baf78,agent_iota,44.886,2,0,evidence,0.757772,-0.434618,0.227234,0.757772,0.73668,0.72295,0.712337,0.746632
n10,mag0,ec-mag0-n10-run01,74ceccb2-c35d-4956-a722-81ef6bc8f046,agent_kappa,45.557,3,0,evidence,0.671165,-0.342692,0.605416,0.671165,0.627961,0.640501,0.66855,0.653039
n10,mag0,ec-mag0-n10-run01,69788631-a0bc-4821-a56b-0fbdd0215a99,agent_beta,45.958,3,0,evidence,0.717274,-0.321714,0.072211,0.717274,0.712386,0.701975,0.691359,0.710146
n10,mag0,ec-mag0-n10-run01,4cd8a3a6-bce8-445c-8373-d46e0957e5c4,agent_zeta,45.97,3,0,time,0.757793,-0.113817,0.672073,0.696831,0.742456,0.720335,0.757793,0.720827
n10,mag0,ec-mag0-n10-run01,a559981c-f86b-421c-ba48-72df6f9a969c,agent_iota,46.027,3,0,evidence,0.67406,-0.536444,0.457623,0.67406,0.636964,0.65383,0.640591,0.649505
n10,mag0,ec-mag0-n10-run01,ea8a135b-a36a-4795-a2de-c108d8acd113,agent_delta,46.228,3,0,testing,0.719411,0.15989,-0.007349,0.663439,0.719411,0.719097,0.708108,0.71387
n10,mag0,ec-mag0-n10-run01,30240827-b558-42d7-a476-1a8417fa4fec,agent_theta,46.328,3,0,risk,0.666583,0.335265,-0.132854,0.618219,0.662464,0.662717,0.650907,0.666583
n10,mag0,ec-mag0-n10-run01,1d95dff8-536e-4984-90f4-d8102885a38a,agent_eta,46.535,3,0,risk,0.625852,0.650818,-0.304357,0.588557,0.601546,0.607296,0.602384,0.625852
n10,mag0,ec-mag0-n10-run01,4632c094-673f-4fef-9d67-f09f93874667,agent_zeta,47.625,3,0,testing,0.729905,-0.47042,0.161345,0.662691,0.729905,0.683101,0.72734,0.671374
n10,mag0,ec-mag0-n10-run01,a5c793ee-2d9b-4a56-b6e1-d84e93f8d39b,agent_iota,47.63,3,0,evidence,0.765405,-0.764605,0.491495,0.765405,0.714096,0.700948,0.695563,0.73568
n10,mag0,ec-mag0-n10-run01,d6498bb9-84c7-4e8c-b64b-2623bc2da93a,agent_delta,47.763,3,0,risk,0.686016,0.711409,-0.399686,0.629098,0.6589,0.661336,0.657564,0.686016
n10,mag0,ec-mag0-n10-run01,1f758c57-00d2-4379-a45d-fa03c6b979bb,agent_epsilon,48.053,3,0,evidence,0.817864,-0.808883,0.519504,0.817864,0.783063,0.755718,0.781344,0.772675
n10,mag0,ec-mag0-n10-run01,bf5cc014-40d4-41c5-8690-9e200e512bd7,agent_beta,48.483,3,0,testing,0.709074,-0.55905,0.007965,0.678108,0.709074,0.663405,0.701463,0.669995
n10,mag0,ec-mag0-n10-run01,0c4ab6cd-da86-4794-acff-3bc6eb4162e0,agent_eta,48.585,3,0,evidence,0.719874,-0.734575,0.450177,0.719874,0.695442,0.68886,0.676492,0.684166
n10,mag0,ec-mag0-n10-run01,902707df-10a5-4a32-af41-f9e9d9a5b0e5,agent_theta,48.63,3,0,risk,0.642871,0.302841,-0.309128,0.606184,0.637703,0.631863,0.610705,0.642871
n10,mag0,ec-mag0-n10-run01,031a5190-2c25-439b-867d-2d7c52f7a554,agent_gamma,48.966,3,0,time,0.676652,-0.065843,0.832699,0.623929,0.652178,0.621987,0.676652,0.616133
n10,mag0,ec-mag0-n10-run01,bd61024e-b6f1-4ac9-b09f-10465434dfcf,agent_kappa,48.979,3,0,ownership,0.671421,0.600914,0.314123,0.646824,0.643245,0.671421,0.653591,0.657616
n10,mag0,ec-mag0-n10-run01,2307abbb-b4cc-42b0-9c39-2f7466adbe9b,agent_delta,49.352,3,0,time,0.685973,-0.176357,0.485934,0.599719,0.677623,0.657692,0.685973,0.656773
n10,mag0,ec-mag0-n10-run01,78836634-1855-46a3-9899-2e290d1d0abd,agent_zeta,49.373,3,0,risk,0.693535,0.391212,-0.052141,0.648489,0.686223,0.689068,0.683338,0.693535
n10,mag0,ec-mag0-n10-run01,99100c48-c97c-47bf-a471-1930e838ab85,agent_iota,49.798,3,0,evidence,0.691931,-0.531696,0.348286,0.691931,0.628994,0.639019,0.63056,0.677011
n10,mag0,ec-mag0-n10-run01,caa32b7d-ac03-4507-8ba4-e425297ced4d,agent_theta,49.965,3,0,testing,0.624456,-0.462444,-0.341653,0.560735,0.624456,0.602779,0.592157,0.606583
n10,mag0,ec-mag0-n10-run01,7856a956-3561-406f-bdcd-069f568fe531,agent_beta,50.352,3,0,risk,0.643856,0.163251,-0.342418,0.611091,0.642049,0.631582,0.606696,0.643856
n10,mag0,ec-mag0-n10-run01,4db4f3be-c387-4a20-ae89-fae62e524cd2,agent_eta,50.423,3,0,risk,0.687415,0.362563,0.032578,0.652413,0.673451,0.670527,0.683322,0.687415
n10,mag0,ec-mag0-n10-run01,152c33d2-f21c-49b0-9a40-65629c64a19a,agent_kappa,50.455,3,0,time,0.710159,-0.050224,0.846022,0.679083,0.681589,0.675894,0.710159,0.650074
n10,mag0,ec-mag0-n10-run01,446b2551-f36d-440a-8ffd-e4654994c159,agent_epsilon,50.607,3,0,testing,0.649509,-0.158765,-0.269021,0.635044,0.649509,0.627609,0.625467,0.646229
n10,mag0,ec-mag0-n10-run01,e48474de-a656-44bb-a780-dc40f12ffaf8,agent_alpha,50.852,3,0,risk,0.731331,0.781571,-0.336732,0.675993,0.692834,0.714512,0.701602,0.731331
n10,mag0,ec-mag0-n10-run01,4794ee29-3007-4bad-a241-9d6740429f4a,agent_delta,50.957,3,0,testing,0.664874,-0.66352,-0.373695,0.629746,0.664874,0.637891,0.60581,0.636464
n10,mag0,ec-mag0-n10-run01,3784dd07-4463-42c6-8338-6c9228b61d36,agent_theta,51.683,3,0,testing,0.659475,-0.547491,-0.222297,0.632555,0.659475,0.642096,0.630973,0.625233
n10,mag0,ec-mag0-n10-run01,04597ffa-00bd-411c-8d2d-150bff8ffb3b,agent_iota,51.819,3,0,evidence,0.7128,-0.846613,0.547567,0.7128,0.645726,0.640721,0.629941,0.644965
n10,mag0,ec-mag0-n10-run01,4b36bbb1-0338-4a87-ad8b-744991736ad5,agent_zeta,51.973,3,0,time,0.697859,0.199428,0.64349,0.614242,0.650888,0.673481,0.697859,0.683346
n10,mag0,ec-mag0-n10-run01,18caaade-e2a3-4274-a07f-f039122e0b05,agent_alpha,52.221,3,0,risk,0.717501,0.10832,-0.124529,0.709627,0.712069,0.707081,0.69424,0.717501
n10,mag0,ec-mag0-n10-run01,6c0adb22-01fc-4f47-8215-968e3d120ecb,agent_gamma,52.532,3,0,time,0.69917,-0.003862,0.177749,0.685868,0.695471,0.685247,0.69917,0.69551
n10,mag0,ec-mag0-n10-run01,1cef6391-2137-4f98-af0b-d289734d84ae,agent_kappa,52.631,3,0,evidence,0.636241,-0.461503,0.637493,0.636241,0.584804,0.602058,0.630585,0.608952
n10,mag0,ec-mag0-n10-run01,b677865a-96eb-4beb-aa28-715a99513741,agent_beta,52.877,3,0,evidence,0.71843,-0.395566,0.261689,0.71843,0.673453,0.675403,0.666985,0.708032
n10,mag0,ec-mag0-n10-run01,27e7dc7c-fc4e-49cf-bef7-016373d68e3f,agent_theta,52.902,3,0,testing,0.754011,-0.690697,-0.269838,0.693744,0.754011,0.717207,0.734007,0.713719
n10,mag0,ec-mag0-n10-run01,7d004d8d-b90d-4850-be9a-fd74ac282b10,agent_eta,52.925,3,0,evidence,0.713764,-0.725253,0.463404,0.713764,0.690918,0.682349,0.684604,0.674187
n10,mag0,ec-mag0-n10-run01,d77b1f41-2071-4e03-9fea-b3641041db00,agent_delta,52.981,3,0,testing,0.713935,-0.597292,-0.088557,0.651896,0.713935,0.676698,0.70312,0.668721
n10,mag0,ec-mag0-n10-run01,3322733c-2a6a-48df-94d9-3a198625d8f3,agent_iota,53.216,3,0,risk,0.698814,0.073585,-0.019847,0.697371,0.666124,0.673126,0.65852,0.698814
n10,mag0,ec-mag0-n10-run01,1001c588-ba5e-4b0e-8b8d-d361bce60ccc,agent_zeta,53.311,3,1,ownership,0.677859,-0.033993,0.290076,0.670507,0.674232,0.677859,0.669554,0.650986
n10,mag0,ec-mag0-n10-run01,6efdb86a-1d29-4bd2-97c2-60367c768d37,agent_alpha,53.635,3,0,testing,0.674265,0.102135,-0.061875,0.664053,0.674265,0.67302,0.654433,0.672844
n10,mag0,ec-mag0-n10-run01,b4d1a169-6c8e-403f-9197-a9eb8a5c8655,agent_kappa,54.135,3,0,risk,0.662574,0.179095,0.192569,0.656253,0.614977,0.624817,0.659415,0.662574
n10,mag0,ec-mag0-n10-run01,f65d1073-e868-405b-b80d-665eee64833b,agent_epsilon,54.304,3,0,evidence,0.765312,-0.48557,0.426763,0.765312,0.722346,0.715905,0.747751,0.749545
n10,mag0,ec-mag0-n10-run01,0a50ffb4-93bf-47ab-b7b2-2eafaf076d54,agent_iota,54.312,3,0,evidence,0.757816,-0.849798,0.549893,0.757816,0.642015,0.643867,0.650838,0.665329
n10,mag0,ec-mag0-n10-run01,46151fb0-0b70-46f6-9b68-1cd74bee2c43,agent_theta,54.531,3,0,risk,0.669501,0.411065,-0.418358,0.619513,0.659214,0.645154,0.638286,0.669501
n10,mag0,ec-mag0-n10-run01,e4b40cb6-ac6d-491d-9d4f-dc78cd256110,agent_delta,54.787,3,0,testing,0.798211,-0.400449,-0.128689,0.761527,0.798211,0.771402,0.78688,0.781968
n10,mag0,ec-mag0-n10-run01,ba8384cf-becb-4d6f-a064-05ca0c62f182,agent_alpha,55.112,3,0,risk,0.678576,0.261331,-0.063768,0.672468,0.653004,0.662743,0.652858,0.678576
n10,mag0,ec-mag0-n10-run01,6c2d558c-b326-4d50-bb87-54fbb7a92a2c,agent_iota,55.976,3,0,evidence,0.717783,-0.848223,0.549102,0.717783,0.635849,0.627553,0.640251,0.645302
n10,mag0,ec-mag0-n10-run01,83308e32-b990-4364-92ac-5084537f9beb,agent_kappa,55.982,3,0,evidence,0.644595,-0.603188,0.49178,0.644595,0.587039,0.609071,0.622067,0.621378
n10,mag0,ec-mag0-n10-run01,5790a9c3-b7d5-4fd3-a1d6-532f9d6247dc,agent_theta,55.992,3,0,risk,0.672656,0.390234,-0.082277,0.644841,0.663738,0.666139,0.660362,0.672656
n10,mag0,ec-mag0-n10-run01,cd8834d5-6628-43f8-957c-ba6b10edcff4,agent_eta,56.078,3,0,evidence,0.646497,-0.111286,0.140445,0.646497,0.63471,0.632441,0.63256,0.643363
n10,mag0,ec-mag0-n10-run01,7b0de077-ac23-4a42-8f2b-8b8a7e358bf8,agent_epsilon,56.665,3,0,testing,0.679234,-0.440994,-0.325609,0.6417,0.679234,0.651486,0.654524,0.664667
n10,mag0,ec-mag0-n10-run01,42802bfd-c9f8-484f-bda6-8a97001a1eab,agent_gamma,56.787,3,0,evidence,0.665826,-0.84736,0.549701,0.665826,0.582199,0.58674,0.599719,0.590143
n10,mag1,ec-mag1-n10-run01,f39a719f-29da-4c3f-a2de-92de013bae56,agent_alpha,0.0,0,0,testing,0.648515,-0.639473,-0.337568,0.588694,0.648515,0.627757,0.603191,0.603962
n10,mag1,ec-mag1-n10-run01,52a3f9b5-a680-4063-97bd-1be1b433e49b,agent_delta,0.134,0,0,time,0.574016,0.00433,0.33502,0.503542,0.570786,0.569004,0.574016,0.553736
n10,mag1,ec-mag1-n10-run01,ff9f4a90-3c00-44a1-9ae9-94e46f6b289d,agent_beta,0.376,0,0,evidence,0.774147,-0.847401,0.548112,0.774147,0.704265,0.698895,0.688221,0.704021
n10,mag1,ec-mag1-n10-run01,01373ea4-e384-4d28-9687-727c106db945,agent_epsilon,0.389,0,0,time,0.630517,-0.230519,0.300059,0.573426,0.628509,0.613471,0.630517,0.604713
n10,mag1,ec-mag1-n10-run01,ba12b6a3-0738-4930-9931-43f762b003a1,agent_iota,0.456,0,0,evidence,0.766221,-0.846556,0.54857,0.766221,0.689336,0.697318,0.683446,0.695941
n10,mag1,ec-mag1-n10-run01,781e0e87-26f3-4697-bf5e-c4f40d712e84,agent_zeta,0.532,0,0,ownership,0.596428,0.581602,0.288061,0.570593,0.575226,0.596428,0.566385,0.577476
n10,mag1,ec-mag1-n10-run01,99f3031c-1ccf-4634-a0ce-d4ffdb885bbc,agent_gamma,0.571,0,0,evidence,0.616032,-0.228269,0.424421,0.616032,0.569227,0.606682,0.590508,0.59848
n10,mag1,ec-mag1-n10-run01,c74f3332-6577-44e3-ab3d-4b0070f09325,agent_theta,0.572,0,0,testing,0.68103,-0.058592,-0.368885,0.648975,0.68103,0.662796,0.647503,0.678055
n10,mag1,ec-mag1-n10-run01,8fc59198-3903-439b-9312-dd4894a2d0dd,agent_eta,0.765,0,0,risk,0.621167,0.706949,-0.405966,0.587211,0.59095,0.595332,0.588064,0.621167
n10,mag1,ec-mag1-n10-run01,5be8cf16-d73e-4185-9bd9-85771250964a,agent_alpha,0.931,0,0,ownership,0.627334,0.746492,0.316997,0.57087,0.595582,0.627334,0.599932,0.609287
n10,mag1,ec-mag1-n10-run01,f81cdb5e-60f1-4c28-802a-cb9fb4c30737,agent_kappa,1.086,0,0,time,0.730818,0.241011,0.398747,0.719018,0.698407,0.721648,0.730818,0.725983
n10,mag1,ec-mag1-n10-run01,0e3fd678-63c1-4823-bdbd-9e0b487faf7a,agent_delta,1.1,0,0,time,0.712273,-0.219851,0.384924,0.668684,0.708261,0.694868,0.712273,0.67362
n10,mag1,ec-mag1-n10-run01,16b6c88a-6ae8-486b-b944-da6a9c6cffe5,agent_epsilon,1.202,0,0,testing,0.643267,-0.262467,0.035901,0.596262,0.643267,0.626765,0.637674,0.627473
n10,mag1,ec-mag1-n10-run01,63fc10c7-d1e1-4ba3-9155-7aa76969d5a9,agent_iota,1.518,0,0,risk,0.705851,0.486087,-0.261858,0.69118,0.680804,0.687139,0.653926,0.705851
n10,mag1,ec-mag1-n10-run01,637cdae4-220a-4681-8d55-22c094e5201c,agent_eta,1.794,0,0,risk,0.681578,0.214842,-0.20307,0.671053,0.669394,0.659189,0.655793,0.681578
n10,mag1,ec-mag1-n10-run01,8e795918-3e22-4e51-8edd-89340895eb80,agent_beta,1.833,0,0,risk,0.719971,0.332969,-0.118052,0.712992,0.680566,0.703039,0.654083,0.719971
n10,mag1,ec-mag1-n10-run01,4366c5bb-6df7-4c91-8c6b-04e14cd6fbf4,agent_alpha,1.943,0,0,testing,0.547312,0.00229,-0.370945,0.500088,0.547312,0.531372,0.514449,0.545221
n10,mag1,ec-mag1-n10-run01,cdc33625-5c36-46ec-b3ee-c0088368c610,agent_epsilon,2.114,0,0,time,0.648464,-0.040842,0.833077,0.590999,0.622435,0.60475,0.648464,0.60397
n10,mag1,ec-mag1-n10-run01,ec03dcea-23ed-4442-a0ee-ff78d632c5a6,agent_zeta,2.155,0,0,risk,0.591933,0.269875,-0.24149,0.542767,0.589625,0.58639,0.563733,0.591933
n10,mag1,ec-mag1-n10-run01,52a83519-036e-42cb-9cb8-6c4c74dece20,agent_gamma,2.181,0,0,time,0.71706,0.134851,0.563421,0.703989,0.700465,0.713863,0.71706,0.69371
n10,mag1,ec-mag1-n10-run01,f9cdd9c5-990c-4ac8-807d-3d60b91b8360,agent_theta,2.216,0,0,risk,0.655361,0.511179,-0.419608,0.618208,0.64079,0.630249,0.620813,0.655361
n10,mag1,ec-mag1-n10-run01,6007be70-d4c3-41b3-8005-5edc7af1b252,agent_delta,2.335,0,0,testing,0.741658,-0.460686,0.038984,0.688275,0.741658,0.719421,0.734639,0.700341
n10,mag1,ec-mag1-n10-run01,bf1d786a-eb59-4eb1-b15a-e50ffbfb1445,agent_kappa,2.596,0,0,time,0.753442,0.048504,0.797841,0.713713,0.717917,0.721634,0.753442,0.727156
n10,mag1,ec-mag1-n10-run01,655d7cae-204f-407e-a6b2-3ffcfa14964b,agent_iota,2.648,0,0,evidence,0.632553,-0.179996,0.225282,0.632553,0.627898,0.628035,0.62146,0.622467
n10,mag1,ec-mag1-n10-run01,73722b41-4ebb-4ee3-829e-0f2b5504cb39,agent_eta,2.878,0,0,testing,0.695675,-0.586736,-0.262537,0.68085,0.695675,0.664799,0.654651,0.6781
n10,mag1,ec-mag1-n10-run01,092a9fd0-0b6f-4a34-950c-3fa42bf602cb,agent_alpha,2.955,0,0,testing,0.665686,-0.083985,-0.188499,0.637205,0.665686,0.658749,0.629881,0.655619
n10,mag1,ec-mag1-n10-run01,799aed47-f6d9-4348-87e4-42dc24597da2,agent_beta,3.045,0,0,evidence,0.650925,-0.010544,0.227636,0.650925,0.633379,0.646993,0.607773,0.643358
n10,mag1,ec-mag1-n10-run01,435f9e15-5fd3-49ae-88ee-54fcfe897db0,agent_theta,3.066,0,0,ownership,0.641376,0.807375,0.304397,0.575317,0.604165,0.641376,0.593765,0.62279
n10,mag1,ec-mag1-n10-run01,6a58b772-d94d-4e68-80b8-7c685d253abb,agent_gamma,3.297,0,0,evidence,0.701576,-0.544935,0.543752,0.701576,0.670182,0.675394,0.687951,0.672609
n10,mag1,ec-mag1-n10-run01,c6e271d3-9576-4f0b-83cd-c4afc7e828e6,agent_epsilon,3.342,0,0,testing,0.633112,-0.544395,-0.282202,0.568897,0.633112,0.61222,0.607328,0.605948
n10,mag1,ec-mag1-n10-run01,0cd5ed3b-ac56-4f63-aeab-3b1517df9ddc,agent_zeta,3.354,0,0,ownership,0.498621,0.291712,0.176587,0.482494,0.488945,0.498621,0.470835,0.483351
n10,mag1,ec-mag1-n10-run01,0773ae0e-7931-4558-af34-23f00c73a34b,agent_kappa,3.558,0,0,time,0.670985,-0.080391,0.39366,0.659779,0.661766,0.655462,0.670985,0.658965
n10,mag1,ec-mag1-n10-run01,3c55526c-6482-4ad0-a053-ba7b5d66d27c,agent_eta,3.77,0,0,evidence,0.662827,-0.635767,0.439574,0.662827,0.623558,0.630276,0.62084,0.640002
n10,mag1,ec-mag1-n10-run01,f2841ab3-49c3-4281-84c4-6e944ea8fc0b,agent_alpha,4.267,0,0,risk,0.671568,0.529591,-0.183376,0.625211,0.654924,0.657145,0.656855,0.671568
n10,mag1,ec-mag1-n10-run01,fb79dca7-b60b-480c-a60b-f226accf0293,agent_zeta,4.272,0,0,ownership,0.612188,0.553218,0.211329,0.525465,0.597501,0.612188,0.576121,0.592521
n10,mag1,ec-mag1-n10-run01,330fa532-7536-4274-bedc-cb83b5fa76d5,agent_beta,4.361,0,0,ownership,0.630251,0.302343,0.033626,0.620022,0.621958,0.630251,0.576638,0.626355
n10,mag1,ec-mag1-n10-run01,91d29ac3-93e0-441e-b580-0de102e6492e,agent_iota,4.39,0,0,evidence,0.716333,-0.787864,0.539602,0.716333,0.660313,0.676229,0.676036,0.671589
n10,mag1,ec-mag1-n10-run01,f5a48e03-5bd7-42c7-8dcf-32c17d26e097,agent_kappa,4.392,0,0,time,0.701352,0.241868,0.486043,0.681967,0.655894,0.686925,0.701352,0.693117
n10,mag1,ec-mag1-n10-run01,ebffb5cc-225b-4ce9-928c-e5a74532e25f,agent_eta,4.725,0,0,ownership,0.54687,0.175837,-0.084776,0.533364,0.546477,0.54687,0.517972,0.545498
n10,mag1,ec-mag1-n10-run01,65153511-1e69-460c-b1cc-08588494dd62,agent_delta,4.943,0,0,ownership,0.588569,0.143862,0.116196,0.5143,0.58757,0.588569,0.581979,0.57889
n10,mag1,ec-mag1-n10-run01,cf51b0b8-a337-4bc8-a02e-153128a6b702,agent_theta,4.95,0,0,testing,0.644585,-0.31177,-0.294311,0.605094,0.644585,0.630377,0.602039,0.629752
n10,mag1,ec-mag1-n10-run01,7be80c4a-bc77-424d-b94b-54a2db4e2200,agent_gamma,5.119,0,0,time,0.652732,0.098824,0.744313,0.610582,0.611962,0.62044,0.652732,0.632486
n10,mag1,ec-mag1-n10-run01,78bc7a52-ddd8-4318-81d1-efdc9b0ee4d4,agent_alpha,5.147,0,0,risk,0.676767,0.059919,0.067545,0.674904,0.646916,0.642926,0.663333,0.676767
n10,mag1,ec-mag1-n10-run01,8c266634-662b-4c61-8b80-7260efafc6df,agent_iota,5.385,0,0,ownership,0.654855,0.214908,0.444275,0.649778,0.617707,0.654855,0.611196,0.625724
n10,mag1,ec-mag1-n10-run01,b7d9cb40-59a7-49f6-9636-f78ea4a9a83c,agent_kappa,5.428,0,0,time,0.654536,0.289804,0.358981,0.631776,0.60261,0.627094,0.654536,0.65058
n10,mag1,ec-mag1-n10-run01,8fb94d38-1fd9-4776-87a6-67fddc015c96,agent_beta,5.524,0,0,risk,0.722628,0.428442,-0.223538,0.696643,0.710441,0.70919,0.702714,0.722628
n10,mag1,ec-mag1-n10-run01,1cfda762-7658-422a-826e-69bb942a889b,agent_zeta,5.746,0,0,ownership,0.566161,0.812019,0.280387,0.511284,0.526297,0.566161,0.519614,0.549913
n10,mag1,ec-mag1-n10-run01,15a99c7f-22b3-4d5d-9d0e-d04d6bc9b90d,agent_eta,5.805,0,0,risk,0.616389,0.236283,-0.165594,0.60813,0.598265,0.591875,0.587882,0.616389
n10,mag1,ec-mag1-n10-run01,f3843e14-45ef-4c6e-a262-14e7cd619acd,agent_epsilon,5.902,0,0,time,0.533288,0.195433,0.287339,0.508462,0.524381,0.526911,0.533288,0.52747
n10,mag1,ec-mag1-n10-run01,84d10f18-2e07-435e-9057-04afa85bed07,agent_delta,6.062,0,0,time,0.569138,-0.126916,0.261676,0.5144,0.568856,0.561871,0.569138,0.546999
n10,mag1,ec-mag1-n10-run01,68f19310-37ad-4010-8ad2-2b425dae51f3,agent_gamma,6.187,0,0,time,0.64274,0.186678,0.580189,0.611,0.585897,0.608602,0.64274,0.631321
n10,mag1,ec-mag1-n10-run01,9110ee53-5c2c-42cc-b0dd-5c86907a55d1,agent_alpha,6.378,0,0,ownership,0.639981,0.709251,0.265815,0.595864,0.615724,0.639981,0.593035,0.62166
n10,mag1,ec-mag1-n10-run01,25f30557-2c50-4865-9cbe-d43d4122784f,agent_iota,6.881,0,0,risk,0.69158,0.280637,-0.169435,0.674888,0.684766,0.683174,0.669226,0.69158
n10,mag1,ec-mag1-n10-run01,a7ea2a44-8633-4daf-949c-31768c901ccb,agent_beta,6.881,0,0,evidence,0.660443,-0.845241,0.547208,0.660443,0.589609,0.592035,0.563436,0.596729
n10,mag1,ec-mag1-n10-run01,2b972c7b-9d0d-4168-8e98-3239d8f96f42,agent_eta,6.926,0,0,evidence,0.617823,-0.66657,0.449637,0.617823,0.577975,0.582373,0.573027,0.593671
n10,mag1,ec-mag1-n10-run01,314045e1-84e3-4e35-9a9f-f68beb5b37cb,agent_delta,7.027,0,0,time,0.572606,-0.06841,0.457449,0.49879,0.565568,0.560761,0.572606,0.540694
n10,mag1,ec-mag1-n10-run01,918604ee-0311-4c85-b3ff-6bd2cdc6bae3,agent_kappa,7.035,0,0,time,0.662939,0.159169,0.601593,0.6405,0.625637,0.645004,0.662939,0.649234
n10,mag1,ec-mag1-n10-run01,917c165b-24b2-441d-9afd-803792cdff14,agent_epsilon,7.121,0,0,testing,0.636782,-0.751886,-0.346364,0.561672,0.636782,0.582911,0.611497,0.597285
n10,mag1,ec-mag1-n10-run01,b172eff6-da40-4b70-a4f8-87b5e9789e7f,agent_gamma,7.182,0,0,time,0.750514,0.194356,0.598015,0.711962,0.70987,0.724934,0.750514,0.737786
n10,mag1,ec-mag1-n10-run01,acd8402f-0f57-4b2b-bb5c-af4c8de719ef,agent_zeta,7.795,0,0,ownership,0.578311,0.498068,0.357769,0.562208,0.552879,0.578311,0.531959,0.553091
n10,mag1,ec-mag1-n10-run01,c16808ab-aafc-46d5-a284-4bd1d6055025,agent_alpha,7.832,0,0,ownership,0.64452,0.305015,0.044104,0.602834,0.638856,0.64452,0.600022,0.630339
n10,mag1,ec-mag1-n10-run01,7fc8274f-e8fa-4bb9-9fe9-74f4155258d9,agent_theta,8.097,0,0,ownership,0.641497,0.111147,0.073877,0.590324,0.640277,0.641497,0.627026,0.625128
n10,mag1,ec-mag1-n10-run01,7d275b83-d30d-4252-9af2-5ba8ccee98c3,agent_iota,8.106,0,0,ownership,0.611764,0.438706,0.117803,0.587554,0.600409,0.611764,0.571174,0.599834
n10,mag1,ec-mag1-n10-run01,cd84e7e4-dd96-4bdd-8c1a-ed0bbddbc875,agent_beta,8.125,0,0,evidence,0.701655,-0.559418,0.443083,0.701655,0.664095,0.680446,0.646346,0.677519
n10,mag1,ec-mag1-n10-run01,7114fd6c-0585-44f7-b1ef-226e9e182d65,agent_eta,8.335,0,0,risk,0.543906,0.089063,0.0355,0.539627,0.535798,0.534538,0.532876,0.543906
n10,mag1,ec-mag1-n10-run01,0b73f975-6069-4790-9c8c-f3374b712f47,agent_gamma,8.35,0,0,risk,0.714632,0.77424,-0.269743,0.684342,0.667879,0.703313,0.666812,0.714632
n10,mag1,ec-mag1-n10-run01,2e493ae6-2036-45b4-8e7f-ab78c534d041,agent_epsilon,8.516,0,0,time,0.670197,0.016415,0.910036,0.606096,0.62135,0.627245,0.670197,0.62861
n10,mag1,ec-mag1-n10-run01,531b6fd5-0f51-42a0-87d6-c5959679668c,agent_delta,8.734,0,0,testing,0.76422,-0.378921,-0.114185,0.687927,0.76422,0.75011,0.74889,0.738056
n10,mag1,ec-mag1-n10-run01,fd21dc8e-eee6-4bf1-a3e4-a6108f8a2913,agent_theta,9.197,0,0,testing,0.671485,-0.764325,-0.351542,0.6369,0.671485,0.636315,0.638444,0.622772
n10,mag1,ec-mag1-n10-run01,5dd8d97e-dbaf-4a8f-bcbd-d335b284c282,agent_zeta,9.203,0,0,risk,0.62243,0.726433,-0.23788,0.575941,0.596462,0.612662,0.592805,0.62243
n10,mag1,ec-mag1-n10-run01,e88906fe-15fd-4f32-8900-7adadc415656,agent_gamma,9.284,0,0,time,0.767538,-0.059579,0.686606,0.75639,0.732861,0.746485,0.767538,0.746728
n10,mag1,ec-mag1-n10-run01,2e05a5a7-3bea-48f5-9ff5-5b7ea7696df3,agent_eta,9.305,0,1,risk,0.658704,0.314027,-0.213446,0.642583,0.649927,0.648448,0.626114,0.658704
n10,mag1,ec-mag1-n10-run01,5706b860-10d0-42ca-8551-6682b2165470,agent_alpha,9.372,0,0,ownership,0.667065,0.54621,0.274366,0.619504,0.651481,0.667065,0.630022,0.637336
n10,mag1,ec-mag1-n10-run01,d82652b2-f896-48ef-8acf-bcc8cc769bcb,agent_iota,9.378,0,0,evidence,0.708844,-0.730578,0.475171,0.708844,0.644619,0.642635,0.651027,0.68266
n10,mag1,ec-mag1-n10-run01,ed3fe9e0-c8a0-49fd-ad63-a979acd82af5,agent_kappa,9.844,0,0,time,0.697594,0.134256,0.717612,0.663989,0.655634,0.676013,0.697594,0.677967
n10,mag1,ec-mag1-n10-run01,247ce2ec-69d5-4833-9c1b-1c9aa5a7ce0f,agent_epsilon,10.093,0,0,testing,0.720826,-0.366443,-0.018721,0.681881,0.720826,0.700152,0.712856,0.701401
n10,mag1,ec-mag1-n10-run01,f29fa08e-ceb2-4276-9703-92984510f725,agent_gamma,10.217,0,0,risk,0.701516,0.375192,-0.009278,0.688203,0.653728,0.663262,0.69243,0.701516
n10,mag1,ec-mag1-n10-run01,d509960d-99ce-48d6-9104-2f88329a395e,agent_beta,10.334,0,0,risk,0.685263,0.397598,-0.004441,0.678121,0.665135,0.682022,0.632738,0.685263
n10,mag1,ec-mag1-n10-run01,927ad00f-703a-4411-8742-6f6c63a379d5,agent_eta,10.518,0,0,evidence,0.609192,-0.264296,0.301771,0.609192,0.583052,0.594792,0.580938,0.59758
n10,mag1,ec-mag1-n10-run01,42fa8a6e-a0a8-48eb-a58d-7532e8bb8d00,agent_zeta,10.788,0,0,testing,0.676232,-0.145179,-0.115912,0.609865,0.676232,0.665963,0.662392,0.664664
n10,mag1,ec-mag1-n10-run01,c045fb1b-9a9d-43a6-a84f-aeb4f90189be,agent_theta,10.902,0,0,risk,0.635969,0.625925,-0.25969,0.600669,0.618941,0.627114,0.586384,0.635969
n10,mag1,ec-mag1-n10-run01,0a131250-6416-41fe-83cb-c421e10c1306,agent_kappa,10.932,0,0,risk,0.733592,0.333021,0.199979,0.722445,0.706063,0.724256,0.730992,0.733592
n10,mag1,ec-mag1-n10-run01,2c630107-3857-4a5d-9904-256cbfc5d721,agent_iota,11.065,0,0,evidence,0.759568,-0.848252,0.549491,0.759568,0.676118,0.688664,0.65503,0.673454
n10,mag1,ec-mag1-n10-run01,1ec058ed-d700-4257-ba5d-1417ffb46a4c,agent_alpha,11.184,0,0,risk,0.699042,0.729221,-0.381019,0.6516,0.673179,0.681814,0.655829,0.699042
n10,mag1,ec-mag1-n10-run01,ed7ec639-97d1-45f3-8d2d-7dd9a7824415,agent_gamma,11.409,0,0,time,0.705538,-0.027854,0.863622,0.678484,0.663244,0.664582,0.705538,0.669736
n10,mag1,ec-mag1-n10-run01,720fe225-4bd7-426b-a8bf-8de946467558,agent_delta,11.651,0,0,time,0.672267,-0.229451,0.349397,0.620519,0.668799,0.652656,0.672267,0.643515
n10,mag1,ec-mag1-n10-run01,91111f20-d733-4bed-a350-78b5b5f54647,agent_eta,11.978,0,0,risk,0.648057,0.654864,-0.336889,0.616923,0.624627,0.631185,0.61308,0.648057
n10,mag1,ec-mag1-n10-run01,45878df4-d8b4-48d4-a03a-dee290c942af,agent_epsilon,12.124,0,0,testing,0.708353,-0.515385,0.054177,0.659086,0.708353,0.666052,0.702646,0.668702
n10,mag1,ec-mag1-n10-run01,45f14dfb-92b7-490e-811d-432bad5335f4,agent_gamma,12.358,0,0,evidence,0.609,-0.228619,0.349376,0.609,0.571099,0.591144,0.594169,0.599146
n10,mag1,ec-mag1-n10-run01,5df6f9f7-49ac-4760-8225-9727653e4c43,agent_beta,12.495,0,0,evidence,0.720368,-0.833156,0.541976,0.720368,0.658264,0.656397,0.663609,0.670258
n10,mag1,ec-mag1-n10-run01,f4eaa62c-887f-4f6c-b2f3-ad4e2b6d25d2,agent_iota,12.794,0,0,risk,0.73426,0.095868,-0.320499,0.713023,0.73192,0.715521,0.709757,0.73426
n10,mag1,ec-mag1-n10-run01,0977b75f-76f8-475c-a96f-3669eb063650,agent_eta,13.005,0,0,risk,0.637484,0.473566,-0.190341,0.624786,0.594595,0.616397,0.610602,0.637484
n10,mag1,ec-mag1-n10-run01,903b7abe-a7f2-4e15-9c5b-3bb17dfccbf5,agent_gamma,13.308,0,0,risk,0.738382,0.401649,0.174217,0.710429,0.710941,0.719829,0.737329,0.738382
n10,mag1,ec-mag1-n10-run01,6dbe1593-b40b-4ae8-ae77-abd4cdfd2f39,agent_zeta,13.605,0,0,ownership,0.664581,0.827111,0.354466,0.594924,0.620877,0.664581,0.605745,0.64119
n10,mag1,ec-mag1-n10-run01,61368d18-0bd8-4c92-bb36-3336a6358495,agent_theta,13.75,0,0,testing,0.652083,-0.146931,0.104443,0.647748,0.652083,0.651872,0.622155,0.634705
n10,mag1,ec-mag1-n10-run01,4c357185-70e5-4634-9dae-5ec26113ee2f,agent_eta,13.946,0,1,risk,0.620892,0.745907,-0.28829,0.574241,0.594093,0.60974,0.580968,0.620892
n10,mag1,ec-mag1-n10-run01,43aa21d9-4e38-4d4b-a1c4-376ee09f869a,agent_beta,14.026,0,0,ownership,0.629128,0.790228,0.327937,0.594373,0.582884,0.629128,0.564596,0.609415
n10,mag1,ec-mag1-n10-run01,2a424416-1a00-4552-a13d-6d6eeb1febed,agent_delta,14.086,0,0,testing,0.732332,-0.190961,-0.347294,0.66909,0.732332,0.714722,0.700935,0.724444
n10,mag1,ec-mag1-n10-run01,502be051-4461-40e0-aced-26414ef3c422,agent_gamma,14.477,0,0,risk,0.734265,0.576376,-0.032387,0.693859,0.681979,0.711667,0.726661,0.734265
n10,mag1,ec-mag1-n10-run01,c99263d8-df86-49ff-88a1-bf2999609e83,agent_alpha,14.483,0,0,testing,0.655553,-0.192773,0.021744,0.628435,0.655553,0.633401,0.65182,0.647246
n10,mag1,ec-mag1-n10-run01,c1e55488-70ed-463f-9f47-3b029fae4aae,agent_iota,14.551,0,0,evidence,0.666728,-0.791664,0.531062,0.666728,0.620962,0.627716,0.621038,0.621336
n10,mag1,ec-mag1-n10-run01,4ae9c4ca-9bc2-4dc3-a71e-29ed50f0dd75,agent_kappa,14.969,0,0,risk,0.679493,0.243681,-0.115515,0.672129,0.657583,0.656618,0.655405,0.679493
n10,mag1,ec-mag1-n10-run01,3a308f3c-c283-47d0-b542-4b3587735e4d,agent_gamma,15.271,1,0,risk,0.682446,0.53266,0.057872,0.650235,0.633325,0.665517,0.677045,0.682446
n10,mag1,ec-mag1-n10-run01,c8802dd1-1462-4828-b166-c1b5150ee1a8,agent_beta,15.788,1,0,evidence,0.666553,-0.752066,0.490468,0.666553,0.623511,0.623796,0.611189,0.635805
n10,mag1,ec-mag1-n10-run01,41b3050c-30ff-4db6-87e1-e0f350cfed22,agent_eta,15.829,1,0,risk,0.697899,0.109453,-0.005555,0.695412,0.677137,0.681056,0.673393,0.697899
n10,mag1,ec-mag1-n10-run01,190735af-1b9e-48dc-a844-da8fe29dbd21,agent_delta,15.839,1,0,testing,0.601079,-0.537864,-0.075797,0.506842,0.601079,0.573562,0.59043,0.565143
n10,mag1,ec-mag1-n10-run01,b83db37f-0785-4c8e-a3b0-58fe6c0a23c6,agent_iota,16.132,1,0,evidence,0.702053,-0.824873,0.535252,0.702053,0.628705,0.639943,0.616326,0.658556
n10,mag1,ec-mag1-n10-run01,01965d45-ccf7-4d30-8c07-6f768252a607,agent_kappa,16.297,1,0,time,0.733688,-0.121357,0.542512,0.731975,0.695439,0.716529,0.733688,0.723008
n10,mag1,ec-mag1-n10-run01,f47884ff-be14-46b3-b29d-a346762de12f,agent_zeta,16.387,1,0,ownership,0.674845,0.351,-0.097265,0.630654,0.671405,0.674845,0.642182,0.672127
n10,mag1,ec-mag1-n10-run01,ee0bff7a-91a3-447d-af1d-af045549bbfd,agent_gamma,16.425,1,0,time,0.692195,0.133061,0.548384,0.678288,0.66865,0.683387,0.692195,0.678032
n10,mag1,ec-mag1-n10-run01,85208d11-add6-472c-8726-903e55b303ab,agent_epsilon,16.444,1,0,time,0.6394,0.119306,0.206607,0.623833,0.62923,0.618183,0.6394,0.637205
n10,mag1,ec-mag1-n10-run01,f89dcf16-6b03-42fa-8085-81c303ea3dd9,agent_gamma,17.496,1,0,time,0.680205,0.099044,0.732718,0.638187,0.634594,0.632166,0.680205,0.661614
n10,mag1,ec-mag1-n10-run01,48cd98da-06f7-4c42-aad4-09935996420f,agent_beta,17.677,1,0,evidence,0.636937,-0.022852,0.209877,0.636937,0.620066,0.631078,0.614267,0.631205
n10,mag1,ec-mag1-n10-run01,e402f03b-bec6-4743-9e73-939b4fa28eda,agent_iota,17.987,1,0,evidence,0.7124,-0.848012,0.549763,0.7124,0.61898,0.644233,0.612511,0.613921
n10,mag1,ec-mag1-n10-run01,80487ff1-1a24-4eb7-a9d8-c18507f38b7d,agent_eta,18.072,1,0,risk,0.652675,0.408968,-0.171655,0.616576,0.646968,0.649635,0.622957,0.652675
n10,mag1,ec-mag1-n10-run01,67ecefe1-63d3-441e-8af2-40878236f635,agent_gamma,18.299,1,0,evidence,0.681518,-0.455598,0.542013,0.681518,0.630608,0.636181,0.672471,0.662679
n10,mag1,ec-mag1-n10-run01,af86e242-2a88-42e7-8fe4-b948e143975d,agent_kappa,18.533,1,0,ownership,0.691981,0.237956,0.476457,0.68607,0.652217,0.691981,0.679397,0.671427
n10,mag1,ec-mag1-n10-run01,c0aee274-f4d9-4cab-8413-32238a94b067,agent_zeta,19.119,1,0,testing,0.655931,-0.298925,-0.348795,0.599743,0.655931,0.634414,0.627476,0.645432
n10,mag1,ec-mag1-n10-run01,4bf64c71-c056-46fd-b87f-fcfbf79726f0,agent_gamma,19.329,1,0,time,0.637219,0.152249,0.51907,0.607693,0.610042,0.606484,0.637219,0.626483
n10,mag1,ec-mag1-n10-run01,1e909cb1-79b2-4822-8984-137487c439bc,agent_alpha,19.463,1,0,testing,0.648016,-0.181389,-0.296346,0.603415,0.648016,0.635527,0.607905,0.637958
n10,mag1,ec-mag1-n10-run01,b8250c81-0803-4b30-b88e-17e353487bd8,agent_beta,19.604,1,0,risk,0.690955,0.730571,-0.313327,0.649273,0.660955,0.675265,0.662187,0.690955
n10,mag1,ec-mag1-n10-run01,8579448a-4c21-4abd-b1d2-36bde8467062,agent_eta,19.607,1,0,testing,0.599461,-0.375783,0.00971,0.597574,0.599461,0.588016,0.574296,0.589357
n10,mag1,ec-mag1-n10-run01,7ef73240-c1a8-47a6-987b-395c18036a3c,agent_theta,19.707,1,0,time,0.66067,0.410432,0.44785,0.629022,0.636249,0.659312,0.66067,0.652257
n10,mag1,ec-mag1-n10-run01,0f235f03-65b2-44c0-8270-def939a8c8f4,agent_kappa,20.025,1,0,time,0.713146,0.022983,0.609594,0.702052,0.669823,0.693845,0.713146,0.699066
n10,mag1,ec-mag1-n10-run01,9e4ed818-f30f-4922-a043-45b83b0cb06d,agent_gamma,20.26,1,0,risk,0.726836,0.204687,0.101492,0.707018,0.718813,0.712549,0.725647,0.726836
n10,mag1,ec-mag1-n10-run01,a6b0001f-9eca-4f7a-b3f0-f37d58da90cc,agent_epsilon,20.449,1,0,time,0.705717,0.078286,0.29858,0.660653,0.69893,0.694949,0.705717,0.696151
n10,mag1,ec-mag1-n10-run01,c9baa044-7520-4977-9880-1a1a66a687ed,agent_eta,21.032,1,0,risk,0.631655,0.805778,-0.446958,0.572454,0.587407,0.604714,0.596063,0.631655
n10,mag1,ec-mag1-n10-run01,867b55ce-3aea-4955-b06c-b810e2a33c9a,agent_delta,21.307,1,0,time,0.704375,-0.078169,0.610331,0.627293,0.691353,0.682639,0.704375,0.668799
n10,mag1,ec-mag1-n10-run01,cb757e3c-640b-4e0e-8495-1b814477e171,agent_iota,21.74,1,0,evidence,0.667057,-0.848087,0.549397,0.667057,0.577156,0.589438,0.587536,0.591537
n10,mag1,ec-mag1-n10-run01,11911106-6b5e-4ad9-8e90-29f018694367,agent_beta,21.803,1,0,risk,0.63566,0.6526,-0.370887,0.609758,0.606546,0.611447,0.601042,0.63566
n10,mag1,ec-mag1-n10-run01,f5c1d72b-be9a-4f85-b1e6-9993256676c9,agent_zeta,22.001,1,0,ownership,0.627263,0.797469,0.215714,0.570396,0.592411,0.627263,0.585263,0.615061
n10,mag1,ec-mag1-n10-run01,8b834824-9a33-441f-94dc-cba6c3a54195,agent_gamma,22.126,1,0,risk,0.677591,0.573335,-0.0713,0.648558,0.626936,0.655308,0.667986,0.677591
n10,mag1,ec-mag1-n10-run01,d83c71fc-21cd-4e73-b488-06390d6f2b66,agent_alpha,22.549,1,0,ownership,0.638723,0.732084,0.065891,0.597943,0.615348,0.638723,0.589025,0.633033
n10,mag1,ec-mag1-n10-run01,e0c5bf51-31df-460c-a8d8-7e80199e9d73,agent_kappa,22.853,1,0,risk,0.691257,0.463364,0.054254,0.669506,0.65048,0.670293,0.685583,0.691257
n10,mag1,ec-mag1-n10-run01,7525fbd5-93ba-4b6b-9eac-aef16904ad4d,agent_theta,23.184,1,0,ownership,0.679183,0.244223,0.120533,0.644867,0.673388,0.679183,0.647419,0.654772
n10,mag1,ec-mag1-n10-run01,afa2db9b-1182-48c2-96e0-095d4cf7494e,agent_gamma,23.454,1,0,time,0.672845,0.411566,0.210783,0.602192,0.640978,0.649226,0.672845,0.672497
n10,mag1,ec-mag1-n10-run01,942cf4ac-fbc5-4373-ab53-4a180c06d5ba,agent_epsilon,23.584,1,0,testing,0.574861,-0.396959,-0.09586,0.513715,0.574861,0.555399,0.563317,0.553738
n10,mag1,ec-mag1-n10-run01,e568b205-8e9e-41ca-9a60-490debe076e0,agent_beta,23.65,1,0,risk,0.620828,0.168272,0.0761,0.617788,0.612856,0.618993,0.606196,0.620828
n10,mag1,ec-mag1-n10-run01,576596fc-44a7-4d1f-ac7e-db74e7744c16,agent_alpha,23.812,1,0,testing,0.646085,-0.276175,0.084887,0.613919,0.646085,0.623392,0.642993,0.632083
n10,mag1,ec-mag1-n10-run01,264febc3-f9f5-44dc-8c5b-1d909da4fb80,agent_eta,23.94,1,0,evidence,0.699596,-0.113836,0.187589,0.699596,0.680142,0.688554,0.669321,0.693356
n10,mag1,ec-mag1-n10-run01,4b2a64af-70de-47d2-a2a1-bea6fc9913a4,agent_delta,24.073,1,0,testing,0.74072,-0.642884,-0.297787,0.653018,0.74072,0.714439,0.716031,0.705679
n10,mag1,ec-mag1-n10-run01,2cc16af7-d411-41a2-8d56-4c4aeb2887e2,agent_iota,24.5,1,0,evidence,0.78574,-0.848287,0.548934,0.78574,0.692344,0.693818,0.681534,0.715521
n10,mag1,ec-mag1-n10-run01,63354c14-9c06-45fd-a9ae-6a76b5c17ff1,agent_gamma,25.28,1,0,time,0.697728,0.067628,0.822587,0.650878,0.655582,0.66801,0.697728,0.670143
n10,mag1,ec-mag1-n10-run01,3f7916d4-3068-4de4-9696-0b19ea313ae6,agent_alpha,25.867,1,0,testing,0.590533,-0.116827,-0.079884,0.525469,0.590533,0.587081,0.549599,0.560448
n10,mag1,ec-mag1-n10-run01,824daa12-d6d0-4361-a75f-46a5e70b20fd,agent_delta,26.019,1,0,testing,0.746926,-0.26026,-0.240253,0.711241,0.746926,0.734702,0.716804,0.732659
n10,mag1,ec-mag1-n10-run01,1f69ac74-4278-4b2d-9ab2-8928f432a7e8,agent_kappa,26.083,1,0,evidence,0.680674,-0.162218,0.154276,0.680674,0.629191,0.653897,0.642707,0.67575
n10,mag1,ec-mag1-n10-run01,065816ba-750d-41b8-b182-55c14cfcc718,agent_gamma,26.544,1,0,time,0.659495,0.275146,0.325067,0.619235,0.639962,0.641965,0.659495,0.65468
n10,mag1,ec-mag1-n10-run01,5eccea28-f4fe-4b97-ac5c-2109c8c16b64,agent_beta,27.264,1,0,ownership,0.64916,0.306043,-0.038109,0.635591,0.643872,0.64916,0.608954,0.64705
n10,mag1,ec-mag1-n10-run01,813f8d4b-e700-46a9-be28-e7e85535bb72,agent_iota,27.955,1,0,evidence,0.736927,-0.847523,0.549036,0.736927,0.64828,0.664507,0.641054,0.664413
n10,mag1,ec-mag1-n10-run01,b79574f3-4f94-48e6-9dbc-05ccbf367b8b,agent_theta,27.98,1,0,risk,0.587797,0.622999,-0.323928,0.565482,0.559811,0.568653,0.548808,0.587797
n10,mag1,ec-mag1-n10-run01,b9b0368c-8f0f-4729-852a-ca85558c55e9,agent_gamma,28.33,1,0,risk,0.775757,0.777011,-0.422766,0.699999,0.723723,0.733881,0.750841,0.775757
n10,mag1,ec-mag1-n10-run01,2fdc5c4d-b2c3-41b9-a11e-3f4566444e7e,agent_kappa,28.843,1,0,risk,0.645935,0.773765,-0.178177,0.612499,0.609115,0.63941,0.608172,0.645935
n10,mag1,ec-mag1-n10-run01,b23ba5a4-1443-4141-b94c-da90a8289a2a,agent_eta,29.342,1,0,risk,0.692414,0.720537,-0.26754,0.643727,0.669592,0.683056,0.647278,0.692414
n10,mag1,ec-mag1-n10-run01,0bcbb289-d28e-4a1b-8010-019868be4fe3,agent_gamma,29.853,1,0,time,0.650835,0.053304,0.843965,0.600171,0.603523,0.613698,0.650835,0.622645
n10,mag1,ec-mag1-n10-run01,478bae85-1d3e-4239-9dfb-eaf2b2d540f1,agent_alpha,31.09,2,0,risk,0.580749,0.639445,-0.424745,0.539895,0.560238,0.557126,0.542404,0.580749
n10,mag1,ec-mag1-n10-run01,15bd5f91-7a43-46c8-b261-c29f763c074c,agent_eta,31.804,2,0,risk,0.639154,0.181077,0.044139,0.637233,0.613134,0.630024,0.610276,0.639154
n10,mag1,ec-mag1-n10-run01,755823bf-f4f6-4ff4-b3d1-59116e199ddc,agent_beta,31.901,2,0,risk,0.674843,0.719188,-0.189675,0.650515,0.641215,0.667379,0.605739,0.674843
n10,mag1,ec-mag1-n10-run01,551d0839-4299-4e5d-8f80-499ca7ff4ca2,agent_zeta,32.222,2,0,testing,0.631719,-0.240705,0.075638,0.627343,0.631719,0.629059,0.595871,0.612523
n10,mag1,ec-mag1-n10-run01,96e1c6c2-f4cc-46d1-8eed-f5f9823f8d1d,agent_gamma,32.37,2,0,time,0.649875,0.063499,0.807363,0.606478,0.618593,0.628245,0.649875,0.615382
n10,mag1,ec-mag1-n10-run01,e8bf93a0-9a7e-4d78-816c-6ff3fcafffd2,agent_epsilon,32.623,2,0,testing,0.676063,-0.56413,0.111036,0.671353,0.676063,0.643553,0.667434,0.654969
n10,mag1,ec-mag1-n10-run01,956fb071-f952-469a-abfa-77bcca700e53,agent_iota,32.879,2,0,evidence,0.758044,-0.839752,0.543621,0.758044,0.673777,0.676141,0.673171,0.706347
n10,mag1,ec-mag1-n10-run01,3cf986d1-4300-4120-93bb-1b48aa2e96df,agent_delta,33.421,2,0,testing,0.747446,-0.380634,-0.19289,0.706916,0.747446,0.729866,0.729599,0.72935
n10,mag1,ec-mag1-n10-run01,ec4c850a-ab2a-4b1e-a9b1-be3caf28e68d,agent_kappa,33.552,2,0,risk,0.699463,0.486979,0.100577,0.669153,0.66695,0.684491,0.695509,0.699463
n10,mag1,ec-mag1-n10-run01,49ec6310-15d1-46bd-aa75-6cd62375938f,agent_alpha,33.654,2,0,risk,0.633283,0.800849,-0.316245,0.574908,0.597601,0.620647,0.590992,0.633283
n10,mag1,ec-mag1-n10-run01,5867d581-7e20-4a47-806a-475078bd9007,agent_gamma,33.695,2,0,time,0.670195,0.223516,0.571849,0.621691,0.635464,0.649688,0.670195,0.657977
n10,mag1,ec-mag1-n10-run01,8668089a-a07c-4fce-8f83-a1b594bb04eb,agent_zeta,35.025,2,0,risk,0.646498,0.578754,-0.209998,0.61492,0.631424,0.63908,0.614332,0.646498
n10,mag1,ec-mag1-n10-run01,05a24726-ad60-4bd4-baca-fd8abafda1dd,agent_gamma,35.141,2,0,time,0.69311,0.370404,0.280396,0.631079,0.656788,0.66329,0.69311,0.690804
n10,mag1,ec-mag1-n10-run01,4cd9b374-2d41-402f-ae02-59e94b7d7a71,agent_beta,35.161,2,0,evidence,0.74511,-0.847884,0.548859,0.74511,0.670071,0.673099,0.642751,0.668762
n10,mag1,ec-mag1-n10-run01,c655d2a2-49fc-4e7d-ab1d-91c4cdb24736,agent_eta,35.812,2,0,risk,0.656473,0.713541,-0.414134,0.61343,0.628422,0.630687,0.62514,0.656473
n10,mag1,ec-mag1-n10-run01,2ed70115-71d1-42a4-b941-2c21e537e0bc,agent_epsilon,35.879,2,0,testing,0.721974,-0.276628,0.044558,0.656917,0.721974,0.710769,0.713937,0.695886
n10,mag1,ec-mag1-n10-run01,1f09f278-ca79-4d8d-8b1f-b44c20f5b47c,agent_theta,36.079,2,0,ownership,0.638939,0.699968,0.245576,0.605298,0.613425,0.638939,0.593243,0.623389
n10,mag1,ec-mag1-n10-run01,d7475364-5176-4967-89dc-7058c2cef26a,agent_alpha,37.047,2,0,risk,0.666377,0.599327,-0.140189,0.649301,0.637101,0.658255,0.633153,0.666377
n10,mag1,ec-mag1-n10-run01,ef6eb950-cca0-4078-8d21-def1075352ae,agent_gamma,37.065,2,0,evidence,0.745868,-0.79542,0.546695,0.745868,0.700609,0.692902,0.714178,0.697826
n10,mag1,ec-mag1-n10-run01,fb7c1489-84fa-4b3c-a936-514d27eac490,agent_zeta,37.255,2,0,ownership,0.638961,0.676902,0.282568,0.561684,0.617114,0.638961,0.605161,0.618523
n10,mag1,ec-mag1-n10-run01,d8fececf-f90a-4f53-a112-f67c74ab0f31,agent_eta,37.58,2,0,risk,0.680957,0.576235,-0.192984,0.644792,0.66632,0.673874,0.654347,0.680957
n10,mag1,ec-mag1-n10-run01,41ba26a1-91f4-4319-b2c3-257c3e8a62af,agent_epsilon,37.822,2,0,evidence,0.615761,-0.162756,0.27257,0.615761,0.607558,0.611847,0.600069,0.602587
n10,mag1,ec-mag1-n10-run01,4824165e-17cd-4eab-8d6a-1258d08c33ec,agent_kappa,37.869,2,0,risk,0.64902,0.661045,-0.304425,0.623955,0.605561,0.623894,0.625266,0.64902
n10,mag1,ec-mag1-n10-run01,6cab7cc7-b27d-4d67-9207-1c4c7ddd89ba,agent_gamma,38.444,2,0,time,0.659821,0.259338,0.568185,0.600636,0.602948,0.639058,0.659821,0.648584
n10,mag1,ec-mag1-n10-run01,2d88b595-ce7e-41d9-9ace-ccee726ebe29,agent_alpha,38.854,2,0,testing,0.678124,-0.533653,-0.324345,0.626559,0.678124,0.659145,0.637146,0.652039
n10,mag1,ec-mag1-n10-run01,588551f1-3cb3-45c7-9a18-5d504daed501,agent_theta,38.948,2,0,ownership,0.672713,0.342634,0.174246,0.632582,0.66448,0.672713,0.654285,0.655641
n10,mag1,ec-mag1-n10-run01,b30f623c-0057-448f-bcb0-15aebc1db655,agent_eta,38.978,2,0,risk,0.664421,0.779248,-0.427615,0.623132,0.627603,0.64147,0.621474,0.664421
n10,mag1,ec-mag1-n10-run01,a58e474d-18f7-4ad6-8f10-985c59c1a1bd,agent_iota,38.993,2,0,evidence,0.710735,-0.845324,0.548087,0.710735,0.631855,0.645409,0.608874,0.644167
n10,mag1,ec-mag1-n10-run01,23337199-fb62-4baf-8d5b-edfb570941de,agent_zeta,38.997,2,0,risk,0.645757,0.753769,-0.123007,0.590227,0.620934,0.642533,0.61198,0.645757
n10,mag1,ec-mag1-n10-run01,134b4a57-cf3f-4037-95ef-316dcd148dd5,agent_gamma,39.542,2,0,risk,0.667281,0.50468,-0.04557,0.634799,0.637978,0.638789,0.659864,0.667281
n10,mag1,ec-mag1-n10-run01,fae44c00-86d5-4daa-8288-5d5776ef977e,agent_beta,39.687,2,0,testing,0.723952,-0.484118,-0.245293,0.680748,0.723952,0.693052,0.70673,0.706088
n10,mag1,ec-mag1-n10-run01,8f888e21-75ef-4a85-b0b0-edc4d81d6877,agent_gamma,40.389,2,0,time,0.703181,0.061003,0.821197,0.633014,0.660751,0.664,0.703181,0.677286
n10,mag1,ec-mag1-n10-run01,324dff88-0a3a-4876-843a-85d1d5524f3d,agent_kappa,40.478,2,0,risk,0.620791,0.48497,-0.059924,0.598072,0.601263,0.609323,0.609315,0.620791
n10,mag1,ec-mag1-n10-run01,a6796b18-ae2a-4fbe-9c80-e8113ef059c3,agent_eta,40.826,2,0,risk,0.631181,0.565545,-0.112518,0.60617,0.612077,0.62353,0.612935,0.631181
n10,mag1,ec-mag1-n10-run01,a9d2f5bf-5ed7-4328-8e34-aab576132d14,agent_alpha,41.103,2,0,ownership,0.641338,0.701381,0.126053,0.595039,0.612062,0.641338,0.626312,0.637926
n10,mag1,ec-mag1-n10-run01,c5f4a22f-1155-46f1-9567-26e1e45fd4c7,agent_zeta,41.443,2,0,ownership,0.583855,0.667619,0.091986,0.550105,0.563322,0.583855,0.554328,0.577758
n10,mag1,ec-mag1-n10-run01,1fa494cf-af60-4b16-8fb5-8dd4df642c10,agent_theta,41.453,2,0,testing,0.665706,-0.498682,-0.347977,0.6075,0.665706,0.645871,0.620238,0.644483
n10,mag1,ec-mag1-n10-run01,bb90ba79-dcae-4d1b-ab0c-9fe26e7abf8c,agent_gamma,41.655,2,0,time,0.636376,0.424219,0.25703,0.607969,0.595216,0.623856,0.636376,0.635692
n10,mag1,ec-mag1-n10-run01,f57afc58-1413-4826-bb52-ac21b98a50ed,agent_epsilon,41.853,2,0,testing,0.737561,-0.474404,-0.088435,0.725546,0.737561,0.722747,0.713858,0.715312
n10,mag1,ec-mag1-n10-run01,cb12547c-78ea-460e-9abe-159b080ad1bb,agent_iota,41.993,2,0,evidence,0.748487,-0.842447,0.545213,0.748487,0.671279,0.67234,0.650199,0.693134
n10,mag1,ec-mag1-n10-run01,3a21e4b9-0c07-4524-a062-fd46feefb7b5,agent_delta,42.79,2,0,testing,0.666739,-0.447461,-0.333333,0.620213,0.666739,0.647675,0.627738,0.648263
n10,mag1,ec-mag1-n10-run01,aa6851f4-b275-451e-bacf-687f9228abca,agent_gamma,42.865,2,0,time,0.690297,-0.07695,0.839637,0.670025,0.654632,0.656551,0.690297,0.64904
n10,mag1,ec-mag1-n10-run01,11168bb3-f0d0-4fe8-8b01-e230df209680,agent_theta,43.127,2,0,testing,0.665978,-0.762449,-0.411414,0.592388,0.665978,0.631602,0.619269,0.625671
n10,mag1,ec-mag1-n10-run01,ff87afe7-b1fb-4564-821e-d038575d9241,agent_gamma,43.458,2,0,time,0.635769,0.093037,0.640208,0.591453,0.608177,0.595696,0.635769,0.619597
n10,mag1,ec-mag1-n10-run01,3d73c925-161a-4b87-991d-6ed8362c09c6,agent_beta,43.874,2,0,evidence,0.691203,-0.589671,0.423671,0.691203,0.655632,0.665769,0.623644,0.668845
n10,mag1,ec-mag1-n10-run01,ae4a9f3e-0e66-4654-9193-17efd355acb9,agent_epsilon,43.939,2,0,time,0.576776,-0.099419,0.703543,0.551298,0.5579,0.543708,0.576776,0.544648
n10,mag1,ec-mag1-n10-run01,1deca04e-ea87-40d3-9f97-b026631eb6f6,agent_eta,44.781,2,0,testing,0.67138,-0.521067,-0.352843,0.627139,0.67138,0.643226,0.642181,0.653203
n10,mag1,ec-mag1-n10-run01,66420f91-8f1d-41c1-b8bc-8438206a37ba,agent_gamma,45.09,3,0,time,0.652513,0.047641,0.846564,0.592716,0.610009,0.615605,0.652513,0.623178
n10,mag1,ec-mag1-n10-run01,b8ee9b77-56b5-4c48-9271-e3903ba6736c,agent_zeta,45.223,3,0,testing,0.638974,0.149154,-0.13187,0.589333,0.638974,0.637809,0.601577,0.633007
n10,mag1,ec-mag1-n10-run01,40648b74-5d5c-43c4-8b7a-dbf247f47c87,agent_kappa,45.728,3,0,time,0.689653,0.10293,0.785493,0.633139,0.644496,0.661257,0.689653,0.6664
n10,mag1,ec-mag1-n10-run01,6bab0719-d558-4a54-b07e-12e5595d3b34,agent_theta,45.89,3,0,risk,0.695655,0.723243,-0.242678,0.639351,0.672641,0.687151,0.658588,0.695655
n10,mag1,ec-mag1-n10-run01,f47eaa68-dc84-46d0-81ce-afd7483fde36,agent_gamma,45.894,3,0,evidence,0.660514,-0.316777,0.596779,0.660514,0.637697,0.640467,0.659435,0.639741
n10,mag1,ec-mag1-n10-run01,118f8566-de9a-4a41-9579-d8a67f2e6261,agent_eta,46.107,3,0,risk,0.711626,0.119751,-0.066673,0.705401,0.708376,0.707833,0.68566,0.711626
n10,mag1,ec-mag1-n10-run01,c90ab215-48a8-4531-b4e9-bd1c119b5826,agent_alpha,46.126,3,0,risk,0.616004,0.51876,-0.281569,0.563852,0.601901,0.600725,0.5947,0.616004
n10,mag1,ec-mag1-n10-run01,3cba550d-58c1-4858-a2c3-73f3224bdf70,agent_beta,46.795,3,0,evidence,0.647144,-0.45804,0.29475,0.647144,0.640393,0.634471,0.6327,0.622843
n10,mag1,ec-mag1-n10-run01,1286cfb1-058a-452c-820f-3d8e7140fe01,agent_gamma,46.992,3,0,time,0.641464,0.132829,0.748847,0.578505,0.601537,0.618238,0.641464,0.619836
n10,mag1,ec-mag1-n10-run01,b926c51e-6b6d-4fd7-970f-1e7c4bb80639,agent_iota,47.041,3,0,evidence,0.700028,-0.849008,0.549469,0.700028,0.601167,0.612438,0.578627,0.622377
n10,mag1,ec-mag1-n10-run01,0a24e8fa-df18-4320-af03-30d8bf8ea991,agent_zeta,47.118,3,0,testing,0.627417,0.145884,-0.104805,0.582059,0.627417,0.625079,0.610819,0.623522
n10,mag1,ec-mag1-n10-run01,f5ae1309-3261-4978-ab5c-708379c26ec8,agent_alpha,47.352,3,0,testing,0.588991,-0.042831,-0.049493,0.578066,0.588991,0.577783,0.58137,0.58747
n10,mag1,ec-mag1-n10-run01,3537ceeb-a3d1-4682-9315-a6d3cce1e5a5,agent_kappa,47.443,3,0,risk,0.71783,0.776237,-0.347521,0.669759,0.675671,0.698681,0.68986,0.71783
n10,mag1,ec-mag1-n10-run01,c8509361-5196-466b-9dde-c5ebd1ab1716,agent_theta,47.742,3,0,ownership,0.680271,0.29277,0.067455,0.645184,0.674464,0.680271,0.647694,0.665533
n10,mag1,ec-mag1-n10-run01,40310121-26f2-4782-b8a7-74a57dcb80ad,agent_delta,47.966,3,0,testing,0.765838,-0.44692,-0.096786,0.707527,0.765838,0.746701,0.75335,0.738557
n10,mag1,ec-mag1-n10-run01,6bafdd5e-978d-410d-a5a3-92b3bb0e5e07,agent_alpha,48.322,3,0,risk,0.65373,0.4849,-0.103794,0.629163,0.643738,0.651151,0.629095,0.65373
n10,mag1,ec-mag1-n10-run01,e1f6a1c9-8a08-4733-99a1-3473b5b99080,agent_gamma,48.375,3,0,risk,0.671864,0.426768,-0.053749,0.658238,0.629535,0.649757,0.659524,0.671864
n10,mag1,ec-mag1-n10-run01,ecec129e-30b8-475d-a2c6-c779d2cf1040,agent_zeta,48.55,3,0,ownership,0.612822,0.6948,0.256434,0.57474,0.589239,0.612822,0.54168,0.594861
n10,mag1,ec-mag1-n10-run01,024a015d-1a27-4874-b4b3-fa063a06a81b,agent_eta,48.635,3,0,evidence,0.706811,-0.846923,0.548006,0.706811,0.619453,0.617455,0.601757,0.64285
n10,mag1,ec-mag1-n10-run01,a035121a-cde1-4bff-bcbf-9df2e68f7a4b,agent_epsilon,49.172,3,0,testing,0.65707,-0.452706,-0.328689,0.621591,0.65707,0.636933,0.619592,0.63947
n10,mag1,ec-mag1-n10-run01,cff4fed1-d7ba-4dac-967f-c9bf1a1cf085,agent_eta,49.668,3,0,testing,0.688981,-0.135145,0.040517,0.646985,0.688981,0.683124,0.67889,0.668562
n10,mag1,ec-mag1-n10-run01,b7641447-7883-4fd8-bc9a-73dc9b802caa,agent_iota,49.834,3,0,evidence,0.691167,-0.826491,0.537823,0.691167,0.628262,0.634564,0.626369,0.644925
n10,mag1,ec-mag1-n10-run01,2f4654c8-5b30-48e8-9b8a-ad0c90ee1402,agent_theta,49.863,3,0,risk,0.695638,0.687193,-0.291435,0.667879,0.668599,0.682614,0.651599,0.695638
n10,mag1,ec-mag1-n10-run01,95d692b1-679a-457a-9867-94421836dd13,agent_delta,49.919,3,0,testing,0.725884,-0.639692,-0.311111,0.638269,0.725884,0.689767,0.703505,0.699058
n10,mag1,ec-mag1-n10-run01,f0a0c2f7-bcae-417d-b34a-dde8617a59ea,agent_alpha,50.312,3,0,risk,0.716934,0.240237,-0.249192,0.682089,0.712079,0.702366,0.700719,0.716934
n10,mag1,ec-mag1-n10-run01,4ae7f7a6-58c7-47f7-9b85-eeac3e20aed8,agent_kappa,50.442,3,0,risk,0.715369,0.563992,-0.258063,0.700231,0.668346,0.696355,0.667507,0.715369
n10,mag1,ec-mag1-n10-run01,ffb2a6cf-8fdb-4a5a-9573-1a45f7e89efd,agent_gamma,50.522,3,0,time,0.731519,0.038741,0.895418,0.659463,0.671285,0.693781,0.731519,0.695854
n10,mag1,ec-mag1-n10-run01,412502b2-9c6f-4afc-b5ae-03aa0fdd212b,agent_zeta,50.544,3,0,ownership,0.516357,0.749024,0.234144,0.470234,0.48638,0.516357,0.485191,0.50349
n10,mag1,ec-mag1-n10-run01,fff26ccb-5155-4bca-9b1e-e18300305626,agent_eta,50.588,3,0,risk,0.663932,0.112059,0.006147,0.661602,0.655813,0.659152,0.635076,0.663932
n10,mag1,ec-mag1-n10-run01,65a0759b-4ae6-4728-898d-9131d43196c8,agent_epsilon,50.943,3,0,testing,0.779233,-0.437955,-0.046483,0.743078,0.779233,0.761731,0.767984,0.748083
n10,mag1,ec-mag1-n10-run01,08bf2adf-2a07-4dd6-9763-98698c1ece57,agent_theta,51.084,3,0,risk,0.670836,0.776308,-0.406442,0.617513,0.639052,0.651612,0.626118,0.670836
n10,mag1,ec-mag1-n10-run01,b37cba11-d57b-43e4-9e42-03c2ba405840,agent_gamma,51.461,3,0,time,0.660583,0.037217,0.837824,0.610825,0.625185,0.629606,0.660583,0.628356
n10,mag1,ec-mag1-n10-run01,f6781909-ddb7-4b8b-aaa2-a5ab98eb246b,agent_iota,51.618,3,0,evidence,0.704676,-0.428043,0.367208,0.704676,0.662162,0.680976,0.67426,0.689776
n10,mag1,ec-mag1-n10-run01,8e8cee64-03f9-4e00-80e8-c451f9eb9ba0,agent_eta,51.644,3,0,risk,0.693933,0.395205,-0.332478,0.675775,0.678965,0.668988,0.658105,0.693933
n10,mag1,ec-mag1-n10-run01,10f79179-e38a-4981-a137-b588f7b1311d,agent_beta,51.983,3,0,evidence,0.716089,-0.729677,0.496034,0.716089,0.656542,0.680104,0.647706,0.685828
n10,mag1,ec-mag1-n10-run01,1da80fcf-fbc4-44cd-98b0-0e1a88e6f098,agent_alpha,52.019,3,0,risk,0.65344,0.497001,0.11155,0.631618,0.626599,0.646496,0.647892,0.65344
n10,mag1,ec-mag1-n10-run01,4e22633d-a0c0-499f-baf3-033c68f69fe2,agent_theta,52.068,3,0,testing,0.659375,0.053373,-0.298541,0.624113,0.659375,0.649354,0.627902,0.657182
n10,mag1,ec-mag1-n10-run01,e71c0063-896a-40b4-8392-068331220017,agent_zeta,52.117,3,0,ownership,0.60584,0.821965,0.296212,0.535303,0.563364,0.60584,0.559046,0.588499
n10,mag1,ec-mag1-n10-run01,d7e48321-3ce9-4200-8094-aa3b997c1407,agent_gamma,52.131,3,0,risk,0.662606,0.403739,-0.126313,0.583018,0.649226,0.640664,0.653755,0.662606
n10,mag1,ec-mag1-n10-run01,1e927e69-dc4d-4ad1-a5c8-a64d5ffa3e1e,agent_delta,52.364,3,0,testing,0.626647,-0.650449,-0.242299,0.548354,0.626647,0.599789,0.606688,0.575437
n10,mag1,ec-mag1-n10-run01,2828e93f-1fe9-4ff1-a890-0c63eb9a41da,agent_eta,52.648,3,0,ownership,0.651111,0.664294,0.033443,0.609017,0.633712,0.651111,0.608788,0.646077
n10,mag1,ec-mag1-n10-run01,9ba234a8-0059-417a-87cd-7a1d4059d93c,agent_epsilon,52.684,3,0,time,0.706836,0.159582,0.491192,0.660293,0.687951,0.689029,0.706836,0.694722
n10,mag1,ec-mag1-n10-run01,fbc97704-23bc-45ed-ab91-4ddf97fdae7d,agent_kappa,53.069,3,0,risk,0.807274,0.622192,-0.132186,0.763468,0.770561,0.78615,0.795898,0.807274
n10,mag1,ec-mag1-n10-run01,6c31ee10-1e78-4e08-9779-094f02a1b96d,agent_gamma,53.221,3,0,ownership,0.710289,0.370151,0.339134,0.663646,0.698162,0.710289,0.71011,0.704087
n10,mag1,ec-mag1-n10-run01,28b6ce02-84b7-48a9-b1a8-6e210cc809f1,agent_theta,53.315,3,0,testing,0.668324,-0.478428,-0.283584,0.635036,0.668324,0.650983,0.632557,0.645604
n10,mag1,ec-mag1-n10-run01,1903b30e-7ef6-448b-bf31-4040442657cc,agent_eta,53.546,3,0,risk,0.653158,0.773143,-0.328773,0.591225,0.619362,0.637715,0.622109,0.653158
n10,mag1,ec-mag1-n10-run01,72988f96-4ef3-4804-a851-58297578e105,agent_gamma,54.105,3,0,time,0.683846,-0.034918,0.754476,0.633165,0.661861,0.648391,0.683846,0.651581
n10,mag1,ec-mag1-n10-run01,440d5f0a-a6a2-4713-aea6-869be5cdf38f,agent_beta,54.119,3,0,evidence,0.713019,-0.837985,0.542677,0.713019,0.637197,0.640873,0.629721,0.662293
n10,mag1,ec-mag1-n10-run01,e88dc63b-8592-46c9-afb5-fe9233fb964d,agent_epsilon,54.279,3,0,testing,0.699948,0.102308,-0.285451,0.671992,0.699948,0.690842,0.671361,0.699509
n10,mag1,ec-mag1-n10-run01,4b9878f6-6680-4746-9947-96ec0688b532,agent_alpha,54.436,3,0,time,0.67159,0.035135,0.339446,0.649256,0.666111,0.665123,0.67159,0.658263
n10,mag1,ec-mag1-n10-run01,7f0d7022-b3c7-4c83-9b76-6a8159d4e2cc,agent_delta,54.643,3,0,testing,0.656148,-0.676999,-0.358387,0.585317,0.656148,0.628536,0.622745,0.622471
n10,mag1,ec-mag1-n10-run01,c9b47da1-b120-4025-89cf-e7c1c1ee0a72,agent_iota,54.65,3,0,evidence,0.678034,-0.834557,0.543584,0.678034,0.615565,0.625779,0.592032,0.622082
n10,mag1,ec-mag1-n10-run01,340a3d8b-6f83-43f0-943a-afed8df0af7a,agent_eta,54.707,3,0,risk,0.676631,0.195534,-0.053086,0.672278,0.64464,0.655243,0.649054,0.676631
n10,mag1,ec-mag1-n10-run01,3ce4c8d1-b066-4a42-8947-96efb5777acb,agent_theta,54.775,3,0,risk,0.685382,0.780906,-0.372024,0.642661,0.648272,0.667438,0.647649,0.685382
n10,mag1,ec-mag1-n10-run01,fa0c38d6-feea-469c-9fc8-7be5755c43d6,agent_zeta,55.061,3,0,risk,0.668962,0.821294,-0.148097,0.590786,0.632798,0.665095,0.611443,0.668962
n10,mag1,ec-mag1-n10-run01,0f2dacd9-45b9-4d57-8ccc-1ed269c0d1ae,agent_kappa,55.076,3,0,evidence,0.680407,-0.45534,0.410272,0.680407,0.643058,0.659846,0.651814,0.662183
n10,mag1,ec-mag1-n10-run01,e7d49f80-a4e2-4b06-ab3c-6634e9bec788,agent_gamma,55.162,3,0,risk,0.709776,0.367531,-0.307114,0.662559,0.702341,0.696988,0.683676,0.709776
n10,mag1,ec-mag1-n10-run01,3f635e0d-a6bd-40dc-a7dc-b9da2517aac2,agent_eta,55.606,3,0,testing,0.667425,-0.7277,-0.408101,0.630387,0.667425,0.62443,0.62254,0.639402
n10,mag1,ec-mag1-n10-run01,d8ad659a-dde9-4402-8e1e-9be04ecd9705,agent_gamma,56.137,3,0,risk,0.682215,0.482956,-0.072525,0.629653,0.663214,0.663007,0.674098,0.682215
n10,mag1,ec-mag1-n10-run01,ca34441e-4981-425e-8d66-8f7f12c1e03d,agent_epsilon,56.248,3,0,time,0.73167,-0.247727,0.226451,0.684218,0.73149,0.714787,0.73167,0.711503
n10,mag1,ec-mag1-n10-run01,db5155d9-9a78-4139-8740-d0a29e6edb9f,agent_beta,56.274,3,0,evidence,0.713827,-0.561659,0.383746,0.713827,0.660994,0.675895,0.665056,0.696664
n10,mag1,ec-mag1-n10-run01,94cf7b98-ef8c-415a-9ca2-c73eec711efa,agent_theta,56.29,3,0,risk,0.588421,0.351817,-0.130683,0.539502,0.577176,0.565549,0.579857,0.588421
n10,mag1,ec-mag1-n10-run01,c9db4be4-5e7a-4435-9631-56adcb33e396,agent_alpha,56.379,3,0,risk,0.651895,0.661923,-0.053725,0.62399,0.629142,0.649008,0.630862,0.651895
n10,mag1,ec-mag1-n10-run01,c8e01b31-7112-4f68-a5b9-e2849497c7a9,agent_kappa,56.547,3,0,evidence,0.698226,-0.016463,0.031852,0.698226,0.644494,0.65881,0.662844,0.697676
n10,mag1,ec-mag1-n10-run01,12f14481-707b-4969-82b9-90d306a360e0,agent_eta,56.553,3,0,evidence,0.573486,0.180801,0.143027,0.573486,0.549912,0.571054,0.544335,0.572616
n10,mag5,ec-mag5-n10-run01,fafd5a3b-537d-4689-8c0a-c247f83607ea,agent_alpha,0.0,0,0,ownership,0.525186,0.320586,0.200382,0.509646,0.513745,0.525186,0.493503,0.508948
n10,mag5,ec-mag5-n10-run01,9bcf372a-ab0c-4e15-bfe1-8e57772ba79b,agent_beta,0.113,0,0,evidence,0.685807,-0.803859,0.527685,0.685807,0.624007,0.637251,0.624479,0.646235
n10,mag5,ec-mag5-n10-run01,4bde984e-13cc-4e04-9527-6849a06744a6,agent_zeta,0.35,0,0,ownership,0.509832,0.381185,0.230184,0.496597,0.493779,0.509832,0.486565,0.497985
n10,mag5,ec-mag5-n10-run01,287b5910-6ee7-4614-ba16-ee5c56391321,agent_epsilon,0.418,0,0,testing,0.66029,-0.276922,-0.096913,0.61279,0.66029,0.651118,0.641688,0.634396
n10,mag5,ec-mag5-n10-run01,d142e339-b6f7-4606-a717-04ed7da3d18f,agent_theta,0.561,0,0,evidence,0.660007,-0.443435,0.19431,0.660007,0.654492,0.649271,0.628309,0.64029
n10,mag5,ec-mag5-n10-run01,113701d5-4a8d-4ead-aa95-03fd2c1edfc3,agent_gamma,0.739,0,0,evidence,0.640268,-0.407388,0.355274,0.640268,0.599074,0.616834,0.61071,0.626198
n10,mag5,ec-mag5-n10-run01,5673f3c1-51d4-448c-acc2-ad6de62f480c,agent_eta,0.895,0,0,ownership,0.645728,0.442375,0.076045,0.609438,0.636143,0.645728,0.603952,0.634227
n10,mag5,ec-mag5-n10-run01,53f5c742-b312-4e41-8c51-bacd41d9e46b,agent_alpha,0.951,0,0,ownership,0.548222,0.66647,0.346461,0.495049,0.52502,0.548222,0.520052,0.521566
n10,mag5,ec-mag5-n10-run01,8621b47e-901f-40ae-bc8c-4484f4ade6f0,agent_beta,0.963,0,0,evidence,0.688605,-0.569856,0.384022,0.688605,0.659353,0.661748,0.635765,0.668777
n10,mag5,ec-mag5-n10-run01,57ead372-8bde-4daf-839c-3ca087aa1df8,agent_delta,0.989,0,0,testing,0.680657,-0.439453,-0.190978,0.624188,0.680657,0.668361,0.6529,0.629284
n10,mag5,ec-mag5-n10-run01,9c5ec7ce-4a90-4e69-bf1c-f29e66df83b4,agent_iota,1.058,0,0,evidence,0.683298,-0.846809,0.548141,0.683298,0.606581,0.604335,0.602704,0.617235
n10,mag5,ec-mag5-n10-run01,8539c29e-3844-42d4-bd35-d8f69e58ae3e,agent_epsilon,1.572,0,0,testing,0.820581,-0.672909,-0.310835,0.76492,0.820581,0.794761,0.793173,0.77684
n10,mag5,ec-mag5-n10-run01,56e8ba09-c5c2-45f6-9fad-b83f5a27224d,agent_alpha,1.81,0,0,testing,0.696846,-0.752167,-0.404899,0.622443,0.696846,0.665548,0.646939,0.654285
n10,mag5,ec-mag5-n10-run01,d1b083d2-2fe8-436d-b017-22ebc8b775b4,agent_kappa,1.894,0,0,evidence,0.711582,-0.045832,0.423939,0.711582,0.682831,0.706201,0.703744,0.700826
n10,mag5,ec-mag5-n10-run01,9e47d894-18cb-474d-8a48-2c4032c86458,agent_beta,2.005,0,0,evidence,0.663763,-0.841893,0.544105,0.663763,0.595491,0.577241,0.581576,0.609699
n10,mag5,ec-mag5-n10-run01,e99e0c44-ccb0-4f74-bff6-eb4809162497,agent_theta,2.021,0,0,testing,0.675861,-0.711344,-0.37073,0.578843,0.675861,0.650553,0.630838,0.621061
n10,mag5,ec-mag5-n10-run01,fc2cfbd9-bcec-48b2-8ce2-b91410efbca5,agent_gamma,2.038,0,0,risk,0.683471,0.581397,-0.030923,0.666296,0.646107,0.676446,0.666872,0.683471
n10,mag5,ec-mag5-n10-run01,f719c2ea-11d4-4ea3-990d-2000657c41e8,agent_eta,2.203,0,0,evidence,0.718167,-0.836938,0.541643,0.718167,0.653746,0.652927,0.634484,0.66729
n10,mag5,ec-mag5-n10-run01,3e2ae2af-d960-4d7f-8161-8fe83b884370,agent_zeta,2.614,0,0,testing,0.613263,0.011338,-0.171386,0.572377,0.613263,0.608419,0.581341,0.604795
n10,mag5,ec-mag5-n10-run01,4cc3eed6-4871-4f6b-87a3-5a5256bb18c8,agent_alpha,2.743,0,0,ownership,0.586818,0.456491,0.353261,0.572189,0.562319,0.586818,0.557042,0.56514
n10,mag5,ec-mag5-n10-run01,4444a7e6-3e6d-4ecb-b34f-189c4e0e0ea5,agent_epsilon,2.805,0,0,testing,0.719728,-0.419878,-0.214136,0.652948,0.719728,0.708044,0.68458,0.679793
n10,mag5,ec-mag5-n10-run01,79a82a7f-f7c4-46fd-b5cf-7b48082b3bc2,agent_gamma,3.042,0,0,evidence,0.756741,-0.810493,0.529343,0.756741,0.69657,0.70563,0.691868,0.716041
n10,mag5,ec-mag5-n10-run01,ce7912a7-4650-4d70-a68e-76a46f627a86,agent_kappa,3.105,0,0,evidence,0.838027,-0.831329,0.541137,0.838027,0.790671,0.783791,0.789824,0.779261
n10,mag5,ec-mag5-n10-run01,cae93b69-e255-469c-a8c8-786c3b0f06e5,agent_delta,3.337,0,0,testing,0.731259,-0.732014,-0.341908,0.659387,0.731259,0.697334,0.703824,0.686374
n10,mag5,ec-mag5-n10-run01,c845e0b7-cd6c-44fb-80ea-e9644fb58c0f,agent_iota,3.342,0,0,evidence,0.701076,-0.848901,0.549535,0.701076,0.618329,0.624893,0.585621,0.613065
n10,mag5,ec-mag5-n10-run01,c4e7d547-3807-444d-a147-eff72c40eb5f,agent_alpha,3.828,0,0,testing,0.636644,0.067947,-0.066934,0.605948,0.636644,0.636019,0.589033,0.624252
n10,mag5,ec-mag5-n10-run01,5b8ed864-2d2a-453f-bee4-2a1a2f915024,agent_theta,3.842,0,0,evidence,0.720651,-0.849353,0.549455,0.720651,0.634219,0.618406,0.609227,0.640698
n10,mag5,ec-mag5-n10-run01,def7f0ba-d552-45e9-b6b0-58e349d07a1a,agent_epsilon,3.948,0,0,time,0.828554,-0.182379,0.601451,0.764575,0.817116,0.790221,0.828554,0.781257
n10,mag5,ec-mag5-n10-run01,aec99ae1-3e15-4d36-b9d9-3d87f27c1fc1,agent_eta,4.087,0,0,evidence,0.766429,-0.833701,0.539093,0.766429,0.700899,0.695512,0.683117,0.719033
n10,mag5,ec-mag5-n10-run01,17b5a16f-f446-46de-818b-8ba44ff50a96,agent_gamma,4.106,0,0,evidence,0.773193,-0.647964,0.445866,0.773193,0.744771,0.745311,0.738361,0.746299
n10,mag5,ec-mag5-n10-run01,144dab8c-ae76-4825-9362-47dfc4cdc628,agent_kappa,4.264,0,0,evidence,0.774119,-0.841541,0.544612,0.774119,0.69351,0.692715,0.68345,0.720418
n10,mag5,ec-mag5-n10-run01,5ef9e171-d276-4f14-a999-cf96ac705757,agent_beta,4.573,0,0,evidence,0.719204,-0.846713,0.545325,0.719204,0.664525,0.649052,0.647858,0.645811
n10,mag5,ec-mag5-n10-run01,cd73c7fd-349e-45ff-af1a-86febeac77dd,agent_alpha,4.762,0,0,ownership,0.637902,0.090351,-0.006224,0.590582,0.637219,0.637902,0.607864,0.620356
n10,mag5,ec-mag5-n10-run01,daf983fc-bc33-488f-aad4-332be0340fca,agent_epsilon,4.914,0,0,testing,0.849318,-0.793532,-0.360259,0.814496,0.849318,0.799712,0.818047,0.800028
n10,mag5,ec-mag5-n10-run01,6076052a-8e3a-4803-a30f-60d942e04282,agent_zeta,4.973,0,0,evidence,0.639161,-0.037731,0.074711,0.639161,0.636023,0.637849,0.60125,0.635674
n10,mag5,ec-mag5-n10-run01,95c8df33-1e6c-456b-bb57-db7a206e73eb,agent_delta,5.124,0,0,testing,0.709784,-0.688554,-0.374077,0.631322,0.709784,0.683544,0.668008,0.67313
n10,mag5,ec-mag5-n10-run01,9892cea4-a527-487c-88c1-398291bbdf0e,agent_gamma,5.131,0,0,evidence,0.769415,-0.831836,0.541625,0.769415,0.708433,0.717097,0.689642,0.717035
n10,mag5,ec-mag5-n10-run01,1779f777-d5ca-4f42-8f18-0e5505b06f57,agent_kappa,5.332,0,0,evidence,0.808101,-0.183413,0.083064,0.808101,0.795248,0.787804,0.781774,0.804234
n10,mag5,ec-mag5-n10-run01,1fa9dfe1-c38c-4a95-b373-3b0a74373f27,agent_theta,5.385,0,0,testing,0.671954,-0.439038,-0.036717,0.668726,0.671954,0.658248,0.629476,0.659604
n10,mag5,ec-mag5-n10-run01,4bbb41f3-294e-4af5-aa97-5bb8241f7a2a,agent_iota,5.44,0,0,evidence,0.716261,-0.84572,0.548202,0.716261,0.63214,0.638766,0.645022,0.652441
n10,mag5,ec-mag5-n10-run01,b7de3025-b660-4104-a976-98d52ff5b22e,agent_alpha,5.828,0,0,testing,0.708273,-0.46833,-0.062237,0.619707,0.708273,0.689164,0.696921,0.67232
n10,mag5,ec-mag5-n10-run01,1181f0f8-86d5-465f-b0a0-972c51b16506,agent_epsilon,5.956,0,0,evidence,0.799847,-0.757634,0.489835,0.799847,0.74336,0.739152,0.728878,0.770835
n10,mag5,ec-mag5-n10-run01,f61f0cbb-6b4a-4517-9b48-416e8d21b72f,agent_beta,6.252,0,0,evidence,0.724004,-0.84482,0.546072,0.724004,0.653353,0.637524,0.632484,0.665332
n10,mag5,ec-mag5-n10-run01,4bbf68e0-207c-4918-8239-a7131659a691,agent_eta,6.287,0,0,evidence,0.720284,-0.72395,0.469479,0.720284,0.671654,0.67165,0.653005,0.694032
n10,mag5,ec-mag5-n10-run01,8efb7116-a7b0-43bb-a447-a8552a9629da,agent_kappa,6.579,0,0,evidence,0.775035,-0.845274,0.54698,0.775035,0.701024,0.698285,0.689567,0.713971
n10,mag5,ec-mag5-n10-run01,a43211a1-43f0-480e-b6cd-e3178c8d4f59,agent_gamma,6.659,0,0,risk,0.723834,0.129031,-0.007283,0.71988,0.694775,0.685968,0.707192,0.723834
n10,mag5,ec-mag5-n10-run01,ae7cdd52-e860-415f-81fc-7ecfddaecb70,agent_alpha,6.988,0,0,ownership,0.78175,0.150941,0.062929,0.718054,0.779246,0.78175,0.759695,0.762153
n10,mag5,ec-mag5-n10-run01,295de006-281e-43b2-b8af-a0b3a16ac362,agent_delta,7.181,0,0,testing,0.721308,-0.758507,-0.357223,0.619869,0.721308,0.681845,0.693233,0.674311
n10,mag5,ec-mag5-n10-run01,3323fe5d-ab7c-4473-8e83-eea3f6c38c41,agent_zeta,7.369,0,0,ownership,0.669535,0.531342,0.057702,0.591568,0.657901,0.669535,0.650174,0.664371
n10,mag5,ec-mag5-n10-run01,c79619f0-8612-4243-ac82-c799bb1c7ded,agent_gamma,7.735,0,0,evidence,0.693218,-0.440957,0.264991,0.693218,0.673542,0.6694,0.652782,0.679853
n10,mag5,ec-mag5-n10-run01,dce5dd42-3289-4507-b7fc-83efead74a8b,agent_eta,7.743,0,0,evidence,0.725701,-0.615177,0.064246,0.725701,0.722049,0.687685,0.682756,0.711572
n10,mag5,ec-mag5-n10-run01,a760b54f-d5c8-41fb-9dd2-8f509c822a6c,agent_epsilon,7.813,0,0,testing,0.822478,-0.753016,-0.377153,0.786638,0.822478,0.791013,0.776955,0.779949
n10,mag5,ec-mag5-n10-run01,3f003abe-489e-4c44-94c7-755d2d7881e6,agent_kappa,8.097,0,0,testing,0.823603,-0.451294,0.089518,0.808476,0.823603,0.80261,0.816918,0.797515
n10,mag5,ec-mag5-n10-run01,104b31bf-0a91-4ff6-89f1-7bf0c84613bf,agent_theta,8.276,0,0,evidence,0.74564,-0.793732,0.50293,0.74564,0.717241,0.692194,0.714391,0.699827
n10,mag5,ec-mag5-n10-run01,13c92d05-ef87-44cb-bd40-49b9dcf3dfd9,agent_alpha,8.541,0,0,evidence,0.735135,-0.431325,0.434413,0.735135,0.719347,0.72417,0.715656,0.690996
n10,mag5,ec-mag5-n10-run01,3816e1ba-8c5c-4247-8139-b3a3cf73788a,agent_iota,8.639,0,0,evidence,0.673053,-0.808401,0.525546,0.673053,0.600935,0.610061,0.608052,0.635124
n10,mag5,ec-mag5-n10-run01,a9d5c93e-74ae-4e3e-87d5-95bc845288d3,agent_gamma,8.801,0,0,time,0.792104,0.299114,0.334864,0.75885,0.761379,0.761262,0.792104,0.788081
n10,mag5,ec-mag5-n10-run01,8fe2dce8-8f16-4bc7-bc7f-30166c82ce10,agent_epsilon,8.912,0,0,testing,0.725524,-0.760306,-0.413339,0.674122,0.725524,0.691586,0.669169,0.686778
n10,mag5,ec-mag5-n10-run01,59c40512-7524-43da-9bf0-5974ea9caf2d,agent_zeta,9.035,0,0,ownership,0.649026,0.191105,0.041664,0.614269,0.645606,0.649026,0.6158,0.631976
n10,mag5,ec-mag5-n10-run01,50979ae9-4c45-4bbc-8d33-5f5a97cd97b7,agent_kappa,9.187,0,0,time,0.712058,0.183859,0.445564,0.689964,0.679102,0.672383,0.712058,0.704821
n10,mag5,ec-mag5-n10-run01,ccf559aa-71e6-4284-90b8-10242d9c675c,agent_eta,9.344,0,0,testing,0.70515,-0.81342,-0.425597,0.661776,0.70515,0.661027,0.640765,0.658448
n10,mag5,ec-mag5-n10-run01,c2002c2b-bee4-4c9d-9bf2-c5095f2ac12a,agent_alpha,9.979,0,0,testing,0.821855,-0.703509,-0.214348,0.758489,0.821855,0.762148,0.805768,0.755228
n10,mag5,ec-mag5-n10-run01,d6e294f2-37a0-447a-a342-baf12536cbc3,agent_delta,10.277,0,0,evidence,0.789686,-0.829266,0.450405,0.789686,0.767987,0.733692,0.746536,0.73301
n10,mag5,ec-mag5-n10-run01,ce59d86e-4daf-40af-971a-06a073d04f8c,agent_gamma,10.36,0,0,evidence,0.668759,-0.674244,0.452308,0.668759,0.608563,0.616155,0.627477,0.646054
n10,mag5,ec-mag5-n10-run01,37cf2b6a-5f91-477f-9b99-040a9343e037,agent_zeta,10.465,0,0,testing,0.723022,-0.820712,-0.430889,0.665164,0.723022,0.677264,0.670964,0.669186
n10,mag5,ec-mag5-n10-run01,2f53223b-95e8-48bb-852a-4fe92dfdc9eb,agent_beta,10.991,0,0,evidence,0.754174,-0.848523,0.549022,0.754174,0.669044,0.664968,0.654646,0.681706
n10,mag5,ec-mag5-n10-run01,aea779d0-5faa-46fb-8dc0-91211655e8ce,agent_kappa,11.027,0,0,risk,0.768318,0.404551,0.144094,0.723792,0.744121,0.74413,0.76712,0.768318
n10,mag5,ec-mag5-n10-run01,643e1bde-306f-4117-8572-6d18246ed749,agent_theta,11.334,0,0,testing,0.663931,-0.522685,-0.268235,0.596697,0.663931,0.648006,0.630023,0.625992
n10,mag5,ec-mag5-n10-run01,ed2b4b88-9e30-459d-bce1-4514298bb25e,agent_eta,11.436,0,0,risk,0.715354,0.751064,-0.382136,0.663949,0.682891,0.693798,0.6857,0.715354
n10,mag5,ec-mag5-n10-run01,4746b55f-bd9c-4729-80d6-189b5065c213,agent_zeta,11.734,0,0,risk,0.635762,0.505259,-0.17834,0.62271,0.601692,0.62145,0.600446,0.635762
n10,mag5,ec-mag5-n10-run01,9ea07515-ad54-4a57-90f0-96f593d67646,agent_gamma,11.859,0,0,time,0.759723,0.134621,0.658641,0.700609,0.722448,0.710883,0.759723,0.744465
n10,mag5,ec-mag5-n10-run01,eb150260-d30b-440b-9340-ea4820b576c1,agent_epsilon,11.962,0,1,testing,0.738299,-0.684046,-0.381758,0.650302,0.738299,0.712594,0.688639,0.702752
n10,mag5,ec-mag5-n10-run01,e81ea1f4-7724-4e17-9085-dd6f1a2abd9d,agent_iota,12.607,0,0,evidence,0.610236,-0.679524,0.52604,0.610236,0.557118,0.584806,0.573432,0.572145
n10,mag5,ec-mag5-n10-run01,fb3cba2f-6052-46c8-8a62-1e76862ee554,agent_zeta,12.618,0,0,ownership,0.652518,0.218365,0.045347,0.638726,0.647449,0.652518,0.621522,0.64476
n10,mag5,ec-mag5-n10-run01,73eb77d2-395e-4a75-b268-6220a19d1fd5,agent_delta,12.954,0,0,evidence,0.727696,-0.849319,0.549562,0.727696,0.632044,0.628991,0.620236,0.647774
n10,mag5,ec-mag5-n10-run01,39f27e78-7852-41d6-b90f-6eff6b61eadd,agent_eta,13.182,0,0,testing,0.793496,-0.784276,-0.360888,0.743176,0.793496,0.737551,0.765713,0.743788
n10,mag5,ec-mag5-n10-run01,5e292db1-37f6-4fe9-a292-a6eea025a20a,agent_alpha,13.183,0,0,ownership,0.627942,0.071741,0.291319,0.616456,0.621585,0.627942,0.614667,0.591859
n10,mag5,ec-mag5-n10-run01,70869f8c-2f69-42b0-b215-bf23e4d6d248,agent_epsilon,13.84,0,0,testing,0.75109,-0.267276,-0.224953,0.715867,0.75109,0.741211,0.694505,0.732999
n10,mag5,ec-mag5-n10-run01,14b21922-1dcb-4fda-8cce-fbbf38c03733,agent_zeta,13.886,0,0,testing,0.683984,0.007627,-0.126474,0.652032,0.683984,0.680759,0.644329,0.673067
n10,mag5,ec-mag5-n10-run01,1eb035bd-23d4-4d56-acc0-cb2e6375d588,agent_gamma,13.924,0,0,testing,0.712687,-0.713339,-0.264774,0.694571,0.712687,0.679228,0.678907,0.682909
n10,mag5,ec-mag5-n10-run01,348717f2-783e-4829-9bfb-564a999846a8,agent_kappa,13.992,0,0,risk,0.66185,0.482756,-0.152912,0.6486,0.638783,0.651523,0.624051,0.66185
n10,mag5,ec-mag5-n10-run01,e84423ba-3ff5-4504-8f7c-5dca1431b2c1,agent_eta,14.493,0,0,evidence,0.698726,-0.586881,0.386653,0.698726,0.651404,0.65485,0.645508,0.681024
n10,mag5,ec-mag5-n10-run01,10ef37b9-d8ef-4b37-8b33-f62ef1e508ae,agent_zeta,15.126,1,0,risk,0.598798,0.431853,-0.133229,0.572167,0.591526,0.596142,0.572099,0.598798
n10,mag5,ec-mag5-n10-run01,97bef498-050f-4be0-a770-a0201722f785,agent_alpha,15.163,1,0,ownership,0.656517,0.625557,0.216371,0.610455,0.638157,0.656517,0.621747,0.640429
n10,mag5,ec-mag5-n10-run01,d94cd587-9491-49b5-a862-8057fd76a8b2,agent_theta,15.279,1,0,testing,0.720355,-0.590578,-0.204083,0.649861,0.720355,0.696697,0.702333,0.68059
n10,mag5,ec-mag5-n10-run01,e429c139-d6fa-40ca-b93f-5715367f1e42,agent_gamma,15.454,1,0,testing,0.737717,-0.239155,-0.097257,0.724213,0.737717,0.727955,0.715794,0.725841
n10,mag5,ec-mag5-n10-run01,b5bb77b2-93ff-4a7c-a6a5-0b7303525663,agent_kappa,15.502,1,0,risk,0.793561,0.234294,-0.131903,0.761947,0.786345,0.770639,0.785537,0.793561
n10,mag5,ec-mag5-n10-run01,31ab02db-98ce-4272-87d5-c5f5a7fe21c7,agent_iota,16.129,1,0,evidence,0.672688,-0.841431,0.549399,0.672688,0.600258,0.60217,0.61988,0.608752
n10,mag5,ec-mag5-n10-run01,81fc952b-26a9-4278-9b93-123a26234999,agent_beta,16.135,1,0,evidence,0.710782,-0.713495,0.471642,0.710782,0.662722,0.670984,0.63355,0.684064
n10,mag5,ec-mag5-n10-run01,850b6e2f-e428-474c-b6cc-4133913899e1,agent_epsilon,16.193,1,0,testing,0.706173,-0.537591,-0.20986,0.691596,0.706173,0.68685,0.660065,0.685684
n10,mag5,ec-mag5-n10-run01,c74b1387-1fc1-4e29-91c1-7c8a4407f299,agent_eta,16.358,1,0,testing,0.844941,-0.224596,-0.169951,0.809228,0.844941,0.826247,0.832126,0.835424
n10,mag5,ec-mag5-n10-run01,1c3bae62-06b9-40b3-9801-3705a3815435,agent_zeta,16.457,1,0,evidence,0.704904,-0.613721,0.405439,0.704904,0.654813,0.662982,0.638997,0.685718
n10,mag5,ec-mag5-n10-run01,e518c07a-aaf4-45d8-b95e-721849bceaab,agent_delta,16.588,1,0,evidence,0.759341,-0.840274,0.42578,0.759341,0.739933,0.701304,0.706116,0.691556
n10,mag5,ec-mag5-n10-run01,a15161fd-5e31-4725-a9c6-431e5bbaa7ee,agent_gamma,16.866,1,0,risk,0.78599,0.283637,0.03098,0.774153,0.763226,0.758053,0.778756,0.78599
n10,mag5,ec-mag5-n10-run01,80ef24de-7a2f-41f0-ae2b-ad7b23425a88,agent_kappa,17.11,1,0,time,0.776701,0.307691,0.294757,0.73175,0.750165,0.737934,0.776701,0.773427
n10,mag5,ec-mag5-n10-run01,c2a225de-900e-4de7-944a-7648514948c1,agent_zeta,17.669,1,0,testing,0.73527,-0.051166,-0.144656,0.685314,0.73527,0.730708,0.69865,0.721695
n10,mag5,ec-mag5-n10-run01,27586188-a83f-4c5b-b660-07aed2b1c384,agent_epsilon,17.684,1,0,testing,0.787036,-0.679162,-0.360301,0.707198,0.787036,0.758786,0.754005,0.753825
n10,mag5,ec-mag5-n10-run01,593a2b7f-cfd2-4912-9d46-22b0628c3800,agent_eta,18.193,1,0,evidence,0.728861,-0.289561,0.235644,0.728861,0.716687,0.717057,0.704773,0.717065
n10,mag5,ec-mag5-n10-run01,692f450c-e55e-41a8-b1ba-bddfa216d440,agent_kappa,18.668,1,0,risk,0.741707,0.743479,-0.3798,0.700074,0.682938,0.701184,0.719303,0.741707
n10,mag5,ec-mag5-n10-run01,8bf24e52-221d-4b20-aade-68fa225e2d84,agent_beta,18.678,1,0,evidence,0.736102,-0.83771,0.504569,0.736102,0.705181,0.678033,0.678101,0.67835
n10,mag5,ec-mag5-n10-run01,dcd071e9-090d-45a3-8dae-2ca4e80478e1,agent_zeta,18.984,1,0,evidence,0.625111,-0.676541,0.435025,0.625111,0.586177,0.583526,0.561448,0.60204
n10,mag5,ec-mag5-n10-run01,3c7a66b7-eb38-4d01-aea7-2bc59f377eb8,agent_epsilon,19.673,1,0,testing,0.793471,-0.806559,-0.428915,0.718237,0.793471,0.750869,0.743394,0.746212
n10,mag5,ec-mag5-n10-run01,c083a428-6859-4dd6-8795-0247590a90f2,agent_eta,19.698,1,0,risk,0.788056,0.026211,-0.012039,0.783821,0.777331,0.761443,0.775979,0.788056
n10,mag5,ec-mag5-n10-run01,41e0f1cb-996e-46c9-91b1-1351da1ef179,agent_kappa,20.252,1,0,risk,0.78734,0.584411,-0.103823,0.721501,0.747212,0.749279,0.778588,0.78734
n10,mag5,ec-mag5-n10-run01,e99b4c87-3a86-48d4-b322-7158cec62438,agent_zeta,21.089,1,0,risk,0.67265,0.56579,-0.351924,0.650385,0.651284,0.65252,0.617406,0.67265
n10,mag5,ec-mag5-n10-run01,593a9013-319b-4377-bb7a-527dba93d712,agent_gamma,21.417,1,0,risk,0.775533,0.354285,0.158117,0.756983,0.743752,0.748884,0.773586,0.775533
n10,mag5,ec-mag5-n10-run01,ba25683e-31ea-4b07-9957-a7b4bcbf319e,agent_epsilon,21.689,1,1,testing,0.80379,-0.805877,-0.300269,0.783498,0.80379,0.759346,0.766741,0.753324
n10,mag5,ec-mag5-n10-run01,8ab4e434-59d7-4528-9fdc-6e6bfff7a1ae,agent_kappa,22.073,1,0,time,0.767945,0.403345,0.254598,0.707578,0.723393,0.741393,0.767945,0.766576
n10,mag5,ec-mag5-n10-run01,a5fe1dfb-1fc8-4a61-94dd-1094afc4309c,agent_beta,22.083,1,0,evidence,0.799381,-0.811669,0.491763,0.799381,0.76752,0.742801,0.738623,0.759961
n10,mag5,ec-mag5-n10-run01,8264777e-e8bf-4681-9217-41498498c7c6,agent_eta,22.437,1,0,risk,0.739188,0.546482,-0.158007,0.693566,0.714938,0.711283,0.728304,0.739188
n10,mag5,ec-mag5-n10-run01,3fade5a6-f45b-4c5d-b609-40704fe682d9,agent_zeta,22.461,1,0,risk,0.74048,0.417644,-0.08718,0.727226,0.723169,0.731826,0.719841,0.74048
n10,mag5,ec-mag5-n10-run01,547d6a99-8e30-4ae1-badc-e190c4fa2a90,agent_iota,22.971,1,0,evidence,0.731516,-0.637983,0.510533,0.731516,0.689939,0.690274,0.710819,0.705537
n10,mag5,ec-mag5-n10-run01,9cc7286f-7da8-4656-925a-38ac5edce5d9,agent_delta,23.702,1,0,testing,0.700891,-0.417889,-0.250694,0.657987,0.700891,0.683067,0.677359,0.681644
n10,mag5,ec-mag5-n10-run01,3efd9852-c76f-4532-af1f-92e34ce7a896,agent_theta,23.774,1,0,testing,0.753151,-0.630893,-0.247073,0.686966,0.753151,0.721496,0.734459,0.721024
n10,mag5,ec-mag5-n10-run01,cb7550c6-6617-45b5-a6fd-ce8483465511,agent_kappa,23.908,1,0,time,0.759146,0.269356,0.497704,0.722739,0.718676,0.739282,0.759146,0.750253
n10,mag5,ec-mag5-n10-run01,2e004eb2-fb11-4478-ab0f-d63dce3b8326,agent_zeta,24.221,1,0,ownership,0.567999,0.032876,-0.011994,0.564339,0.567788,0.567999,0.523932,0.565864
n10,mag5,ec-mag5-n10-run01,9b4bc1d7-3989-4e45-b13a-7e643572177b,agent_epsilon,24.417,1,0,testing,0.810822,-0.774522,-0.342541,0.759619,0.810822,0.764763,0.784674,0.747926
n10,mag5,ec-mag5-n10-run01,c4b988c7-0fcc-464d-9df9-9eeb7ee294d5,agent_alpha,25.021,1,0,testing,0.714206,-0.767953,-0.026965,0.708546,0.714206,0.681147,0.689185,0.658883
n10,mag5,ec-mag5-n10-run01,a7f3e70d-bdd2-43bd-b5c1-0d86893cecaf,agent_kappa,25.577,1,0,time,0.814829,-0.254351,0.400691,0.774656,0.809582,0.783821,0.814829,0.785551
n10,mag5,ec-mag5-n10-run01,989bb671-c5b1-4535-a68a-7023c64981f3,agent_beta,26.18,1,0,evidence,0.744989,-0.84985,0.549857,0.744989,0.651013,0.631614,0.639677,0.648272
n10,mag5,ec-mag5-n10-run01,4594c6ff-c408-46bf-95aa-c5e0cee41677,agent_eta,26.265,1,0,risk,0.736191,0.17022,-0.298092,0.713942,0.732077,0.719148,0.713167,0.736191
n10,mag5,ec-mag5-n10-run01,3af4fe91-d298-4e55-af00-101b9942b0d2,agent_alpha,26.301,1,0,time,0.802289,0.158486,0.390454,0.73273,0.78751,0.784073,0.802289,0.793163
n10,mag5,ec-mag5-n10-run01,9614c8eb-8d20-43d9-ac43-49a8051e9b12,agent_zeta,26.396,1,0,ownership,0.665922,0.422769,-0.105969,0.632151,0.660948,0.665922,0.637612,0.665634
n10,mag5,ec-mag5-n10-run01,79f086bb-4973-4962-8899-101fe8e0ba35,agent_kappa,27.476,1,0,time,0.704013,0.153498,0.450434,0.675216,0.68562,0.686201,0.704013,0.693847
n10,mag5,ec-mag5-n10-run01,3371d8fb-d21c-44a9-b137-c9c823c8458c,agent_kappa,28.681,1,0,time,0.740962,0.299162,0.261661,0.724636,0.69809,0.712844,0.740962,0.740122
n10,mag5,ec-mag5-n10-run01,f0da54ed-3455-42f5-87f1-5cbf94f4b073,agent_epsilon,28.701,1,1,testing,0.690517,-0.731854,-0.425047,0.63209,0.690517,0.652467,0.640061,0.660493
n10,mag5,ec-mag5-n10-run01,e75416e1-88e3-4910-9e10-17813ebe0365,agent_theta,29.045,1,0,testing,0.815291,-0.746687,-0.358998,0.72692,0.815291,0.778418,0.786452,0.772257
n10,mag5,ec-mag5-n10-run01,79512bf4-ffbe-4bc7-8785-cdad19c9ef15,agent_gamma,29.407,1,0,time,0.70227,0.016299,0.505187,0.646706,0.688938,0.681128,0.70227,0.684941
n10,mag5,ec-mag5-n10-run01,8c3b6fb8-69da-4b2d-a797-09f1deb586ea,agent_alpha,29.572,1,0,ownership,0.810489,0.023778,0.007529,0.741923,0.810461,0.810489,0.780078,0.781857
n10,mag5,ec-mag5-n10-run01,a8d63880-91bf-4db1-8578-6689fc952ae8,agent_kappa,30.932,2,0,testing,0.775707,-0.249055,0.13596,0.764832,0.775707,0.752027,0.774441,0.767446
n10,mag5,ec-mag5-n10-run01,2f7cb3a3-eb42-4771-a4f2-1f01cda7e3bc,agent_zeta,31.229,2,0,risk,0.624642,0.512069,-0.150069,0.607478,0.60421,0.614731,0.599638,0.624642
n10,mag5,ec-mag5-n10-run01,a64a0e4b-5b37-45bd-bc85-28ab4368dbed,agent_epsilon,32.765,2,0,testing,0.77602,-0.58067,-0.34634,0.678551,0.77602,0.751598,0.7438,0.751383
n10,mag5,ec-mag5-n10-run01,9729bddf-f32f-4fed-9bef-0aab9b45b190,agent_delta,32.867,2,0,risk,0.6642,0.609063,-0.093511,0.645846,0.641634,0.660167,0.62802,0.6642
n10,mag5,ec-mag5-n10-run01,b2d0701c-ba81-463f-b0b2-649ddcb35535,agent_kappa,32.975,2,0,time,0.757154,0.056768,0.772328,0.71132,0.72716,0.730686,0.757154,0.730464
n10,mag5,ec-mag5-n10-run01,cd96cec9-8846-449e-86c4-9b63508144dd,agent_alpha,33.184,2,0,time,0.681711,0.124101,0.321974,0.607982,0.678698,0.681287,0.681711,0.665917
n10,mag5,ec-mag5-n10-run01,fc2da4b9-86eb-4e25-a06c-6efa52966307,agent_iota,33.623,2,0,evidence,0.69398,-0.774442,0.502204,0.69398,0.631034,0.628331,0.630028,0.662834
n10,mag5,ec-mag5-n10-run01,96293894-2498-47bd-a21d-ed7b3c70180c,agent_eta,34.295,2,0,ownership,0.713232,0.308139,-0.017091,0.653161,0.710819,0.713232,0.702902,0.712031
n10,mag5,ec-mag5-n10-run01,3cd0366b-5da6-471f-91a1-85d179a014df,agent_theta,35.698,2,0,testing,0.692266,-0.58031,-0.066262,0.632417,0.692266,0.650792,0.682526,0.653161
n10,mag5,ec-mag5-n10-run01,b5f3c64a-803e-4246-87d4-49238c5a5e47,agent_kappa,35.797,2,0,time,0.79843,-0.118639,0.466163,0.763194,0.789343,0.774388,0.79843,0.776694
n10,mag5,ec-mag5-n10-run01,7eb467b0-a30b-4d50-bc1f-393f60cdd9ba,agent_zeta,35.862,2,0,ownership,0.571848,0.627709,0.084145,0.507001,0.556148,0.571848,0.521567,0.562974
n10,mag5,ec-mag5-n10-run01,1f1da21d-d0ae-47cf-9a51-0fc41dba9a50,agent_alpha,36.02,2,0,evidence,0.647617,-0.836226,0.542471,0.647617,0.583659,0.582663,0.583474,0.596219
n10,mag5,ec-mag5-n10-run01,e547001d-bf98-4e0c-b712-61b0815d7dec,agent_beta,36.663,2,1,evidence,0.730074,-0.849252,0.54744,0.730074,0.670011,0.643308,0.645917,0.642677
n10,mag5,ec-mag5-n10-run01,391c4e24-05a0-4849-937a-b4d82b0ad117,agent_gamma,37.189,2,0,testing,0.669565,-0.107803,-0.146631,0.6427,0.669565,0.653523,0.658788,0.66426
n10,mag5,ec-mag5-n10-run01,ae29d7cf-be8c-4c7c-9fab-14ac71ee1e6e,agent_zeta,37.215,2,0,risk,0.640531,0.421847,-0.021793,0.631479,0.618187,0.635195,0.613646,0.640531
n10,mag5,ec-mag5-n10-run01,4c187000-4150-48a2-a1e4-9885dc1fe061,agent_zeta,38.646,2,0,risk,0.700647,0.769273,-0.471103,0.653503,0.668581,0.673043,0.651675,0.700647
n10,mag5,ec-mag5-n10-run01,7e22490f-89bd-4e52-93d7-58f3a00f0c2e,agent_kappa,38.861,2,0,time,0.771883,0.158807,0.488752,0.725541,0.748043,0.73161,0.771883,0.761685
n10,mag5,ec-mag5-n10-run01,817bbdfd-4ed4-4180-a28d-90acce853592,agent_eta,39.508,2,0,testing,0.761373,-0.389198,-0.329136,0.720795,0.761373,0.742348,0.7262,0.746221
n10,mag5,ec-mag5-n10-run01,4f27e6d3-1408-4559-a38d-722eb0635874,agent_epsilon,39.566,2,0,testing,0.77409,-0.721495,-0.322505,0.703527,0.77409,0.739406,0.749193,0.730351
n10,mag5,ec-mag5-n10-run01,a2bc301e-92ba-4148-9259-1f195d605d41,agent_alpha,39.943,2,0,risk,0.837672,0.425169,-0.095688,0.788394,0.821116,0.809398,0.82999,0.837672
n10,mag5,ec-mag5-n10-run01,4bd5989d-ea83-4f92-a862-b11d279c30d5,agent_zeta,40.061,2,0,testing,0.71728,-0.47479,-0.189527,0.635254,0.71728,0.700773,0.697209,0.685869
n10,mag5,ec-mag5-n10-run01,e511b4b5-32e6-4763-830f-331863cf6a5e,agent_gamma,40.527,2,0,time,0.705105,-0.109663,0.597798,0.69235,0.686541,0.679763,0.705105,0.685613
n10,mag5,ec-mag5-n10-run01,9554c811-751a-4bee-a88e-f153bf30aeff,agent_delta,40.597,2,0,risk,0.75121,0.476633,-0.161832,0.686006,0.740622,0.74362,0.734088,0.75121
n10,mag5,ec-mag5-n10-run01,ddec595a-1efd-45b3-ad34-e108b79b83bb,agent_iota,41.051,2,0,evidence,0.705101,-0.779078,0.513725,0.705101,0.645201,0.654941,0.654392,0.67129
n10,mag5,ec-mag5-n10-run01,0134772a-1914-4212-b79a-3e22a5c27253,agent_theta,41.721,2,0,ownership,0.631128,0.354362,0.180689,0.59874,0.623034,0.631128,0.624418,0.625011
n10,mag5,ec-mag5-n10-run01,ecc4a971-8146-4c27-8769-cbc7b3d4ee3e,agent_zeta,41.801,2,0,ownership,0.652962,0.471547,0.171222,0.58352,0.641409,0.652962,0.627063,0.636704
n10,mag5,ec-mag5-n10-run01,423a363b-2fad-4920-b151-cf2afb32e057,agent_eta,41.905,2,0,risk,0.705302,0.332885,-0.348728,0.652083,0.698681,0.690396,0.675983,0.705302
n10,mag5,ec-mag5-n10-run01,1a503c86-e975-47f9-864f-c314fe418f88,agent_alpha,42.043,2,0,evidence,0.768593,-0.708986,0.461841,0.768593,0.718994,0.714518,0.717827,0.743796
n10,mag5,ec-mag5-n10-run01,71de4e89-9636-405b-81b2-b98e4c3064e8,agent_epsilon,42.049,2,0,testing,0.745125,-0.07572,0.042609,0.712644,0.745125,0.735336,0.740669,0.736934
n10,mag5,ec-mag5-n10-run01,a1073dbc-c190-44a0-a282-b1628a8beaba,agent_kappa,42.099,2,0,risk,0.685685,0.223467,-0.08639,0.680226,0.636356,0.651416,0.660087,0.685685
n10,mag5,ec-mag5-n10-run01,6080c32c-e57c-4eb5-9fe8-7dea3b9c8bec,agent_beta,42.234,2,0,testing,0.668705,-0.461843,-0.217574,0.63736,0.668705,0.642803,0.651358,0.651082
n10,mag5,ec-mag5-n10-run01,618c54aa-4831-4390-a42a-f325096467fd,agent_gamma,42.765,2,0,risk,0.685965,0.470428,0.076249,0.649469,0.644642,0.646331,0.682458,0.685965
n10,mag5,ec-mag5-n10-run01,8a9e4961-376e-42b9-9e8b-378b92f3d6de,agent_alpha,42.949,2,0,testing,0.77238,-0.23728,-0.298322,0.733403,0.77238,0.756691,0.74327,0.76202
n10,mag5,ec-mag5-n10-run01,58c0d4d3-f0c3-4d7a-b755-fda09826122e,agent_iota,43.312,2,0,evidence,0.771324,-0.843797,0.544345,0.771324,0.711745,0.696999,0.692015,0.712897
n10,mag5,ec-mag5-n10-run01,decde5cb-6407-4453-ae5e-deefe9242d42,agent_zeta,43.375,2,0,evidence,0.63072,-0.45989,0.31183,0.63072,0.596066,0.598127,0.587038,0.617412
n10,mag5,ec-mag5-n10-run01,94c93d2f-49d1-443d-bdae-40b3cf937d68,agent_gamma,44.06,2,0,time,0.763704,0.275962,0.346103,0.71433,0.737022,0.721856,0.763704,0.758853
n10,mag5,ec-mag5-n10-run01,050b21f5-bff5-41f8-bf0d-43a09cb398df,agent_alpha,44.22,2,0,testing,0.696909,-0.267817,-0.212607,0.684517,0.696909,0.682201,0.65161,0.688684
n10,mag5,ec-mag5-n10-run01,0b606dd7-1581-467c-b9b1-f82bad8f3844,agent_delta,44.264,2,0,testing,0.736297,-0.69356,-0.283812,0.642782,0.736297,0.700301,0.715299,0.69666
n10,mag5,ec-mag5-n10-run01,adf85e72-b697-461b-9403-60c7628835de,agent_eta,44.47,2,0,testing,0.757597,-0.536006,-0.130323,0.723735,0.757597,0.72976,0.744433,0.730821
n10,mag5,ec-mag5-n10-run01,f3793547-435e-406b-9969-db1ee5db1a84,agent_zeta,44.833,2,0,risk,0.602216,0.403642,-0.294498,0.571331,0.593668,0.591515,0.56421,0.602216
n10,mag5,ec-mag5-n10-run01,c8b84909-f213-4334-a2f8-902cd06557c9,agent_iota,44.937,2,0,risk,0.807001,0.2917,-0.262096,0.761351,0.798344,0.771157,0.794253,0.807001
n10,mag5,ec-mag5-n10-run01,73071e10-e461-40ac-b296-a0d1e6adcfd2,agent_epsilon,45.292,3,0,testing,0.764696,-0.319577,0.091865,0.699573,0.764696,0.749033,0.759649,0.739492
n10,mag5,ec-mag5-n10-run01,9a7eb281-9a80-4910-bbc2-433b2f03bd91,agent_kappa,45.467,3,0,time,0.718773,0.265901,0.238957,0.695747,0.697132,0.679653,0.718773,0.717097
n10,mag5,ec-mag5-n10-run01,42378fce-a0de-4ff9-b206-cc1233461b69,agent_alpha,45.54,3,0,testing,0.759741,-0.839251,-0.442327,0.677434,0.759741,0.702045,0.703017,0.694951
n10,mag5,ec-mag5-n10-run01,1eea199e-3915-405d-b8bf-02fb1055bdfc,agent_gamma,45.549,3,0,time,0.758116,0.314663,0.331223,0.695908,0.726043,0.713686,0.758116,0.754087
n10,mag5,ec-mag5-n10-run01,cf2660a7-a32e-4244-9d59-bd2a8cd47fb6,agent_beta,45.642,3,0,evidence,0.689678,-0.749953,0.432338,0.689678,0.668583,0.649343,0.657842,0.65556
n10,mag5,ec-mag5-n10-run01,027140d8-84e0-432e-9295-aa995ca61cbd,agent_zeta,46.289,3,0,risk,0.758206,0.437593,0.075463,0.725827,0.730725,0.731395,0.754683,0.758206
n10,mag5,ec-mag5-n10-run01,81fa5cb5-9b97-4f20-85b4-e9f9c9b89fd0,agent_alpha,46.516,3,0,evidence,0.639457,-0.41079,0.427135,0.639457,0.61702,0.627072,0.612516,0.613351
n10,mag5,ec-mag5-n10-run01,15bb0b9c-7f03-4832-ba1d-6056f030439e,agent_eta,46.521,3,0,risk,0.750583,-0.041055,-0.114828,0.745526,0.748498,0.737782,0.730936,0.750583
n10,mag5,ec-mag5-n10-run01,ce751e8a-289f-42f3-a4ca-e2fe8ea8c9d0,agent_theta,46.61,3,0,testing,0.641895,-0.173979,-0.256602,0.599412,0.641895,0.621934,0.625443,0.634983
n10,mag5,ec-mag5-n10-run01,93c65346-79c4-4b25-9761-558be8a42f66,agent_delta,47.005,3,0,testing,0.755111,-0.466178,0.002253,0.689649,0.755111,0.730546,0.747366,0.723655
n10,mag5,ec-mag5-n10-run01,693eb873-68c0-44c5-8357-6975c1a50f00,agent_kappa,47.441,3,0,time,0.705072,0.226274,0.453672,0.673376,0.670668,0.666433,0.705072,0.697513
n10,mag5,ec-mag5-n10-run01,db3a0875-faac-458f-b24f-47bd3ee5f0af,agent_zeta,47.668,3,0,risk,0.677124,0.336036,-0.24494,0.606745,0.67209,0.669303,0.653308,0.677124
n10,mag5,ec-mag5-n10-run01,9d25ea70-02c6-4979-9e91-4f9b5967418c,agent_epsilon,47.964,3,0,testing,0.785652,-0.769054,-0.366384,0.716033,0.785652,0.7402,0.757167,0.741344
n10,mag5,ec-mag5-n10-run01,e360d160-64f0-4b3e-9c27-662012aa9993,agent_beta,48.053,3,0,evidence,0.767387,-0.430993,0.440773,0.767387,0.731713,0.728811,0.754317,0.752432
n10,mag5,ec-mag5-n10-run01,c7a1e68c-772a-4bdb-86ba-22f93936d8d8,agent_alpha,48.179,3,0,testing,0.641192,0.03737,-0.313835,0.609915,0.641192,0.630205,0.605179,0.639057
n10,mag5,ec-mag5-n10-run01,0a656632-34b6-4009-9b1e-1c81d01ac40f,agent_eta,48.244,3,0,time,0.775324,0.065901,0.07746,0.733459,0.771886,0.749802,0.775324,0.773724
n10,mag5,ec-mag5-n10-run01,1d325f96-835f-4654-99eb-cde9991e19ab,agent_gamma,48.34,3,0,time,0.664292,0.03767,0.513085,0.643173,0.645626,0.638661,0.664292,0.651218
n10,mag5,ec-mag5-n10-run01,8a29e21b-3920-4abc-bbcb-1378f8f580d3,agent_iota,48.52,3,0,evidence,0.688652,-0.774509,0.503473,0.688652,0.624175,0.628825,0.624113,0.657249
n10,mag5,ec-mag5-n10-run01,3a013020-aaf8-4477-927e-6f15f1565657,agent_kappa,48.919,3,0,time,0.709949,0.205609,0.313373,0.699151,0.671054,0.685109,0.709949,0.708032
n10,mag5,ec-mag5-n10-run01,1c88045e-12ba-461b-9bb8-bb662fc879f9,agent_zeta,49.457,3,0,risk,0.660405,0.721298,-0.348005,0.621058,0.629821,0.640851,0.632066,0.660405
n10,mag5,ec-mag5-n10-run01,b21ba6f3-d7cf-4912-a42a-e97cd611d5a8,agent_gamma,49.664,3,0,time,0.710473,-0.176286,0.569159,0.652614,0.699952,0.678691,0.710473,0.670195
n10,mag5,ec-mag5-n10-run01,8fa112ae-4246-454b-b1ef-1deb15068f97,agent_epsilon,49.754,3,0,testing,0.839256,-0.777941,-0.418945,0.786672,0.839256,0.795771,0.795991,0.802468
n10,mag5,ec-mag5-n10-run01,540a6088-38b5-4518-af32-5a703de29cfb,agent_alpha,50.124,3,0,risk,0.66925,0.779877,-0.304784,0.633264,0.62511,0.655265,0.634064,0.66925
n10,mag5,ec-mag5-n10-run01,5c378131-aee2-4c8b-aa47-710131ef70cf,agent_eta,50.177,3,0,evidence,0.680277,-0.807523,0.530636,0.680277,0.622985,0.633263,0.621011,0.638497
n10,mag5,ec-mag5-n10-run01,c674d53e-b377-414f-acad-174d48a6f418,agent_zeta,50.479,3,0,risk,0.728951,0.413092,0.076582,0.711801,0.689905,0.708187,0.723476,0.728951
n10,mag5,ec-mag5-n10-run01,e69155e1-26ad-483f-9b11-2b6d778b9843,agent_gamma,50.959,3,0,risk,0.697997,0.604075,-0.154628,0.648805,0.657721,0.653709,0.687542,0.697997
n10,mag5,ec-mag5-n10-run01,974ad6fb-b2ce-4252-986c-679b7391bf50,agent_theta,51.175,3,0,time,0.676681,0.355449,0.206733,0.652719,0.664563,0.672851,0.676681,0.676523
n10,mag5,ec-mag5-n10-run01,d6cfce2d-1049-4730-86cc-c86800514cd0,agent_epsilon,51.348,3,0,testing,0.80292,-0.104166,-0.186409,0.784953,0.80292,0.787903,0.787437,0.798845
n10,mag5,ec-mag5-n10-run01,96010d9a-84e6-4990-a510-d230eed698e0,agent_kappa,51.497,3,0,time,0.748429,0.087991,0.790745,0.677314,0.69931,0.708465,0.748429,0.726094
n10,mag5,ec-mag5-n10-run01,df262128-99a7-4166-9375-6659bff7d579,agent_zeta,51.69,3,0,risk,0.703506,0.821613,-0.47347,0.621792,0.640707,0.669749,0.668879,0.703506
n10,mag5,ec-mag5-n10-run01,9588f10b-1e26-4585-8f67-b103d07ca8da,agent_eta,51.785,3,0,evidence,0.617664,-0.33737,0.226091,0.617664,0.615139,0.5808,0.615643,0.610929
n10,mag5,ec-mag5-n10-run01,6d9ed883-8772-412b-a706-79701b07812f,agent_alpha,52.082,3,0,risk,0.742213,0.589976,-0.372002,0.723765,0.705085,0.706698,0.693943,0.742213
n10,mag5,ec-mag5-n10-run01,6f71014b-928d-482b-8b09-4a85eff91011,agent_gamma,52.164,3,0,time,0.631166,-0.000655,0.400187,0.618868,0.616409,0.607549,0.631166,0.622613
n10,mag5,ec-mag5-n10-run01,f8b7121c-1c45-4469-8bfa-88799da642a7,agent_epsilon,52.563,3,0,testing,0.710175,-0.523181,-0.300415,0.631218,0.710175,0.69398,0.661831,0.677225
n10,mag5,ec-mag5-n10-run01,807df47f-0e63-4d75-875b-c1c3d6040995,agent_kappa,52.594,3,0,risk,0.711199,0.061085,0.231975,0.709706,0.687897,0.693182,0.708321,0.711199
n10,mag5,ec-mag5-n10-run01,6d755304-5085-4352-841c-41e58e5a5be7,agent_zeta,52.732,3,0,testing,0.664802,-0.694237,-0.362747,0.597977,0.664802,0.641135,0.616573,0.608513
n10,mag5,ec-mag5-n10-run01,ab1d6843-d58b-4ec9-8cf7-174174556a3f,agent_beta,52.981,3,0,evidence,0.655692,-0.666555,0.487487,0.655692,0.619033,0.62194,0.627712,0.628056
n10,mag5,ec-mag5-n10-run01,28ff7e28-ff69-4223-bb55-6d7e55ba9f02,agent_eta,53.2,3,0,evidence,0.687779,-0.634853,0.402762,0.687779,0.654123,0.644877,0.643446,0.667462
n10,mag5,ec-mag5-n10-run01,7ebf1d7d-351c-4e0d-b676-71bdc6ab3281,agent_delta,53.316,3,0,testing,0.795574,-0.702985,-0.323871,0.719666,0.795574,0.764097,0.769761,0.755121
n10,mag5,ec-mag5-n10-run01,6b5fe0c0-fd1c-4b0a-8f94-9201de4215c1,agent_epsilon,53.458,3,0,testing,0.685826,-0.346423,-0.224534,0.616787,0.685826,0.675133,0.643586,0.659768
n10,mag5,ec-mag5-n10-run01,0c401d9e-9b83-4295-95db-3433ff39d15c,agent_gamma,53.465,3,0,time,0.716527,-0.036439,0.74526,0.672205,0.694959,0.682802,0.716527,0.684751
n10,mag5,ec-mag5-n10-run01,665876a9-7354-4c84-9188-a5dbb2c67c17,agent_kappa,53.786,3,0,time,0.756581,0.110607,0.431956,0.733331,0.736413,0.721247,0.756581,0.747914
n10,mag5,ec-mag5-n10-run01,d611919a-c25d-4a94-a377-e866040e512b,agent_alpha,54.048,3,0,testing,0.660182,-0.310031,0.152985,0.607049,0.660182,0.642776,0.657516,0.635836
n10,mag5,ec-mag5-n10-run01,c63e8133-5b47-40ed-af51-75c070750ae9,agent_zeta,54.266,3,0,risk,0.602583,0.150065,-0.001749,0.591564,0.593462,0.583974,0.595627,0.602583
n10,mag5,ec-mag5-n10-run01,18109b9a-d9bf-405d-8265-e6b4e2600778,agent_epsilon,54.56,3,0,testing,0.796628,-0.779227,-0.387652,0.721499,0.796628,0.756851,0.76323,0.748069
n10,mag5,ec-mag5-n10-run01,7dc2ff3c-3632-45b4-bee8-03eec6fd340d,agent_gamma,54.65,3,0,time,0.732514,0.015742,0.794122,0.656964,0.702873,0.682208,0.732514,0.705398
n10,mag5,ec-mag5-n10-run01,3d3d0f7f-a5be-4272-bc79-09e924103654,agent_iota,54.704,3,0,evidence,0.726022,-0.127978,0.361884,0.726022,0.691788,0.712639,0.716434,0.718034
n10,mag5,ec-mag5-n10-run01,d67e6421-4ee1-46c0-a6cb-68710bfa3c8a,agent_kappa,54.904,3,0,evidence,0.66175,-0.656347,0.584524,0.66175,0.616019,0.617684,0.646133,0.625363
n10,mag5,ec-mag5-n10-run01,ca5b16ff-7aa2-4486-8398-4ef785fc1041,agent_delta,55.16,3,0,testing,0.800153,-0.522786,-0.200797,0.731161,0.800153,0.769715,0.785071,0.777772
n10,mag5,ec-mag5-n10-run01,914b818c-6e36-45e1-beb6-b1afe8b85c4a,agent_epsilon,55.561,3,0,testing,0.744223,-0.28818,-0.347572,0.703658,0.744223,0.718227,0.719536,0.735219
n10,mag5,ec-mag5-n10-run01,149bc733-9e16-454e-8e40-ad9489580e03,agent_eta,55.569,3,0,risk,0.721027,0.67577,-0.38639,0.687348,0.69182,0.690684,0.694539,0.721027
n10,mag5,ec-mag5-n10-run01,11474db4-8aa9-4391-bdae-e489efd121c6,agent_beta,55.976,3,0,testing,0.697638,0.032562,-0.183907,0.681073,0.697638,0.690791,0.672709,0.695215
n10,mag5,ec-mag5-n10-run01,31d07c19-a04f-4577-a1fc-f4a0218ef910,agent_zeta,55.993,3,0,risk,0.580516,0.669912,-0.284696,0.53125,0.558858,0.567416,0.553149,0.580516
n10,mag5,ec-mag5-n10-run01,e6d1a646-dc36-420d-bc58-b2f67bc40b8a,agent_gamma,56.1,3,0,time,0.687661,-0.026044,0.276441,0.67371,0.678913,0.658414,0.687661,0.681533
n10,mag5,ec-mag5-n10-run01,a515bf35-1157-46c8-805c-94ab77c770c9,agent_kappa,56.146,3,0,risk,0.681305,0.384416,-0.111046,0.653998,0.668959,0.666567,0.67066,0.681305
n10,mag5,ec-mag5-n10-run01,26864004-7a8c-4c3f-9aff-6a495d9a9f6d,agent_alpha,56.375,3,0,risk,0.773924,0.674579,-0.386424,0.750028,0.7269,0.738727,0.741752,0.773924
n10,mag5,ec-mag5-n10-run01,6f5afd11-eeb0-436b-b39b-091c4b8d2252,agent_epsilon,56.589,3,0,testing,0.753947,-0.750644,-0.376319,0.687321,0.753947,0.708958,0.72424,0.717824
n10,mag5,ec-mag5-n10-run01,23c22531-2c95-4229-b3c7-7fcb9e5e0227,agent_eta,56.719,3,0,risk,0.701642,0.730306,-0.449425,0.673529,0.653828,0.66058,0.661658,0.701642
n10,mag25,ec-mag25-n10-run01,114b1ea1-9b76-4e4b-bef1-cadc40addc48,agent_alpha,0.0,0,0,risk,0.665464,0.752145,-0.106476,0.63442,0.634812,0.662157,0.629944,0.665464
n10,mag25,ec-mag25-n10-run01,12052754-c6c1-4315-a6c6-3bdb043e8540,agent_beta,0.383,0,0,evidence,0.761992,-0.849764,0.549845,0.761992,0.666287,0.661397,0.656416,0.668013
n10,mag25,ec-mag25-n10-run01,a5f710b1-4f4b-43e1-84ba-b874764275ad,agent_kappa,0.673,0,0,evidence,0.701389,-0.531821,0.516265,0.701389,0.653494,0.684093,0.67196,0.667727
n10,mag25,ec-mag25-n10-run01,206eb41f-6e10-4248-a58c-3fca404b323d,agent_delta,0.825,0,0,ownership,0.522208,0.133252,0.234703,0.430399,0.518963,0.522208,0.514863,0.497074
n10,mag25,ec-mag25-n10-run01,41f572e9-1185-480f-9502-a76d1e4e9840,agent_gamma,0.894,0,0,ownership,0.620319,0.287602,0.254208,0.617678,0.589398,0.620319,0.612323,0.618984
n10,mag25,ec-mag25-n10-run01,2ceaf88a-bd65-4709-b826-5ac416ac7eef,agent_alpha,0.942,0,0,testing,0.576873,0.021615,0.136176,0.545331,0.576873,0.571039,0.576454,0.571148
n10,mag25,ec-mag25-n10-run01,3b697ac6-8286-4fde-9478-9a05b874e6a7,agent_theta,1.026,0,0,ownership,0.648455,0.325403,0.164906,0.623875,0.639466,0.648455,0.608628,0.626852
n10,mag25,ec-mag25-n10-run01,7502889b-8f02-4aee-90ac-074fc95d8044,agent_zeta,1.085,0,0,ownership,0.534906,0.425268,0.09759,0.508596,0.525361,0.534906,0.52374,0.531338
n10,mag25,ec-mag25-n10-run01,bc86ecc7-a87c-4435-8e56-d3c011e93831,agent_eta,1.164,0,0,ownership,0.345954,0.483242,0.392706,0.329408,0.318295,0.345954,0.327327,0.325414
n10,mag25,ec-mag25-n10-run01,4f06ae4e-6584-484b-bca5-c370e5e7b17a,agent_epsilon,1.168,0,0,risk,0.649639,0.390515,-0.079724,0.585965,0.638292,0.635745,0.641498,0.649639
n10,mag25,ec-mag25-n10-run01,359ef65c-80ad-4615-86cc-286cecfdd228,agent_iota,1.275,0,0,evidence,0.704738,-0.843338,0.544411,0.704738,0.64194,0.622568,0.624708,0.648203
n10,mag25,ec-mag25-n10-run01,867231c6-6f5e-403e-ad53-cc89de25944a,agent_kappa,1.596,0,0,time,0.763564,-0.109658,0.785856,0.750254,0.727983,0.738599,0.763564,0.728215
n10,mag25,ec-mag25-n10-run01,3d1381ef-11d4-4d3b-8122-b2a14a8b2c01,agent_beta,1.847,0,0,evidence,0.720342,-0.845678,0.547529,0.720342,0.637233,0.641801,0.634872,0.658515
n10,mag25,ec-mag25-n10-run01,9315a077-2a62-4e9a-bb59-d33a39dddfc9,agent_alpha,1.924,0,0,risk,0.672428,0.652209,-0.287644,0.644561,0.648975,0.65931,0.6344,0.672428
n10,mag25,ec-mag25-n10-run01,131a6ee7-b929-434a-b895-1ca2cb01ce40,agent_theta,2.003,0,0,evidence,0.644241,-0.342011,0.270381,0.644241,0.619008,0.623495,0.610127,0.633009
n10,mag25,ec-mag25-n10-run01,68e24507-b42b-46ff-87bf-99f342a670a7,agent_gamma,2.03,0,0,evidence,0.672371,-0.548725,0.512382,0.672371,0.631572,0.655628,0.636611,0.633553
n10,mag25,ec-mag25-n10-run01,ea8e9cc0-434c-40fc-916c-368168ea361e,agent_eta,2.218,0,0,risk,0.500487,0.734105,-0.373613,0.46355,0.467426,0.479212,0.469225,0.500487
n10,mag25,ec-mag25-n10-run01,3c7dfdce-6a80-4412-85fe-493935433037,agent_iota,2.227,0,0,evidence,0.752781,-0.849225,0.54952,0.752781,0.645025,0.651776,0.621551,0.67489
n10,mag25,ec-mag25-n10-run01,fd3468c9-d7bb-4420-b636-27cb517373c6,agent_zeta,2.337,0,0,evidence,0.641963,-0.281091,0.471761,0.641963,0.597723,0.632976,0.614246,0.617472
n10,mag25,ec-mag25-n10-run01,e3877f2a-27fa-43aa-bd6c-9d50e4a24cce,agent_kappa,2.615,0,0,evidence,0.68699,-0.420633,0.447144,0.68699,0.638114,0.668837,0.663636,0.667723
n10,mag25,ec-mag25-n10-run01,1989fb86-76d6-4a74-bb18-761cbfd5c752,agent_beta,2.676,0,0,evidence,0.705609,-0.846472,0.547323,0.705609,0.631097,0.616137,0.608075,0.643063
n10,mag25,ec-mag25-n10-run01,fe98a4db-6aa4-4b1e-b7ee-76c39923c0cd,agent_delta,2.697,0,0,ownership,0.635366,0.434886,0.276373,0.555176,0.622688,0.635366,0.625944,0.622656
n10,mag25,ec-mag25-n10-run01,b635072c-a34a-4530-8c06-485951aed542,agent_alpha,2.847,0,0,ownership,0.634565,0.779222,0.03725,0.588057,0.60413,0.634565,0.601725,0.631416
n10,mag25,ec-mag25-n10-run01,5c274b24-40f6-4595-9b82-34b3fb851f91,agent_gamma,2.93,0,0,evidence,0.646572,-0.192436,0.420948,0.646572,0.599355,0.632895,0.635829,0.635135
n10,mag25,ec-mag25-n10-run01,48bf5e6c-46a7-40c4-b2f5-d867f10e2391,agent_theta,2.94,0,0,risk,0.75186,0.502696,-0.218004,0.737634,0.724631,0.736558,0.709827,0.75186
n10,mag25,ec-mag25-n10-run01,059e07aa-19b1-4a44-95df-65914cb7b9fd,agent_eta,3.288,0,0,evidence,0.607206,-0.188964,0.31155,0.607206,0.567613,0.577373,0.596913,0.60091
n10,mag25,ec-mag25-n10-run01,a09e3bcc-d3ab-4a43-8d13-30f341e16ee1,agent_zeta,3.608,0,0,evidence,0.624027,-0.102631,0.458499,0.624027,0.586951,0.620056,0.60241,0.602746
n10,mag25,ec-mag25-n10-run01,cf06c551-9342-4fbc-8e51-b7ad792f6b9c,agent_beta,3.672,0,0,evidence,0.683251,-0.701927,0.460205,0.683251,0.626064,0.635019,0.620902,0.658809
n10,mag25,ec-mag25-n10-run01,0281ed09-ebb2-4c0f-820e-98bed5644191,agent_kappa,3.753,0,0,evidence,0.755667,-0.479869,0.476458,0.755667,0.720049,0.735173,0.735971,0.733324
n10,mag25,ec-mag25-n10-run01,28b0aeea-d641-4d45-b829-a3041b3c996a,agent_alpha,3.917,0,0,risk,0.706187,0.104624,0.005527,0.703656,0.6741,0.678751,0.685771,0.706187
n10,mag25,ec-mag25-n10-run01,f9090c0a-4053-4386-8ec6-849104a3358d,agent_gamma,3.969,0,0,evidence,0.677266,0.127569,0.274662,0.677266,0.645481,0.672733,0.67095,0.675848
n10,mag25,ec-mag25-n10-run01,00272c89-d2fe-4d7f-a269-b19adbdfd2e1,agent_epsilon,4.073,0,0,testing,0.820299,-0.416635,0.048489,0.802221,0.820299,0.804629,0.811285,0.791485
n10,mag25,ec-mag25-n10-run01,fc52550c-7e76-4c90-8814-6700e41a4bc0,agent_iota,4.178,0,0,evidence,0.700763,-0.847836,0.549098,0.700763,0.616443,0.627702,0.601329,0.626227
n10,mag25,ec-mag25-n10-run01,33756dd2-691d-46ba-8660-a2d65821c538,agent_eta,4.358,0,0,time,0.569408,-0.046147,0.424433,0.567716,0.533592,0.546862,0.569408,0.564723
n10,mag25,ec-mag25-n10-run01,0bc3741c-8ab6-42c8-b969-e900380ae062,agent_theta,4.43,0,0,risk,0.73858,0.082751,0.011183,0.737378,0.715763,0.722818,0.706956,0.73858
n10,mag25,ec-mag25-n10-run01,277d5b53-929c-45bc-8f6d-1f6f81ab9491,agent_beta,4.727,0,0,evidence,0.733909,-0.838768,0.543507,0.733909,0.664768,0.669788,0.645144,0.680818
n10,mag25,ec-mag25-n10-run01,a5edda3f-ecdd-4cf9-b1b5-b78df1af8b7d,agent_alpha,5.187,0,0,testing,0.741786,0.012638,-0.056149,0.695754,0.741786,0.73188,0.735456,0.737888
n10,mag25,ec-mag25-n10-run01,87528d45-1501-4c27-868f-b8067c9da2e8,agent_iota,5.211,0,0,evidence,0.831556,-0.750974,0.481249,0.831556,0.799846,0.785105,0.795989,0.799725
n10,mag25,ec-mag25-n10-run01,6ca39fc9-476a-4ae9-a52e-ec1079a33e3a,agent_kappa,5.258,0,0,evidence,0.781142,-0.163672,0.45146,0.781142,0.756506,0.759284,0.780212,0.773702
n10,mag25,ec-mag25-n10-run01,a55de6ad-05ab-454d-b27e-34e48dfa724e,agent_epsilon,5.318,0,0,testing,0.76651,-0.48919,-0.291165,0.67991,0.76651,0.74025,0.745041,0.747829
n10,mag25,ec-mag25-n10-run01,10dba435-d5c0-4ba7-b0df-fb28a9ad2976,agent_gamma,5.484,0,0,risk,0.712305,0.25376,0.083664,0.703627,0.686015,0.691331,0.705332,0.712305
n10,mag25,ec-mag25-n10-run01,ced9391f-62ff-4267-9cee-8d20f3e4ef0d,agent_beta,5.874,0,0,evidence,0.71537,-0.839036,0.543161,0.71537,0.633514,0.638161,0.623031,0.664212
n10,mag25,ec-mag25-n10-run01,74662de6-9b98-4bdd-aa53-dcfb05f0e1b7,agent_alpha,5.955,0,0,evidence,0.653134,-0.714256,0.500258,0.653134,0.613008,0.607573,0.623855,0.623836
n10,mag25,ec-mag25-n10-run01,ffe50cee-d862-4042-a432-0a15797c16d7,agent_delta,6.071,0,0,ownership,0.580093,0.798949,0.42377,0.500171,0.542815,0.580093,0.537697,0.536812
n10,mag25,ec-mag25-n10-run01,9225858b-aac6-4d8b-819c-5a268f144520,agent_zeta,6.346,0,0,risk,0.673603,0.815661,-0.428241,0.631012,0.625069,0.652353,0.612995,0.673603
n10,mag25,ec-mag25-n10-run01,b0696f69-1844-4e4a-a53b-1a9884b6b8c5,agent_eta,6.381,0,0,evidence,0.60924,-0.366984,0.363067,0.60924,0.575046,0.589255,0.585261,0.595253
n10,mag25,ec-mag25-n10-run01,3c15bc6a-f119-4b26-ba4c-54aa73cee091,agent_theta,6.436,0,0,evidence,0.838096,-0.846091,0.54828,0.838096,0.763671,0.762557,0.768182,0.771818
n10,mag25,ec-mag25-n10-run01,c4120a23-586f-4686-bd05-02e18cc4acb7,agent_iota,6.509,0,0,risk,0.660202,0.109649,-0.0569,0.6574,0.635432,0.636283,0.621576,0.660202
n10,mag25,ec-mag25-n10-run01,b07ddf32-c47d-4526-9635-a8e7fdbfb630,agent_epsilon,6.703,0,0,ownership,0.642775,0.476329,0.156053,0.607474,0.630642,0.642775,0.621899,0.631286
n10,mag25,ec-mag25-n10-run01,cbd3018a-508a-4dd1-acc0-5033b172deec,agent_gamma,6.705,0,0,time,0.805542,0.022653,0.887654,0.730327,0.758104,0.747001,0.805542,0.771806
n10,mag25,ec-mag25-n10-run01,b6ba1fbf-8cb7-44d5-a606-3db7210221ed,agent_beta,7.22,0,0,evidence,0.702857,-0.804684,0.555473,0.702857,0.646304,0.641158,0.670667,0.651599
n10,mag25,ec-mag25-n10-run01,a44b343c-13ba-4e0b-835b-2b00d3c28d54,agent_gamma,7.624,0,0,risk,0.745158,0.70282,-0.303534,0.663952,0.698853,0.701539,0.728545,0.745158
n10,mag25,ec-mag25-n10-run01,2646bcdd-f86e-4dd9-91ed-0bed2a39280e,agent_kappa,7.797,0,0,risk,0.796235,0.601299,-0.253457,0.774156,0.748545,0.765596,0.777068,0.796235
n10,mag25,ec-mag25-n10-run01,d079e576-d4bf-4f5a-ae39-86b7afd27947,agent_iota,8.069,0,0,risk,0.723582,0.589871,-0.410399,0.69955,0.699645,0.691643,0.681909,0.723582
n10,mag25,ec-mag25-n10-run01,3576bc88-a9f7-4be6-b764-93bd07254333,agent_delta,8.133,0,0,testing,0.577129,-0.273987,0.148388,0.510674,0.577129,0.564583,0.573425,0.548933
n10,mag25,ec-mag25-n10-run01,81ee9bfd-a1f3-49fd-9efb-e7113c130bf8,agent_epsilon,8.391,0,0,testing,0.793702,-0.711103,-0.318484,0.706462,0.793702,0.754889,0.770227,0.756739
n10,mag25,ec-mag25-n10-run01,c97bf9b7-852f-4a7c-b203-97351869edb6,agent_theta,8.587,0,0,risk,0.784102,0.715379,-0.417441,0.755759,0.745289,0.754206,0.746784,0.784102
n10,mag25,ec-mag25-n10-run01,3b83e4f4-2309-4e0b-87cf-646685580b8b,agent_eta,8.624,0,0,ownership,0.568609,0.421995,0.129144,0.555076,0.553792,0.568609,0.529694,0.560918
n10,mag25,ec-mag25-n10-run01,73c6f5c3-8715-4d1d-aedf-476b403fe79e,agent_zeta,8.84,0,0,risk,0.738043,0.64063,-0.293856,0.695928,0.709046,0.706258,0.720776,0.738043
n10,mag25,ec-mag25-n10-run01,789caf69-edc1-4695-826e-f2684e0d1407,agent_alpha,8.998,0,0,evidence,0.623512,-0.400865,0.326263,0.623512,0.594759,0.602263,0.590394,0.609576
n10,mag25,ec-mag25-n10-run01,eb443c10-5249-4530-8581-82c53cfc50a9,agent_kappa,9.202,0,0,risk,0.72101,0.107482,-0.005765,0.718304,0.675205,0.678896,0.700096,0.72101
n10,mag25,ec-mag25-n10-run01,a4f90a57-2208-4429-bb46-cc45250e232a,agent_beta,9.289,0,0,evidence,0.73792,-0.141818,0.128096,0.73792,0.719581,0.721183,0.707633,0.733357
n10,mag25,ec-mag25-n10-run01,8600451c-64c9-4faf-a81a-fbe41ca46e25,agent_gamma,9.321,0,0,time,0.726649,0.076002,0.684625,0.664702,0.699001,0.689207,0.726649,0.707833
n10,mag25,ec-mag25-n10-run01,a4812e02-7b56-4108-bb8b-e5b30df3a372,agent_iota,9.547,0,0,risk,0.640073,0.052469,0.11186,0.638516,0.604249,0.602342,0.629623,0.640073
n10,mag25,ec-mag25-n10-run01,18f0b56b-d505-4dcf-853d-4a273fcd5584,agent_epsilon,9.676,0,0,evidence,0.690069,-0.77614,0.509918,0.690069,0.660991,0.64711,0.660561,0.643307
n10,mag25,ec-mag25-n10-run01,5245e25f-8194-4f39-823d-63f1c212348c,agent_delta,9.729,0,0,ownership,0.591054,0.333231,0.157147,0.499927,0.584385,0.591054,0.582474,0.583045
n10,mag25,ec-mag25-n10-run01,a13e594b-1236-4054-81df-fa293e476eea,agent_alpha,9.889,0,0,evidence,0.571195,-0.025386,0.229282,0.571195,0.565855,0.569428,0.565095,0.566739
n10,mag25,ec-mag25-n10-run01,27264b5e-cd68-4433-bc0b-a9620fb75c59,agent_beta,10.494,0,0,evidence,0.672643,-0.834265,0.542201,0.672643,0.607958,0.615858,0.597938,0.620892
n10,mag25,ec-mag25-n10-run01,557252b4-da6b-4463-9fdc-2d5c8da6c082,agent_theta,10.544,0,0,risk,0.698407,0.35084,-0.338646,0.675386,0.68809,0.678036,0.667618,0.698407
n10,mag25,ec-mag25-n10-run01,d1299287-e4c3-4f8a-b824-3a2afce55ce3,agent_gamma,10.562,0,0,evidence,0.72486,-0.731653,0.503932,0.72486,0.663913,0.690051,0.67115,0.693174
n10,mag25,ec-mag25-n10-run01,69ff5bc3-19cb-49b9-a7b8-718fcd00525f,agent_alpha,10.687,0,0,risk,0.579713,0.224308,0.117387,0.569116,0.574938,0.578714,0.575897,0.579713
n10,mag25,ec-mag25-n10-run01,2d3850f4-9ac8-4fa3-8b78-eed65d069ac8,agent_delta,11.071,0,0,time,0.576345,0.083044,0.679153,0.468199,0.557482,0.562882,0.576345,0.542094
n10,mag25,ec-mag25-n10-run01,56dc2594-a216-4383-8777-55e1cebcb48d,agent_epsilon,11.096,0,0,time,0.6882,0.075556,0.430086,0.679571,0.658047,0.66699,0.6882,0.682048
n10,mag25,ec-mag25-n10-run01,c1604118-bb86-4e43-afd1-332e3f74f8fe,agent_eta,11.134,0,0,risk,0.738448,0.751068,-0.467918,0.709469,0.688677,0.70117,0.679116,0.738448
n10,mag25,ec-mag25-n10-run01,3151b784-ca23-4080-982e-9e6d7858e11a,agent_zeta,11.156,0,0,evidence,0.751642,-0.772063,0.500589,0.751642,0.719502,0.716595,0.707285,0.709155
n10,mag25,ec-mag25-n10-run01,4270e256-ea05-4027-a067-57af51279389,agent_kappa,11.5,0,0,time,0.77743,0.059939,0.763503,0.714216,0.74313,0.723515,0.77743,0.755419
n10,mag25,ec-mag25-n10-run01,797fb15c-e278-408d-9603-64d55ebf7bef,agent_beta,11.659,0,0,evidence,0.769271,-0.827968,0.535987,0.769271,0.724459,0.722205,0.710002,0.710935
n10,mag25,ec-mag25-n10-run01,fc2262cf-ab51-4683-8921-eeb13b563645,agent_alpha,11.973,0,0,evidence,0.737569,-0.274289,0.17979,0.737569,0.708548,0.707455,0.6914,0.730406
n10,mag25,ec-mag25-n10-run01,642602a6-c562-47ad-826e-19eb0f4cb9e7,agent_gamma,11.98,0,0,risk,0.687467,0.312807,0.046273,0.674384,0.659401,0.650607,0.681139,0.687467
n10,mag25,ec-mag25-n10-run01,71686f14-c686-4456-9fed-857e9d5dcdb9,agent_alpha,12.768,0,0,ownership,0.666455,0.410367,0.088262,0.612772,0.658175,0.666455,0.647753,0.657533
n10,mag25,ec-mag25-n10-run01,e3ba4aad-694d-4485-a6de-93cfc4082b73,agent_delta,12.862,0,0,time,0.604373,0.102342,0.773853,0.53137,0.572663,0.583852,0.604373,0.576683
n10,mag25,ec-mag25-n10-run01,d456bbe7-84e3-4c51-9d6b-8d37b61edea6,agent_kappa,12.97,0,0,time,0.792163,0.094441,0.458743,0.77736,0.764495,0.759306,0.792163,0.784192
n10,mag25,ec-mag25-n10-run01,f4395eb8-f2e9-4fa4-8bfd-5530681db111,agent_beta,13.063,0,0,evidence,0.728949,-0.537623,0.350793,0.728949,0.673416,0.674063,0.672437,0.71383
n10,mag25,ec-mag25-n10-run01,33fb07e4-0c11-4365-90ce-df3e5eba30f2,agent_gamma,13.453,0,0,risk,0.762923,0.800639,-0.493733,0.708286,0.720891,0.723117,0.725308,0.762923
n10,mag25,ec-mag25-n10-run01,9a7d77c2-1a7b-488d-b044-3f1de6645f7b,agent_iota,13.669,0,0,evidence,0.735631,-0.834766,0.541927,0.735631,0.657153,0.672295,0.658318,0.686088
n10,mag25,ec-mag25-n10-run01,2eb03305-403d-423a-bcd8-bf2200be6e2d,agent_epsilon,13.779,0,0,risk,0.735971,0.378232,-0.238205,0.700617,0.726884,0.722419,0.717986,0.735971
n10,mag25,ec-mag25-n10-run01,ca33a2ee-6a18-4f86-a5d9-63b8b8131c86,agent_kappa,14.176,0,0,evidence,0.72261,-0.581047,0.586642,0.72261,0.676934,0.699648,0.706371,0.675738
n10,mag25,ec-mag25-n10-run01,6eb6b2a0-c6b7-482d-a620-f1b9715aab6d,agent_delta,14.257,0,0,time,0.543394,0.041537,0.591537,0.468487,0.529971,0.531416,0.543394,0.510749
n10,mag25,ec-mag25-n10-run01,1058d7d3-a7a1-459a-bad4-8d64592e793a,agent_zeta,14.347,0,0,risk,0.694137,0.687249,-0.154495,0.64811,0.675257,0.68996,0.659644,0.694137
n10,mag25,ec-mag25-n10-run01,0c6c0e5d-ddf6-4861-8563-8abba2a35956,agent_eta,14.928,0,0,risk,0.54442,0.39173,-0.05187,0.534861,0.510054,0.530845,0.525456,0.54442
n10,mag25,ec-mag25-n10-run01,2517e7e2-346d-48c0-bb1f-2c88bed1de4f,agent_gamma,15.039,1,0,time,0.719452,0.080237,0.723017,0.690135,0.667899,0.6757,0.719452,0.701314
n10,mag25,ec-mag25-n10-run01,14bba9b1-332e-4848-9f0d-18d789f4bdd8,agent_theta,15.119,1,1,risk,0.756368,0.316218,0.074906,0.742539,0.734204,0.736227,0.751026,0.756368
n10,mag25,ec-mag25-n10-run01,5d4dc765-e933-4e4a-995c-dff762dc207a,agent_beta,15.142,1,0,evidence,0.698891,-0.849895,0.54993,0.698891,0.579602,0.573494,0.560896,0.601237
n10,mag25,ec-mag25-n10-run01,cd02b028-b682-45a0-b6b1-291a462c7ea0,agent_alpha,15.145,1,0,risk,0.655516,0.550629,-0.344506,0.621166,0.640503,0.640574,0.614711,0.655516
n10,mag25,ec-mag25-n10-run01,ca09189c-b335-4c2f-9ece-21d3208cb6d5,agent_delta,15.478,1,0,testing,0.73053,-0.113424,0.088295,0.660667,0.73053,0.726501,0.720909,0.700948
n10,mag25,ec-mag25-n10-run01,4c80db43-9b7c-4d9b-8179-bd2ac2eea6bf,agent_iota,15.479,1,0,evidence,0.633375,-0.798255,0.533324,0.633375,0.571544,0.58175,0.591081,0.593572
n10,mag25,ec-mag25-n10-run01,4fcc9221-a698-4835-9c44-33a8b5103807,agent_kappa,16.469,1,0,time,0.763113,0.317055,0.324499,0.729395,0.725283,0.720385,0.763113,0.759631
n10,mag25,ec-mag25-n10-run01,66754000-a04e-46e3-8f13-04bd0f15ced4,agent_gamma,16.488,1,0,evidence,0.757647,-0.028885,0.091487,0.757647,0.725723,0.738382,0.727234,0.755729
n10,mag25,ec-mag25-n10-run01,be70026c-ba65-4e2e-bb52-7749bbfc8915,agent_beta,16.565,1,0,evidence,0.771998,-0.828116,0.536083,0.771998,0.709147,0.709202,0.689034,0.726961
n10,mag25,ec-mag25-n10-run01,4879768d-a0f0-4d36-8087-846ac2333154,agent_alpha,16.777,1,0,evidence,0.683735,-0.030958,0.400384,0.683735,0.669822,0.681135,0.679823,0.673689
n10,mag25,ec-mag25-n10-run01,b899d10f-df1c-4e08-a82d-07a669f4a6d5,agent_theta,17.541,1,0,risk,0.705528,0.622518,-0.363859,0.675616,0.683716,0.685627,0.670282,0.705528
n10,mag25,ec-mag25-n10-run01,42a23061-fccc-4743-b496-af607cb961fd,agent_alpha,17.749,1,0,evidence,0.698941,-0.466916,0.21656,0.698941,0.697804,0.678147,0.693063,0.684181
n10,mag25,ec-mag25-n10-run01,45461259-139a-4e93-a565-fcb1205523e1,agent_gamma,17.856,1,0,evidence,0.655293,-0.452321,0.52233,0.655293,0.606979,0.640992,0.631052,0.622525
n10,mag25,ec-mag25-n10-run01,33d439a8-2577-4971-bdc1-15f88a60bdb3,agent_zeta,18.215,1,0,risk,0.610621,0.728884,-0.314115,0.564968,0.586295,0.598767,0.555882,0.610621
n10,mag25,ec-mag25-n10-run01,c1e99228-5d7a-4482-985f-cf4f7b8a1504,agent_eta,18.302,1,0,evidence,0.602284,-0.281255,0.269543,0.602284,0.593876,0.5963,0.576925,0.58333
n10,mag25,ec-mag25-n10-run01,8acdc54f-369b-4f88-8964-8e5642098e16,agent_kappa,18.445,1,0,evidence,0.79365,-0.694781,0.505977,0.79365,0.765211,0.758297,0.770929,0.758851
n10,mag25,ec-mag25-n10-run01,8f1d8c86-8783-494b-a868-5d25437d78c7,agent_iota,18.633,1,0,evidence,0.702034,-0.848792,0.54924,0.702034,0.610091,0.610888,0.590368,0.627746
n10,mag25,ec-mag25-n10-run01,a09f6a8a-df76-4a90-ac98-fd0b41b44509,agent_beta,18.679,1,0,evidence,0.777147,-0.652358,0.43761,0.777147,0.744241,0.745924,0.732978,0.752746
n10,mag25,ec-mag25-n10-run01,37f370e6-02d2-4eaa-91df-1bc05ccc2aef,agent_alpha,18.777,1,0,risk,0.691966,0.703143,-0.436223,0.656608,0.665514,0.667625,0.640806,0.691966
n10,mag25,ec-mag25-n10-run01,2c4f7337-52a4-4a69-88ab-59f0a9934b46,agent_delta,19.735,1,0,time,0.533947,-0.205165,0.394227,0.448145,0.529644,0.517072,0.533947,0.493834
n10,mag25,ec-mag25-n10-run01,b154fa93-7af8-47e8-9c12-6d6df4987d52,agent_beta,19.937,1,0,evidence,0.706988,-0.844778,0.547223,0.706988,0.624389,0.628218,0.631158,0.646866
n10,mag25,ec-mag25-n10-run01,c1027a1a-9f92-4f91-a50a-e7554f973075,agent_theta,20.146,1,1,testing,0.741897,-0.479363,-0.375153,0.695852,0.741897,0.709822,0.71263,0.726839
n10,mag25,ec-mag25-n10-run01,d52673d9-c992-404c-a6cd-ae7ba69b4c4d,agent_iota,20.33,1,0,risk,0.768734,0.78605,-0.487486,0.727008,0.726885,0.729409,0.7292,0.768734
n10,mag25,ec-mag25-n10-run01,7ea41615-66b1-4541-8828-87bc37005858,agent_kappa,20.598,1,0,time,0.788482,-0.038589,0.720901,0.711243,0.769191,0.759479,0.788482,0.754852
n10,mag25,ec-mag25-n10-run01,7cedb9a1-5043-47fe-9ad4-b37770197d72,agent_iota,21.908,1,0,evidence,0.676409,-0.788277,0.51197,0.676409,0.619977,0.610969,0.621941,0.642682
n10,mag25,ec-mag25-n10-run01,0d12f80d-566c-4c82-a933-7c0f83c6867d,agent_gamma,22.749,1,0,risk,0.748011,0.420978,0.190534,0.702929,0.704677,0.711321,0.747729,0.748011
n10,mag25,ec-mag25-n10-run01,eb488f91-f9dc-4915-be3d-b4300e1430cd,agent_epsilon,23.066,1,0,testing,0.670362,-0.178787,-0.113218,0.582959,0.670362,0.664548,0.641346,0.645578
n10,mag25,ec-mag25-n10-run01,90ff8bd0-6c24-4a0e-b7fc-b12cbfb99039,agent_iota,23.372,1,0,risk,0.701329,0.090731,-0.18911,0.69109,0.699362,0.693652,0.656684,0.701329
n10,mag25,ec-mag25-n10-run01,0e9378b1-349a-4705-ab13-6a7a038e2c1f,agent_alpha,23.403,1,0,risk,0.529189,0.323416,0.015946,0.522925,0.508431,0.523018,0.507315,0.529189
n10,mag25,ec-mag25-n10-run01,cede72b9-8d0b-4e23-a3fb-30458a933310,agent_kappa,23.568,1,0,time,0.775022,0.034986,0.589176,0.709969,0.756136,0.741308,0.775022,0.757563
n10,mag25,ec-mag25-n10-run01,1c8effa3-e345-4f70-98f5-e3a4fa98dee0,agent_delta,23.882,1,0,testing,0.721551,-0.413448,-0.098861,0.627635,0.721551,0.697042,0.711101,0.70219
n10,mag25,ec-mag25-n10-run01,b4c90209-cd31-4ec8-8971-b22021c55f4e,agent_beta,24.212,1,0,evidence,0.684709,-0.771056,0.499675,0.684709,0.640543,0.635455,0.633408,0.652321
n10,mag25,ec-mag25-n10-run01,e31b64fa-4d1e-4a39-9600-473c074f68cb,agent_alpha,24.67,1,0,ownership,0.623394,0.318042,0.242483,0.602665,0.613114,0.623394,0.608064,0.60683
n10,mag25,ec-mag25-n10-run01,37e1e447-f4fd-4b5c-88f8-3fb2fce11949,agent_eta,25.12,1,0,risk,0.677895,0.689118,-0.385015,0.653429,0.630277,0.647805,0.643627,0.677895
n10,mag25,ec-mag25-n10-run01,222f7bc4-2e7e-4d4a-a612-de93eee60bed,agent_iota,25.173,1,0,evidence,0.68149,-0.843382,0.548274,0.68149,0.602001,0.62298,0.581461,0.612513
n10,mag25,ec-mag25-n10-run01,621e03ea-0fe3-4b43-a100-27af62d0f313,agent_alpha,25.859,1,0,evidence,0.806683,-0.407451,0.284643,0.806683,0.787894,0.78811,0.772075,0.792388
n10,mag25,ec-mag25-n10-run01,f2890b4d-96ed-42a3-91e9-5e923fc2aa10,agent_kappa,26.306,1,0,time,0.711683,0.021129,0.86816,0.633435,0.67367,0.671387,0.711683,0.67714
n10,mag25,ec-mag25-n10-run01,a964f574-767e-4de2-ad41-fcf03a135d45,agent_gamma,26.538,1,0,evidence,0.661224,-0.229796,0.264044,0.661224,0.639534,0.648573,0.629058,0.650705
n10,mag25,ec-mag25-n10-run01,6a8b797b-73b4-441a-b918-fcb5adc90bc5,agent_zeta,27.091,1,0,evidence,0.724067,-0.695335,0.474388,0.724067,0.673981,0.686569,0.67892,0.697798
n10,mag25,ec-mag25-n10-run01,04946206-8675-4df0-b00f-c45764326e09,agent_eta,27.159,1,0,evidence,0.658176,-0.779429,0.519572,0.658176,0.604829,0.611501,0.61403,0.62254
n10,mag25,ec-mag25-n10-run01,2e4b54d4-193d-481e-a9e3-37080a5e56ab,agent_gamma,29.132,1,0,risk,0.810404,0.652586,-0.195909,0.755454,0.771054,0.784134,0.797307,0.810404
n10,mag25,ec-mag25-n10-run01,f7c47b23-cc68-4e25-95e9-7520fb5abc89,agent_epsilon,29.264,1,0,risk,0.765814,0.438093,-0.368457,0.713763,0.753774,0.739324,0.743606,0.765814
n10,mag25,ec-mag25-n10-run01,8641b725-cac2-4603-ab57-9d89d999406a,agent_beta,29.298,1,0,evidence,0.802184,-0.57783,0.30669,0.802184,0.78469,0.773506,0.76462,0.783699
n10,mag25,ec-mag25-n10-run01,60bd8be7-dcaf-4c85-a24b-5ba10525311c,agent_alpha,29.596,1,0,testing,0.625659,-0.374476,0.056329,0.608173,0.625659,0.606987,0.618779,0.606532
n10,mag25,ec-mag25-n10-run01,47118ecd-2c60-47f2-837c-299e60820e67,agent_theta,30.077,2,0,evidence,0.768696,-0.848806,0.549491,0.768696,0.680985,0.68837,0.676498,0.688486
n10,mag25,ec-mag25-n10-run01,f02fb50d-41e9-49ef-99fa-d2df23ac3241,agent_kappa,30.829,2,0,time,0.763031,0.162346,0.347851,0.748719,0.735515,0.719393,0.763031,0.759014
n10,mag25,ec-mag25-n10-run01,e0f8823b-a0b0-4cf1-9573-eb289326ad5d,agent_iota,30.998,2,0,evidence,0.677148,-0.83432,0.542748,0.677148,0.605435,0.604655,0.61952,0.6276
n10,mag25,ec-mag25-n10-run01,eb01609b-aec9-4864-a43c-d8a8fca24da5,agent_delta,31.125,2,0,ownership,0.532542,0.495412,0.243641,0.476335,0.518475,0.532542,0.516709,0.517847
n10,mag25,ec-mag25-n10-run01,36df5f6b-8319-424d-945f-8ad13db8b8f6,agent_gamma,31.176,2,0,time,0.765277,0.202603,0.585574,0.701439,0.712224,0.717527,0.765277,0.753735
n10,mag25,ec-mag25-n10-run01,f4b3adbb-764a-4505-9b81-c5c4f18eb1c9,agent_eta,31.442,2,0,risk,0.698461,0.354068,-0.191461,0.689501,0.659816,0.669872,0.660054,0.698461
n10,mag25,ec-mag25-n10-run01,c66619ae-2eef-4482-9f42-c06a51d21226,agent_beta,31.634,2,0,evidence,0.694663,-0.832617,0.538923,0.694663,0.621846,0.619943,0.613779,0.648222
n10,mag25,ec-mag25-n10-run01,e854228f-ab97-48e0-a47d-ad7744f05231,agent_alpha,32.607,2,0,time,0.670789,-0.18622,0.574792,0.642727,0.659486,0.636149,0.670789,0.637138
n10,mag25,ec-mag25-n10-run01,1a2cd37b-8087-41cb-99da-2663768f8504,agent_beta,33.86,2,0,risk,0.699844,0.546946,-0.194072,0.682495,0.673017,0.686108,0.673124,0.699844
n10,mag25,ec-mag25-n10-run01,5c384c5a-3739-4d0d-8c01-0683b4706661,agent_gamma,34.147,2,0,risk,0.729441,0.437599,0.15947,0.684739,0.680831,0.682359,0.728326,0.729441
n10,mag25,ec-mag25-n10-run01,54af8327-583b-4c40-b583-6db0e63768b6,agent_kappa,34.619,2,0,time,0.692879,0.045368,0.843637,0.629218,0.651196,0.653462,0.692879,0.664074
n10,mag25,ec-mag25-n10-run01,d0c74e77-9147-46e8-a813-76e2e83d9814,agent_delta,34.699,2,0,testing,0.559017,0.158626,0.072012,0.479597,0.559017,0.557812,0.555987,0.556037
n10,mag25,ec-mag25-n10-run01,01e46eba-9978-40ab-b827-cf3cc0b9bb84,agent_theta,34.899,2,1,testing,0.738743,-0.274711,-0.098329,0.696645,0.738743,0.715323,0.729938,0.727401
n10,mag25,ec-mag25-n10-run01,e5bf0fa0-8bb3-46e8-97a1-366be048fd44,agent_eta,35.12,2,0,testing,0.705457,-0.33654,-0.286956,0.642263,0.705457,0.688654,0.678582,0.690668
n10,mag25,ec-mag25-n10-run01,fa1be0da-6138-4383-aa44-41706e5e4b60,agent_zeta,35.129,2,0,evidence,0.756846,-0.673032,0.458678,0.756846,0.723635,0.728352,0.704617,0.728734
n10,mag25,ec-mag25-n10-run01,aaafdd21-24c0-4445-821d-02fdae473e06,agent_epsilon,35.303,2,0,evidence,0.671788,-0.633308,0.491813,0.671788,0.651713,0.644783,0.655309,0.630659
n10,mag25,ec-mag25-n10-run01,b04cb6bd-ee06-4a70-95e1-811915a59277,agent_beta,35.567,2,0,risk,0.723023,0.061643,-0.383074,0.678248,0.722134,0.697768,0.701236,0.723023
n10,mag25,ec-mag25-n10-run01,3b2c9963-23ce-4e46-b386-e09e0f7ff21d,agent_iota,36.172,2,0,evidence,0.729206,-0.829979,0.537144,0.729206,0.662557,0.657709,0.655369,0.683962
n10,mag25,ec-mag25-n10-run01,67c63259-d622-4476-acff-5e1185a7963f,agent_delta,36.415,2,0,time,0.555997,0.070692,0.598096,0.468001,0.542282,0.545851,0.555997,0.520284
n10,mag25,ec-mag25-n10-run01,0886c4ed-3b66-4572-ad8e-d994bf4599e5,agent_kappa,37.322,2,0,time,0.736494,-0.117682,0.607496,0.700457,0.72385,0.71221,0.736494,0.69942
n10,mag25,ec-mag25-n10-run01,45fc7eb2-cb1d-4417-986d-f2f72d9c6ddc,agent_beta,37.376,2,0,evidence,0.68601,-0.72526,0.485484,0.68601,0.636886,0.646631,0.634538,0.657468
n10,mag25,ec-mag25-n10-run01,74ee0a3c-352b-4abc-8d94-76db076b4bc1,agent_alpha,37.459,2,0,risk,0.63031,0.596333,-0.297256,0.589197,0.611225,0.613125,0.607505,0.63031
n10,mag25,ec-mag25-n10-run01,b42f0462-8249-486f-a59c-8f29cbcbe601,agent_theta,38.143,2,0,testing,0.736289,-0.529814,-0.158566,0.68494,0.736289,0.714687,0.720644,0.703534
n10,mag25,ec-mag25-n10-run01,c193b64b-05bc-4787-bc1b-1655304a81be,agent_kappa,39.307,2,0,evidence,0.706393,-0.167623,0.427062,0.706393,0.672919,0.691833,0.69978,0.696611
n10,mag25,ec-mag25-n10-run01,53ddefaf-cca2-48a0-abb2-483eaae9ea7c,agent_zeta,39.36,2,0,time,0.732233,0.260559,0.313461,0.678093,0.711851,0.704538,0.732233,0.727663
n10,mag25,ec-mag25-n10-run01,43ca259f-349c-44d7-874b-e2b3a354f99c,agent_eta,39.497,2,0,evidence,0.710052,-0.634313,0.416332,0.710052,0.663318,0.666267,0.654356,0.68984
n10,mag25,ec-mag25-n10-run01,c46adb99-a67c-4f16-917d-e5b83647b37e,agent_delta,39.52,2,0,time,0.583235,-0.032559,0.367154,0.494608,0.577274,0.571251,0.583235,0.565626
n10,mag25,ec-mag25-n10-run01,92f2fc02-b85b-444c-9432-ae8bc190b0f3,agent_iota,39.835,2,0,evidence,0.612248,-0.41537,0.18654,0.612248,0.604553,0.591781,0.594619,0.600764
n10,mag25,ec-mag25-n10-run01,72bcab15-062a-4faf-a89b-10dfe619ef42,agent_epsilon,39.967,2,0,testing,0.687002,-0.454889,-0.051179,0.663616,0.687002,0.668218,0.674993,0.661001
n10,mag25,ec-mag25-n10-run01,de96768c-c336-452e-b722-5959d090c6c5,agent_theta,40.394,2,0,testing,0.767567,0.160284,-0.065269,0.729901,0.767567,0.764175,0.759038,0.76635
n10,mag25,ec-mag25-n10-run01,08dae9c0-2e81-477d-b757-b45f21d02de5,agent_gamma,40.847,2,0,time,0.670708,0.129321,0.660211,0.649885,0.625928,0.653413,0.670708,0.653935
n10,mag25,ec-mag25-n10-run01,15dcf852-9249-4d5a-a93a-a13a46609881,agent_alpha,40.941,2,0,testing,0.613851,-0.782322,-0.408824,0.55382,0.613851,0.579024,0.567576,0.562941
n10,mag25,ec-mag25-n10-run01,f93b1c86-44b9-4b9a-b692-fe50bdda9ffc,agent_beta,41.055,2,0,evidence,0.679479,-0.837669,0.546672,0.679479,0.615374,0.619574,0.624381,0.620726
n10,mag25,ec-mag25-n10-run01,c6be2584-0e44-4331-84f2-91b0c1f5b309,agent_kappa,41.566,2,0,time,0.787708,-0.004626,0.880308,0.720158,0.753454,0.744962,0.787708,0.745026
n10,mag25,ec-mag25-n10-run01,27f4917b-6f55-4cc8-95f7-a56001b3c07d,agent_eta,41.865,2,0,risk,0.675502,0.732243,-0.430225,0.640805,0.643966,0.65026,0.632947,0.675502
n10,mag25,ec-mag25-n10-run01,77941424-b927-4b78-91d4-4f8afb42a4ee,agent_theta,41.876,2,0,evidence,0.681403,-0.111785,0.225752,0.681403,0.674628,0.667776,0.679313,0.67926
n10,mag25,ec-mag25-n10-run01,0e91bd06-8d81-400d-bddb-437911390c52,agent_alpha,42.033,2,0,risk,0.618796,0.17081,0.031202,0.615367,0.590299,0.602551,0.601213,0.618796
n10,mag25,ec-mag25-n10-run01,200020da-2b2c-4c11-8320-f27ee0961d84,agent_delta,42.094,2,0,time,0.584328,-0.011285,0.703623,0.496189,0.565436,0.560934,0.584328,0.551596
n10,mag25,ec-mag25-n10-run01,b025d357-9af8-48a7-812d-5eb24b06d72b,agent_beta,42.266,2,0,risk,0.708858,0.467404,-0.265504,0.696501,0.66622,0.68036,0.659464,0.708858
n10,mag25,ec-mag25-n10-run01,ca463351-8eda-495a-aa0c-9c9669829ae6,agent_gamma,42.99,2,0,time,0.704931,0.113931,0.74558,0.65883,0.655794,0.671741,0.704931,0.685359
n10,mag25,ec-mag25-n10-run01,ddd10849-050e-4c73-85a8-6e16a58b7167,agent_alpha,43.109,2,0,evidence,0.760838,-0.287267,0.244764,0.760838,0.734424,0.738873,0.732706,0.751768
n10,mag25,ec-mag25-n10-run01,6241f1ab-bb6c-4d4f-955b-8f1893f0ef8d,agent_beta,43.729,2,0,evidence,0.669839,-0.563433,0.516227,0.669839,0.637408,0.649284,0.648388,0.636586
n10,mag25,ec-mag25-n10-run01,6b6aaec7-7b80-42f2-a7d0-052ee6713396,agent_kappa,44.161,2,0,time,0.742524,0.153919,0.564035,0.712895,0.70625,0.699684,0.742524,0.731136
n10,mag25,ec-mag25-n10-run01,5d43075e-3c43-4b3c-911d-c67e36bc16a7,agent_gamma,44.327,2,0,time,0.694536,0.14141,0.750841,0.669644,0.659168,0.683017,0.694536,0.662428
n10,mag25,ec-mag25-n10-run01,d84e6534-c039-430e-b3fd-1a318d1ad7a1,agent_delta,44.349,2,0,time,0.539003,0.024768,0.534046,0.486377,0.528493,0.529011,0.539003,0.506278
n10,mag25,ec-mag25-n10-run01,cb63de93-ab3f-4715-806b-c6526fc468f6,agent_eta,44.65,2,0,risk,0.606857,0.469925,-0.322168,0.56238,0.596271,0.594329,0.572599,0.606857
n10,mag25,ec-mag25-n10-run01,dcb455ee-0d26-4032-96de-2d2ea96573a4,agent_epsilon,44.712,2,0,testing,0.786142,-0.475082,-0.283711,0.759143,0.786142,0.759557,0.762144,0.770016
n10,mag25,ec-mag25-n10-run01,32b422d1-b599-41f9-a73a-f7c45f791d4c,agent_beta,44.889,2,0,evidence,0.688705,-0.805402,0.538054,0.688705,0.630617,0.644143,0.641994,0.643477
n10,mag25,ec-mag25-n10-run01,dacac3f7-c4da-4d4e-8e6b-ff4d685edbe3,agent_alpha,45.112,3,0,risk,0.654433,0.569486,-0.222156,0.634687,0.612365,0.628747,0.635273,0.654433
n10,mag25,ec-mag25-n10-run01,1ba8719d-36c1-4644-bdf9-e38f994d96d1,agent_delta,45.489,3,0,time,0.606282,0.167582,0.716453,0.514878,0.581441,0.59527,0.606282,0.573484
n10,mag25,ec-mag25-n10-run01,205533bc-676b-4c80-85fe-0927e47a7b8c,agent_theta,45.699,3,0,evidence,0.755716,-0.257254,0.224792,0.755716,0.743134,0.744226,0.731729,0.745201
n10,mag25,ec-mag25-n10-run01,42c38a18-1a64-4f82-8cfb-aa9f40547258,agent_eta,46.145,3,0,risk,0.691162,0.288224,-0.296645,0.672918,0.681951,0.672714,0.660793,0.691162
n10,mag25,ec-mag25-n10-run01,24c8b9c5-55c4-47f3-9c05-5aaa77d5f741,agent_alpha,46.148,3,0,risk,0.692761,0.634535,-0.359428,0.673362,0.644725,0.66541,0.641891,0.692761
n10,mag25,ec-mag25-n10-run01,f148b200-4563-4764-8d4e-f2708df7c4cd,agent_kappa,46.398,3,0,time,0.78485,0.025055,0.871937,0.713754,0.742224,0.734467,0.78485,0.752585
n10,mag25,ec-mag25-n10-run01,f721c022-3063-47a8-ade4-c6e3fad5bf5d,agent_zeta,46.436,3,0,risk,0.686703,0.777197,-0.161299,0.642302,0.658066,0.682131,0.639394,0.686703
n10,mag25,ec-mag25-n10-run01,70727662-80d7-4eea-91c8-3dfdcaaa5f3c,agent_gamma,46.585,3,0,time,0.701239,0.101991,0.702079,0.666821,0.657583,0.658238,0.701239,0.684074
n10,mag25,ec-mag25-n10-run01,d37bcfae-3c24-45ad-b61b-95b87599ba02,agent_beta,46.758,3,0,evidence,0.640368,-0.747243,0.525607,0.640368,0.593544,0.599823,0.608187,0.604915
n10,mag25,ec-mag25-n10-run01,3a939ed4-a30d-4849-94cb-7d7d33b9b777,agent_theta,46.836,3,0,risk,0.716333,0.153875,-0.245331,0.700201,0.712561,0.704015,0.689741,0.716333
n10,mag25,ec-mag25-n10-run01,193b5847-6232-4974-94fc-f1402d349765,agent_alpha,47.23,3,0,evidence,0.71865,-0.847272,0.546843,0.71865,0.660824,0.63385,0.653963,0.644953
n10,mag25,ec-mag25-n10-run01,8a0da935-ce75-4b0e-97a5-426e4c1121ee,agent_eta,47.611,3,0,testing,0.591008,-0.051228,-0.323734,0.561478,0.591008,0.574637,0.565171,0.587912
n10,mag25,ec-mag25-n10-run01,299e5df3-877d-4cf0-bdbb-a05554953a73,agent_gamma,47.779,3,0,time,0.665986,-0.072529,0.862924,0.64569,0.619323,0.628245,0.665986,0.625288
n10,mag25,ec-mag25-n10-run01,4f131892-926e-4b1d-8992-a1e275a239a3,agent_epsilon,47.909,3,1,risk,0.711538,0.22954,-0.128374,0.67365,0.706872,0.698913,0.702672,0.711538
n10,mag25,ec-mag25-n10-run01,1d6bee71-2b68-45e8-9531-ec46a51b3eae,agent_alpha,48.137,3,0,risk,0.634048,0.362892,0.051208,0.619093,0.614755,0.621667,0.627053,0.634048
n10,mag25,ec-mag25-n10-run01,810c9b68-63a5-4770-b24d-9a8f7641cfb2,agent_delta,48.16,3,0,ownership,0.586366,0.267203,0.296575,0.535897,0.579565,0.586366,0.583985,0.575716
n10,mag25,ec-mag25-n10-run01,b9213cdf-d6c9-4768-9bbc-b25e5238c6d8,agent_theta,48.314,3,0,risk,0.768989,0.596343,-0.441074,0.735022,0.748387,0.729329,0.737553,0.768989
n10,mag25,ec-mag25-n10-run01,8dc145ae-7c5b-4f7e-9400-45cc6071869b,agent_beta,48.483,3,0,evidence,0.610707,-0.346572,0.23675,0.610707,0.585356,0.57901,0.582561,0.60141
n10,mag25,ec-mag25-n10-run01,fa4e5411-7bf9-44af-9476-a4864eb85a60,agent_kappa,49.014,3,0,time,0.794133,0.184649,0.617503,0.729257,0.739102,0.743172,0.794133,0.781407
n10,mag25,ec-mag25-n10-run01,54a61a32-c03f-4b68-b37b-1529b4c28214,agent_eta,49.377,3,0,evidence,0.628389,-0.731289,0.514117,0.628389,0.595298,0.594395,0.598929,0.589328
n10,mag25,ec-mag25-n10-run01,c5ced11f-61ef-4ab5-b1d3-a798ec8da3ce,agent_gamma,49.429,3,0,time,0.686943,0.135599,0.680871,0.637339,0.642085,0.640055,0.686943,0.671136
n10,mag25,ec-mag25-n10-run01,3dbd0bcf-e3e8-46e1-ab6f-49de5a559565,agent_zeta,49.44,3,0,ownership,0.6492,0.66383,0.067957,0.597742,0.630583,0.6492,0.62454,0.644319
n10,mag25,ec-mag25-n10-run01,719af75b-7f4a-48f0-877f-ffe988fdb4be,agent_theta,49.527,3,0,risk,0.75109,0.245735,-0.30478,0.737437,0.739594,0.720938,0.71557,0.75109
n10,mag25,ec-mag25-n10-run01,8c4e8108-7053-483f-9029-365b3ba347fd,agent_alpha,49.606,3,0,evidence,0.647237,-0.302742,0.402746,0.647237,0.634108,0.625046,0.643475,0.635637
n10,mag25,ec-mag25-n10-run01,5c1c798a-762d-48eb-9f21-72c74ef1d442,agent_iota,49.925,3,0,evidence,0.69509,-0.598992,0.392581,0.69509,0.639282,0.643799,0.639727,0.677152
n10,mag25,ec-mag25-n10-run01,d3ca75cb-3e80-4b21-93f8-c6b7d568c4d0,agent_beta,50.073,3,0,evidence,0.719089,-0.815757,0.527261,0.719089,0.659705,0.655173,0.64045,0.679322
n10,mag25,ec-mag25-n10-run01,2daf2556-8f13-4bee-8314-8fe18fd59d56,agent_delta,50.146,3,0,time,0.617465,-0.108634,0.418374,0.534984,0.61079,0.600775,0.617465,0.593943
n10,mag25,ec-mag25-n10-run01,fbbd485d-c133-45da-a475-758391e45367,agent_alpha,50.447,3,0,risk,0.68645,0.544238,-0.283782,0.656405,0.672315,0.675919,0.637627,0.68645
n10,mag25,ec-mag25-n10-run01,43383721-0654-4f44-8971-974e7c3e354b,agent_gamma,50.45,3,0,risk,0.720602,0.19376,0.230704,0.712976,0.677498,0.683351,0.719366,0.720602
n10,mag25,ec-mag25-n10-run01,b7837a67-4b05-48bd-8952-7cc3b199bbf0,agent_kappa,50.655,3,0,evidence,0.723367,-0.849614,0.549732,0.723367,0.628473,0.623768,0.609222,0.636834
n10,mag25,ec-mag25-n10-run01,6c491b7c-5282-41e8-9467-df2c0e3568ab,agent_theta,50.947,3,0,evidence,0.773743,-0.054156,0.103414,0.773743,0.739191,0.754819,0.731899,0.770951
n10,mag25,ec-mag25-n10-run01,3b4d48f0-cd6c-4272-a5fc-1addc0c73dc5,agent_eta,51.036,3,0,risk,0.69372,0.504244,-0.410397,0.634666,0.680854,0.673367,0.657264,0.69372
n10,mag25,ec-mag25-n10-run01,7b99ee79-495c-46c5-8729-e15136b70dc9,agent_beta,51.444,3,0,time,0.723758,-0.176779,0.575161,0.683803,0.712877,0.691406,0.723758,0.685323
n10,mag25,ec-mag25-n10-run01,d29154af-3206-4ee8-9146-23a5e8192cd9,agent_gamma,51.502,3,0,time,0.633674,0.076119,0.784848,0.586956,0.586969,0.587437,0.633674,0.611687
n10,mag25,ec-mag25-n10-run01,fcbbf511-8534-4a0b-97c2-5d6dcc147a77,agent_alpha,51.573,3,0,risk,0.734302,0.163356,0.161982,0.733243,0.716381,0.730096,0.723802,0.734302
n10,mag25,ec-mag25-n10-run01,cdf00d4c-b860-4ef5-93d5-ed6ef13e2bf4,agent_kappa,51.664,3,0,time,0.799794,0.005182,0.70017,0.740535,0.778177,0.767535,0.799794,0.77522
n10,mag25,ec-mag25-n10-run01,191ff3db-b546-4af8-9143-deaf71514347,agent_iota,51.7,3,0,evidence,0.705848,-0.848817,0.549656,0.705848,0.616934,0.630407,0.602367,0.617887
n10,mag25,ec-mag25-n10-run01,1a613342-444d-4f4d-9da4-87ed2f678391,agent_zeta,52.147,3,0,evidence,0.660949,-0.843664,0.54705,0.660949,0.58432,0.595037,0.578602,0.599928
n10,mag25,ec-mag25-n10-run01,831c76ce-1bdd-4e42-a030-10e66a3388d4,agent_delta,52.398,3,0,ownership,0.540901,0.277466,0.38031,0.46695,0.531721,0.540901,0.534739,0.510799
n10,mag25,ec-mag25-n10-run01,4fa827e3-e482-44b0-805f-653ff395ebeb,agent_alpha,52.438,3,0,risk,0.761956,0.359599,-0.089487,0.751632,0.741645,0.749558,0.740687,0.761956
n10,mag25,ec-mag25-n10-run01,1545771e-d95b-4791-8141-7240a678b1f0,agent_iota,52.449,3,0,evidence,0.701872,-0.778241,0.534506,0.701872,0.653934,0.669686,0.631754,0.646651
n10,mag25,ec-mag25-n10-run01,122a0d1b-e097-4eab-b963-228a66b41e12,agent_theta,52.67,3,0,risk,0.706225,0.425656,-0.239437,0.688513,0.688683,0.686081,0.683349,0.706225
n10,mag25,ec-mag25-n10-run01,a6fb03e0-a0b6-4200-8290-e777a8feec5d,agent_gamma,52.684,3,0,time,0.692504,0.056713,0.770187,0.66044,0.643561,0.639598,0.692504,0.671409
n10,mag25,ec-mag25-n10-run01,80193d24-aef0-4ebb-aaf1-02052ac6caa6,agent_eta,52.732,3,0,evidence,0.668875,-0.837213,0.542093,0.668875,0.595356,0.593597,0.592834,0.618964
n10,mag25,ec-mag25-n10-run01,83feaa30-9254-404b-ab05-de9df55ac0e0,agent_kappa,52.748,3,0,testing,0.71968,-0.351008,0.175326,0.717253,0.71968,0.71455,0.706739,0.69197
n10,mag25,ec-mag25-n10-run01,db16103d-1136-4c37-afb2-3465124a1325,agent_epsilon,53.24,3,0,testing,0.766207,-0.057642,-0.190342,0.70545,0.766207,0.749967,0.754902,0.762012
n10,mag25,ec-mag25-n10-run01,062d3297-0d5e-4391-9064-124484844559,agent_iota,53.557,3,0,evidence,0.723844,-0.847038,0.548585,0.723844,0.642494,0.650443,0.63609,0.654963
n10,mag25,ec-mag25-n10-run01,00c9debd-6a87-47a6-b92b-a366b3f804f2,agent_beta,53.565,3,0,evidence,0.667548,-0.730409,0.488287,0.667548,0.623747,0.62686,0.624324,0.638247
n10,mag25,ec-mag25-n10-run01,2baaa5b3-bfdc-4506-9c6f-303323cb6abb,agent_delta,53.592,3,0,ownership,0.547384,0.578182,0.441716,0.465335,0.525523,0.547384,0.53106,0.498511
n10,mag25,ec-mag25-n10-run01,3041677a-afb2-43cb-8171-65b0643afe1d,agent_kappa,53.771,3,0,time,0.755813,0.208085,0.46146,0.720686,0.730653,0.732245,0.755813,0.74694
n10,mag25,ec-mag25-n10-run01,0c718582-85e7-4b89-a568-c5db091eb0cd,agent_theta,53.979,3,0,risk,0.672567,0.310167,-0.247014,0.6388,0.665447,0.657906,0.655372,0.672567
n10,mag25,ec-mag25-n10-run01,cd8292b2-2da7-4d18-a2bd-b6439c7fce07,agent_gamma,54.155,3,0,time,0.728285,0.185518,0.578312,0.701487,0.689411,0.707327,0.728285,0.716079
n10,mag25,ec-mag25-n10-run01,3b8db977-914c-41f8-b045-ddf816e9d12c,agent_eta,54.428,3,0,risk,0.668301,0.712488,-0.42617,0.630321,0.641747,0.645583,0.621881,0.668301
n10,mag25,ec-mag25-n10-run01,4d7cd10a-f837-4bab-90a0-669c5c22472a,agent_alpha,54.456,3,0,testing,0.638402,-0.468827,-0.35216,0.578012,0.638402,0.616991,0.601848,0.620262
n10,mag25,ec-mag25-n10-run01,deaeec28-e8b3-4b2c-94e5-cac11d619cb3,agent_iota,54.658,3,0,evidence,0.759255,-0.713195,0.461978,0.759255,0.711742,0.711194,0.690781,0.733949
n10,mag25,ec-mag25-n10-run01,296475f9-23be-4225-92af-f209afb7cc40,agent_kappa,54.903,3,0,time,0.771836,-0.021122,0.889054,0.702778,0.738813,0.719872,0.771836,0.72098
n10,mag25,ec-mag25-n10-run01,f73fcff1-1a5c-46b3-b6cc-785093308020,agent_beta,54.921,3,0,evidence,0.650443,-0.598725,0.395109,0.650443,0.599414,0.593392,0.60664,0.632485
n10,mag25,ec-mag25-n10-run01,b17dac4e-24f0-453c-8b76-1a76be69dcf4,agent_theta,55.124,3,0,evidence,0.760546,-0.662544,0.521221,0.760546,0.721798,0.738255,0.722133,0.713962
n10,mag25,ec-mag25-n10-run01,6f8e8005-4c0c-484e-897c-c9662d1f4041,agent_gamma,55.374,3,0,time,0.690742,0.210739,0.564646,0.652153,0.645125,0.661048,0.690742,0.679676
n10,mag25,ec-mag25-n10-run01,b94b0eb5-2465-4ff3-b83e-f1b49834cd99,agent_zeta,55.556,3,0,evidence,0.65818,-0.527015,0.373888,0.65818,0.62196,0.625817,0.623537,0.641548
n10,mag25,ec-mag25-n10-run01,5f03b906-b7cf-4cc0-bd69-f3340a7b2b3c,agent_alpha,55.641,3,0,time,0.641902,-0.075738,0.282086,0.629247,0.636026,0.624657,0.641902,0.633706
n10,mag25,ec-mag25-n10-run01,f1337c16-7beb-4d82-90ea-669fae460475,agent_iota,55.748,3,0,evidence,0.676035,-0.849767,0.549863,0.676035,0.582747,0.582665,0.564847,0.575122
n10,mag25,ec-mag25-n10-run01,f4aa33c2-9b98-48e3-9292-32a3c640315a,agent_kappa,56.047,3,0,time,0.760925,-0.014342,0.900047,0.684115,0.725246,0.706755,0.760925,0.710854
n10,mag25,ec-mag25-n10-run01,b86fbf21-8bb8-4411-9767-fcaeb2bea225,agent_delta,56.123,3,0,ownership,0.620172,0.233571,0.259351,0.524045,0.613627,0.620172,0.607497,0.581218
n10,mag25,ec-mag25-n10-run01,d936d417-05d2-443b-8079-3eb218fcefba,agent_eta,56.304,3,0,risk,0.707428,0.719244,-0.414802,0.677991,0.673966,0.683253,0.656674,0.707428
n10,mag25,ec-mag25-n10-run01,3f0c196a-5f74-4ef5-9bb1-129f75c0beb5,agent_gamma,56.49,3,0,time,0.636966,0.06513,0.790942,0.596477,0.600087,0.607753,0.636966,0.611536
n10,mag25,ec-mag25-n10-run01,1c1b846b-82ff-4221-9515-b3c760baba1a,agent_beta,56.568,3,0,risk,0.733708,0.085343,0.004659,0.715764,0.730471,0.716151,0.730929,0.733708
n10,mag25,ec-mag25-n10-run01,34f29760-8c90-4f28-bed8-8d744d61167e,agent_alpha,56.698,3,0,risk,0.654376,0.483991,-0.215335,0.639039,0.628737,0.636016,0.627779,0.654376
n10,mag25,ec-mag25-n10-run01,56f4f91b-6bfc-4404-8935-a466a084e71b,agent_iota,56.752,3,0,evidence,0.697411,-0.843463,0.547175,0.697411,0.615293,0.6274,0.626257,0.637676
n10,dom-agi,ec-dom-agi-n10-run01,1d6d17b6-9c16-4b31-ba85-76b5191d35c6,agent_alpha,0.0,0,0,ownership,0.592893,0.843587,0.448278,0.520675,0.526008,0.592893,0.536777,0.533043
n10,dom-agi,ec-dom-agi-n10-run01,cfc4952f-e497-4ec6-a85a-51b22b622fff,agent_delta,0.694,0,0,ownership,0.618897,0.743525,0.484164,0.534454,0.577268,0.618897,0.5968,0.558354
n10,dom-agi,ec-dom-agi-n10-run01,0a71372d-a723-4406-8516-6b34a9c25f5e,agent_beta,0.723,0,0,evidence,0.75148,-0.849271,0.549697,0.75148,0.667603,0.670904,0.65758,0.655897
n10,dom-agi,ec-dom-agi-n10-run01,d3365863-eea9-4f10-b736-019ec4ee0cd7,agent_alpha,0.816,0,0,evidence,0.770124,-0.430683,0.257932,0.770124,0.769626,0.760963,0.763514,0.742824
n10,dom-agi,ec-dom-agi-n10-run01,46ffc5f6-915d-4b44-88ac-2e83148c6d01,agent_iota,0.817,0,0,evidence,0.728504,-0.848156,0.549745,0.728504,0.64005,0.654656,0.65224,0.644381
n10,dom-agi,ec-dom-agi-n10-run01,9ae58647-9acb-447d-a246-215a89b96501,agent_theta,0.905,0,0,ownership,0.561709,0.84211,0.451119,0.470894,0.497423,0.561709,0.510381,0.482953
n10,dom-agi,ec-dom-agi-n10-run01,0ac0d6bf-47b9-4a4a-9fe4-00db533664b0,agent_gamma,0.953,0,0,ownership,0.667648,0.712981,0.463106,0.638034,0.616759,0.667648,0.640894,0.628041
n10,dom-agi,ec-dom-agi-n10-run01,05d95b80-cc78-4912-bdff-6eefb833e46f,agent_eta,0.971,0,0,ownership,0.646321,0.216636,0.192838,0.638713,0.63615,0.646321,0.630416,0.638678
n10,dom-agi,ec-dom-agi-n10-run01,346887df-0b0d-4812-97f2-4e3f768d430b,agent_epsilon,1.072,0,0,ownership,0.716644,0.449191,0.387958,0.663285,0.701515,0.716644,0.70353,0.68211
n10,dom-agi,ec-dom-agi-n10-run01,9b270664-56a5-43f1-aebd-6ca4981ae4bb,agent_kappa,1.684,0,0,ownership,0.676123,0.738043,0.455602,0.647753,0.619322,0.676123,0.6366,0.625454
n10,dom-agi,ec-dom-agi-n10-run01,20bcbbd7-8d17-4156-9a52-d680e3b9e772,agent_delta,1.711,0,0,ownership,0.591331,0.436589,0.291548,0.520796,0.577686,0.591331,0.586303,0.583044
n10,dom-agi,ec-dom-agi-n10-run01,20b25eeb-9268-4dcc-8ea6-28022caa6f03,agent_gamma,1.949,0,0,evidence,0.78746,-0.82454,0.547802,0.78746,0.718551,0.732517,0.74332,0.734767
n10,dom-agi,ec-dom-agi-n10-run01,51bc7999-ede5-4f9f-be04-2a0744cdf90d,agent_zeta,1.995,0,0,ownership,0.501968,0.796455,0.414905,0.457696,0.459767,0.501968,0.459531,0.467804
n10,dom-agi,ec-dom-agi-n10-run01,c76763d0-3708-4973-8862-b8c5223f2950,agent_eta,2.085,0,0,testing,0.569661,-0.611484,0.149197,0.567484,0.569661,0.539816,0.560378,0.54422
n10,dom-agi,ec-dom-agi-n10-run01,93b7cecf-7b39-4e31-9d7e-880341285826,agent_iota,2.37,0,0,evidence,0.789389,-0.847827,0.549233,0.789389,0.707792,0.717808,0.70172,0.711735
n10,dom-agi,ec-dom-agi-n10-run01,224db3d3-d7cf-4874-a332-3fc4bda2db59,agent_beta,2.395,0,0,evidence,0.765334,-0.847493,0.548723,0.765334,0.676845,0.688703,0.657233,0.696228
n10,dom-agi,ec-dom-agi-n10-run01,a38a22a2-179f-4c41-91d5-642ea5e52834,agent_alpha,2.492,0,1,evidence,0.607378,-0.520539,0.466735,0.607378,0.57557,0.587342,0.582814,0.582484
n10,dom-agi,ec-dom-agi-n10-run01,b2133e0f-12ac-4e80-b0b5-7b7fed33517f,agent_delta,2.797,0,0,ownership,0.617487,0.450072,0.390986,0.526167,0.602468,0.617487,0.604105,0.57813
n10,dom-agi,ec-dom-agi-n10-run01,4f8caad2-a961-43e8-9886-03a7bf247310,agent_eta,2.91,0,0,risk,0.656226,0.532315,-0.133078,0.636597,0.636667,0.647471,0.634462,0.656226
n10,dom-agi,ec-dom-agi-n10-run01,ecc7117a-ee1d-4bd8-88ac-758333f7bb84,agent_theta,3.111,0,0,evidence,0.755335,-0.136671,0.193974,0.755335,0.733223,0.74315,0.715296,0.748483
n10,dom-agi,ec-dom-agi-n10-run01,d947e77e-bd02-4b3a-b052-c885042b308f,agent_kappa,3.253,0,0,time,0.717833,0.01801,0.690885,0.706654,0.691207,0.708844,0.717833,0.682267
n10,dom-agi,ec-dom-agi-n10-run01,ba27a787-249f-48ec-8f76-608d6cdb916b,agent_zeta,3.325,0,0,ownership,0.529536,0.819582,0.463504,0.441138,0.465899,0.529536,0.49553,0.461811
n10,dom-agi,ec-dom-agi-n10-run01,8eca3037-009b-4ecb-8103-046baebfc27d,agent_gamma,3.364,0,0,evidence,0.688514,-0.493602,0.473338,0.688514,0.644667,0.671667,0.652883,0.662292
n10,dom-agi,ec-dom-agi-n10-run01,43362650-5fae-4a5e-89e9-bb6fd48e959f,agent_alpha,3.375,0,0,evidence,0.785992,-0.012783,0.075574,0.785992,0.75931,0.768817,0.752707,0.784456
n10,dom-agi,ec-dom-agi-n10-run01,afe3fb9d-a691-4ed4-8ce6-51a39d4dfb37,agent_delta,3.664,0,0,ownership,0.705405,0.217914,0.323743,0.633317,0.698838,0.705405,0.698786,0.676437
n10,dom-agi,ec-dom-agi-n10-run01,eaa1bb5a-c2ad-4d33-bf56-d6c5b8c18792,agent_kappa,3.775,0,0,time,0.674697,0.04237,0.875974,0.609746,0.625363,0.637628,0.674697,0.641873
n10,dom-agi,ec-dom-agi-n10-run01,054129ab-251f-41be-baeb-0c6e3d3d997d,agent_epsilon,3.82,0,0,ownership,0.771929,-0.06393,0.262981,0.77133,0.764001,0.771929,0.738933,0.755674
n10,dom-agi,ec-dom-agi-n10-run01,cab6ff6d-e3f2-4cca-974d-8a98fddcc9bb,agent_gamma,4.093,0,0,risk,0.727061,0.359082,0.039244,0.720951,0.708185,0.724407,0.70156,0.727061
n10,dom-agi,ec-dom-agi-n10-run01,433d0e19-5644-406f-83c3-76611ef134da,agent_eta,4.115,0,0,testing,0.606849,-0.576796,-0.267635,0.572666,0.606849,0.586743,0.57841,0.574741
n10,dom-agi,ec-dom-agi-n10-run01,96f1a4db-5d9a-4774-99d5-c03257f06089,agent_iota,4.171,0,0,evidence,0.801275,-0.842393,0.547617,0.801275,0.733504,0.734047,0.741849,0.73908
n10,dom-agi,ec-dom-agi-n10-run01,ffd8aa49-63ce-42c8-bdc9-991f93c24293,agent_theta,4.435,0,0,testing,0.767278,-0.039302,0.251486,0.703428,0.767278,0.7654,0.765329,0.7369
n10,dom-agi,ec-dom-agi-n10-run01,22caa8ee-0339-42b2-ab50-94b9d1b3855a,agent_zeta,4.563,0,0,ownership,0.702762,0.813449,0.395169,0.62162,0.663825,0.702762,0.648902,0.671188
n10,dom-agi,ec-dom-agi-n10-run01,abfc2d78-5dc9-477c-9b9a-5526d9558069,agent_alpha,4.681,0,0,ownership,0.752049,0.459762,0.250311,0.676238,0.73978,0.752049,0.714784,0.709491
n10,dom-agi,ec-dom-agi-n10-run01,d5710657-83a6-487a-87f4-6ae778cb7225,agent_kappa,4.716,0,0,time,0.755929,0.010828,0.672353,0.747457,0.716361,0.746079,0.755929,0.732777
n10,dom-agi,ec-dom-agi-n10-run01,7d19bad8-5e1f-4bd7-8e3a-b69c13d0a8b0,agent_delta,4.789,0,0,time,0.680544,-0.033713,0.766637,0.596565,0.65969,0.653815,0.680544,0.631996
n10,dom-agi,ec-dom-agi-n10-run01,9772d532-f809-4d05-9203-f4253e3fb706,agent_theta,5.174,0,0,ownership,0.610517,0.726971,0.184624,0.560467,0.586664,0.610517,0.555129,0.598109
n10,dom-agi,ec-dom-agi-n10-run01,830fc06d-adc2-4834-84a5-d4af36d10d9c,agent_gamma,5.209,0,0,evidence,0.683373,-0.422008,0.374484,0.683373,0.646281,0.657885,0.659998,0.66887
n10,dom-agi,ec-dom-agi-n10-run01,a9836281-2fa7-41f9-ba63-9b17959100f5,agent_iota,5.242,0,1,evidence,0.734398,-0.78967,0.564977,0.734398,0.68126,0.675653,0.706804,0.678309
n10,dom-agi,ec-dom-agi-n10-run01,f51300d0-b89a-40a6-b1d2-fabf52ee2818,agent_beta,5.291,0,1,evidence,0.806935,-0.848419,0.548947,0.806935,0.727567,0.722963,0.715543,0.733579
n10,dom-agi,ec-dom-agi-n10-run01,1de74d5f-c000-4d08-a610-0de2a27d1447,agent_epsilon,5.361,0,0,testing,0.73695,-0.814442,-0.406389,0.667927,0.73695,0.684662,0.701298,0.675676
n10,dom-agi,ec-dom-agi-n10-run01,fa3b53f9-5337-4784-be32-5cafddb1d6ec,agent_eta,5.519,0,0,risk,0.597966,0.493077,-0.299461,0.571445,0.584155,0.584241,0.563171,0.597966
n10,dom-agi,ec-dom-agi-n10-run01,a1182a6f-8fa2-4b48-a653-08072bef1b5f,agent_kappa,5.877,0,0,evidence,0.637826,-0.681743,0.474905,0.637826,0.572525,0.604822,0.577037,0.611532
n10,dom-agi,ec-dom-agi-n10-run01,4b8076e9-f889-4ca1-80c9-11ed4bd9b571,agent_alpha,5.924,0,0,time,0.701785,-0.263427,0.369883,0.663984,0.69789,0.678019,0.701785,0.669454
n10,dom-agi,ec-dom-agi-n10-run01,a12d194b-6dbd-4933-b7b7-f2d666fa7c5a,agent_delta,6.001,0,0,ownership,0.697762,0.676342,0.401551,0.621241,0.672923,0.697762,0.671451,0.657495
n10,dom-agi,ec-dom-agi-n10-run01,7d31e7e8-190f-4d6f-9a09-198ee848f1b7,agent_gamma,6.395,0,0,time,0.725246,0.203449,0.47005,0.673327,0.698652,0.690359,0.725246,0.716263
n10,dom-agi,ec-dom-agi-n10-run01,fd8df64f-b280-4ddf-b961-43d6779acf80,agent_theta,6.399,0,0,ownership,0.702434,0.687057,0.348705,0.651365,0.679235,0.702434,0.658202,0.668839
n10,dom-agi,ec-dom-agi-n10-run01,b786b841-9b7f-464e-84d2-b5449778ccb1,agent_zeta,6.63,0,0,ownership,0.597393,0.808516,0.44407,0.535621,0.554359,0.597393,0.558027,0.542068
n10,dom-agi,ec-dom-agi-n10-run01,f1b847be-2ebe-4da0-a040-abf5c67646db,agent_eta,6.853,0,0,testing,0.62244,-0.292518,-0.049289,0.607718,0.62244,0.615848,0.590513,0.59614
n10,dom-agi,ec-dom-agi-n10-run01,e917205a-11d0-4aec-9ae2-189a4199cd08,agent_beta,6.899,0,0,evidence,0.71817,-0.175355,0.185131,0.71817,0.702689,0.705932,0.69162,0.711072
n10,dom-agi,ec-dom-agi-n10-run01,c333153f-3026-46cc-a791-e5dc817adeab,agent_alpha,7.022,0,0,testing,0.758996,-0.451523,-0.139976,0.712704,0.758996,0.744953,0.740006,0.714473
n10,dom-agi,ec-dom-agi-n10-run01,37ff8dd3-7b27-4ef8-897f-3b1a6e53ae47,agent_iota,7.192,0,0,evidence,0.741491,-0.842882,0.548417,0.741491,0.672389,0.685783,0.658203,0.65974
n10,dom-agi,ec-dom-agi-n10-run01,836e92b4-33b6-4693-b4ed-afb58b606076,agent_gamma,7.313,0,0,evidence,0.728935,-0.666211,0.545733,0.728935,0.679748,0.705446,0.698285,0.677977
n10,dom-agi,ec-dom-agi-n10-run01,887745d6-9429-4646-8df7-1fc53fe0c16a,agent_epsilon,7.407,0,0,testing,0.718889,-0.258262,0.247663,0.670534,0.718889,0.706803,0.718161,0.681108
n10,dom-agi,ec-dom-agi-n10-run01,3e577135-a2aa-4149-a9a0-b7011a596b8d,agent_delta,7.72,0,0,ownership,0.838416,0.441919,0.367487,0.77733,0.823927,0.838416,0.826093,0.811279
n10,dom-agi,ec-dom-agi-n10-run01,e346a3d3-eb3a-4a5d-ba7e-9d312c1047ab,agent_kappa,7.822,0,0,time,0.803065,0.001542,0.907349,0.741012,0.760667,0.7486,0.803065,0.760375
n10,dom-agi,ec-dom-agi-n10-run01,8228db33-d2af-474f-90a5-cf336f3bf3a3,agent_theta,7.9,0,0,ownership,0.779516,0.693087,0.21486,0.71273,0.755824,0.779516,0.754884,0.767756
n10,dom-agi,ec-dom-agi-n10-run01,1639801e-2f2a-4daf-9c00-da87a9af2151,agent_eta,7.953,0,0,evidence,0.667375,-0.092344,0.230261,0.667375,0.658677,0.662169,0.656237,0.660732
n10,dom-agi,ec-dom-agi-n10-run01,82bbff44-eb79-4a69-aafb-6e6bc073e4a7,agent_alpha,8.199,0,0,ownership,0.620824,0.278578,0.143076,0.612311,0.608956,0.620824,0.581759,0.612965
n10,dom-agi,ec-dom-agi-n10-run01,ce4653e6-aae3-4967-912d-3b6921590ad4,agent_zeta,8.22,0,0,evidence,0.668154,-0.40609,0.302064,0.668154,0.648511,0.651967,0.609958,0.652251
n10,dom-agi,ec-dom-agi-n10-run01,09c949e1-c656-4f79-a346-9f5b139ecbf3,agent_gamma,8.736,0,0,time,0.769823,0.311113,0.338471,0.691485,0.738765,0.732159,0.769823,0.765539
n10,dom-agi,ec-dom-agi-n10-run01,1260192c-7b29-4056-b712-85e67272d47a,agent_eta,8.882,0,0,risk,0.650692,0.565385,-0.13361,0.614116,0.636802,0.645599,0.62925,0.650692
n10,dom-agi,ec-dom-agi-n10-run01,cb821bee-5f8c-4455-bbaf-ef85cb55501d,agent_iota,8.897,0,0,evidence,0.803154,-0.838896,0.547226,0.803154,0.743125,0.738875,0.751303,0.741933
n10,dom-agi,ec-dom-agi-n10-run01,669902bd-5505-44ea-b173-f1efc81b6b52,agent_zeta,9.334,0,0,ownership,0.586073,0.793016,0.450087,0.535608,0.541721,0.586073,0.5524,0.536631
n10,dom-agi,ec-dom-agi-n10-run01,77129243-9863-4cb2-aa45-5a5080b6c8d8,agent_epsilon,9.52,0,0,testing,0.732166,-0.259916,-0.166619,0.713472,0.732166,0.722838,0.688079,0.716904
n10,dom-agi,ec-dom-agi-n10-run01,820b72b5-8c71-415b-8933-2f51f47d5a07,agent_beta,9.604,0,0,evidence,0.711868,-0.716366,0.459291,0.711868,0.671599,0.666315,0.652962,0.685973
n10,dom-agi,ec-dom-agi-n10-run01,7c53a5b5-3413-4132-b4c5-1a15aff868f4,agent_alpha,9.852,0,0,ownership,0.665141,0.148024,-0.029764,0.65064,0.663568,0.665141,0.630972,0.659256
n10,dom-agi,ec-dom-agi-n10-run01,3083ddb4-999f-4ef6-aa15-9e5fff9849c7,agent_theta,9.983,0,0,time,0.814622,0.196004,0.324762,0.783077,0.800226,0.798639,0.814622,0.808549
n10,dom-agi,ec-dom-agi-n10-run01,3bc0e8fb-216a-444d-ab79-0c017c4ab0ff,agent_kappa,10.11,0,0,evidence,0.654331,-0.639929,0.522797,0.654331,0.595323,0.633425,0.599021,0.61302
n10,dom-agi,ec-dom-agi-n10-run01,c62ecbca-eea7-4267-8f7d-04ebe0adc527,agent_eta,10.354,0,0,risk,0.646358,0.265981,-0.212714,0.633324,0.636995,0.633711,0.611621,0.646358
n10,dom-agi,ec-dom-agi-n10-run01,6d6b01a3-db43-4a27-adf7-c75f96f06f9c,agent_gamma,10.564,0,0,time,0.694365,-0.145759,0.498067,0.677072,0.682371,0.6579,0.694365,0.676417
n10,dom-agi,ec-dom-agi-n10-run01,c0cf1739-6bcf-4840-9395-46fa25f33bfb,agent_iota,10.58,0,0,evidence,0.804015,-0.7465,0.468283,0.804015,0.77717,0.772,0.759147,0.766416
n10,dom-agi,ec-dom-agi-n10-run01,f94aa768-2af7-4104-8098-9ee2598aa5e5,agent_theta,11.424,0,0,evidence,0.718872,-0.837338,0.542975,0.718872,0.653777,0.657188,0.644754,0.666127
n10,dom-agi,ec-dom-agi-n10-run01,8a1373b5-9ed5-4e16-bfe3-246d7a227af2,agent_beta,11.627,0,0,evidence,0.722652,-0.845117,0.546679,0.722652,0.654366,0.651209,0.633766,0.660633
n10,dom-agi,ec-dom-agi-n10-run01,f58c57c1-9996-4266-8493-6065150fa015,agent_epsilon,11.909,0,0,testing,0.749308,-0.807346,-0.389632,0.70462,0.749308,0.692632,0.715923,0.696881
n10,dom-agi,ec-dom-agi-n10-run01,a6cc067e-0aa4-43d9-a86d-12a5772c3ece,agent_iota,12.904,0,0,evidence,0.824921,-0.789592,0.461087,0.824921,0.798396,0.780086,0.769636,0.788514
n10,dom-agi,ec-dom-agi-n10-run01,9ac6cf69-7de3-403a-9150-1aa266f0f80a,agent_alpha,12.926,0,0,ownership,0.664914,0.07794,0.373754,0.658994,0.653344,0.664914,0.651383,0.638166
n10,dom-agi,ec-dom-agi-n10-run01,ee2c15a9-de27-4180-a8e4-a4881a1460b0,agent_kappa,13.177,0,0,evidence,0.708851,-0.420434,0.412304,0.708851,0.675153,0.683337,0.69147,0.693414
n10,dom-agi,ec-dom-agi-n10-run01,49e467bd-41f5-4019-8992-80461f84f48c,agent_theta,13.397,0,0,testing,0.696937,-0.758096,-0.312517,0.626055,0.696937,0.648262,0.674283,0.622378
n10,dom-agi,ec-dom-agi-n10-run01,f75b040c-ea7f-4218-b1ff-94786c13349f,agent_delta,14.526,0,0,testing,0.804434,0.041175,0.115992,0.730066,0.804434,0.799511,0.802936,0.798181
n10,dom-agi,ec-dom-agi-n10-run01,ef77ffe0-8ee4-460f-9cb4-2bed9824f49a,agent_theta,14.797,0,0,ownership,0.68755,0.702975,0.160483,0.605849,0.666209,0.68755,0.645149,0.676216
n10,dom-agi,ec-dom-agi-n10-run01,af0f1577-4979-4b90-ae9e-8acc87d49af3,agent_kappa,14.839,0,0,ownership,0.593736,0.26958,0.322951,0.590861,0.562491,0.593736,0.59275,0.59325
n10,dom-agi,ec-dom-agi-n10-run01,72622d87-3255-4e38-9446-e0ab4461b960,agent_eta,14.889,0,0,evidence,0.572123,-0.040314,0.137001,0.572123,0.540284,0.555224,0.548236,0.569358
n10,dom-agi,ec-dom-agi-n10-run01,4c5ccf2a-7b8f-400c-80cb-498fdfb63faf,agent_beta,15.462,1,0,testing,0.829187,-0.476169,-0.207243,0.785249,0.829187,0.797033,0.814374,0.811084
n10,dom-agi,ec-dom-agi-n10-run01,42ab7308-3116-4a30-9343-4fa41712e59b,agent_gamma,15.54,1,0,ownership,0.628462,0.431015,0.45129,0.601339,0.608844,0.628462,0.620766,0.606335
n10,dom-agi,ec-dom-agi-n10-run01,0740f69f-6935-4838-847e-ce7322d04e1f,agent_zeta,16.186,1,0,ownership,0.577767,0.83844,0.447789,0.488336,0.524043,0.577767,0.522983,0.489963
n10,dom-agi,ec-dom-agi-n10-run01,8f141859-9b8c-458b-ab31-4192f0cef216,agent_alpha,16.354,1,0,time,0.716145,-0.230502,0.475077,0.649585,0.709129,0.687515,0.716145,0.67386
n10,dom-agi,ec-dom-agi-n10-run01,9a7fcc1e-8af4-4097-b1af-9c1037b89f39,agent_theta,16.685,1,0,time,0.762983,-0.177285,0.628252,0.696417,0.750664,0.721441,0.762983,0.706771
n10,dom-agi,ec-dom-agi-n10-run01,e524a11c-a30b-4233-ad9c-bb3863b388b3,agent_eta,17.232,1,0,evidence,0.744703,-0.716172,0.512953,0.744703,0.689797,0.715784,0.686199,0.709303
n10,dom-agi,ec-dom-agi-n10-run01,a0a5ae45-2e18-4ebd-98d7-928ed9654dbe,agent_kappa,17.402,1,0,evidence,0.714865,-0.43077,0.44143,0.714865,0.686681,0.694753,0.697924,0.695977
n10,dom-agi,ec-dom-agi-n10-run01,9bad31ec-a487-4b79-b482-750b5618df1b,agent_beta,17.951,1,0,evidence,0.780889,-0.346662,0.232977,0.780889,0.746337,0.742493,0.743648,0.77186
n10,dom-agi,ec-dom-agi-n10-run01,0e9da3a8-e446-4aff-a243-3a4ebd731ded,agent_alpha,18.139,1,0,ownership,0.730332,0.210458,0.302109,0.67721,0.725159,0.730332,0.728182,0.71694
n10,dom-agi,ec-dom-agi-n10-run01,c486d301-05c0-4189-8567-0dc6dc42d7c6,agent_zeta,18.398,1,0,time,0.780896,0.368444,0.3846,0.700818,0.753537,0.770619,0.780896,0.775313
n10,dom-agi,ec-dom-agi-n10-run01,f76fe695-2d35-487f-99f0-204ce79c4474,agent_eta,18.62,1,0,risk,0.668851,0.152957,-0.024887,0.650262,0.663649,0.653329,0.663789,0.668851
n10,dom-agi,ec-dom-agi-n10-run01,886b82f9-8a51-44ce-b0df-aeb8da5e08c2,agent_gamma,18.852,1,0,risk,0.760047,0.666881,-0.403497,0.736634,0.715849,0.717213,0.725685,0.760047
n10,dom-agi,ec-dom-agi-n10-run01,53e31aa0-3d37-4c65-bc6f-ca485456adad,agent_iota,18.927,1,0,evidence,0.731097,-0.844646,0.547999,0.731097,0.665406,0.669207,0.660568,0.658172
n10,dom-agi,ec-dom-agi-n10-run01,5bca335e-e290-4ffd-8402-730bacc768cd,agent_delta,19.017,1,0,ownership,0.724159,0.411755,0.263314,0.667675,0.712792,0.724159,0.705955,0.699638
n10,dom-agi,ec-dom-agi-n10-run01,fb34a3e6-d942-44a8-b138-3a829834b378,agent_epsilon,19.458,1,0,testing,0.727582,-0.173201,0.076874,0.68981,0.727582,0.721513,0.718508,0.699979
n10,dom-agi,ec-dom-agi-n10-run01,5536728a-4e4d-4f9f-93a3-c24ad6f2ef35,agent_theta,19.515,1,0,ownership,0.719603,0.33845,-0.001139,0.652674,0.714393,0.719603,0.687962,0.710703
n10,dom-agi,ec-dom-agi-n10-run01,011f1716-b867-4d01-8fcb-9c575110a988,agent_kappa,19.869,1,0,evidence,0.749101,-0.847769,0.549033,0.749101,0.667798,0.665763,0.674223,0.677724
n10,dom-agi,ec-dom-agi-n10-run01,cd3c96f2-675a-4b9c-b255-41176617ff65,agent_eta,20.151,1,0,evidence,0.661195,-0.167089,0.170557,0.661195,0.636339,0.644355,0.616909,0.655029
n10,dom-agi,ec-dom-agi-n10-run01,c70d25ca-3d64-44a8-aa4e-41b1c895d58c,agent_alpha,20.227,1,0,ownership,0.737117,0.4343,0.234646,0.650847,0.725752,0.737117,0.696996,0.692012
n10,dom-agi,ec-dom-agi-n10-run01,9cad2318-b8cf-4b9c-979f-fa56cbab24ea,agent_zeta,20.34,1,0,ownership,0.656805,0.777388,0.366553,0.571087,0.618194,0.656805,0.628541,0.634735
n10,dom-agi,ec-dom-agi-n10-run01,00fd78b3-b905-4028-8d5f-1b9cea1b7561,agent_delta,20.963,1,0,testing,0.610527,0.009333,0.254043,0.580451,0.610527,0.610351,0.60865,0.587443
n10,dom-agi,ec-dom-agi-n10-run01,eaa7c363-7bcb-4d32-be9f-87d173998ebc,agent_iota,21.435,1,0,time,0.829541,-0.145663,0.631668,0.795794,0.815728,0.79139,0.829541,0.795617
n10,dom-agi,ec-dom-agi-n10-run01,10f77705-1395-4204-a95c-5307dda5d44d,agent_eta,21.829,1,0,testing,0.623644,0.043706,0.065598,0.607032,0.623644,0.622187,0.615343,0.616264
n10,dom-agi,ec-dom-agi-n10-run01,5f37fdf5-3bc7-499c-8e0e-b8f55dca6815,agent_beta,22.117,1,0,testing,0.704028,-0.42032,-0.008566,0.702969,0.704028,0.689987,0.670866,0.69448
n10,dom-agi,ec-dom-agi-n10-run01,fc9e7eec-b37a-46c7-ab52-d5b051a4d1d8,agent_delta,22.607,1,0,time,0.693577,0.053795,0.71042,0.608081,0.673693,0.677516,0.693577,0.65565
n10,dom-agi,ec-dom-agi-n10-run01,132a63f6-dac5-4fe7-9989-1e44f1e6800b,agent_alpha,23.356,1,0,testing,0.764664,-0.688581,-0.1956,0.675348,0.764664,0.71025,0.74953,0.702798
n10,dom-agi,ec-dom-agi-n10-run01,e7724a4d-73ec-42c3-9b91-37a0de54e16b,agent_theta,23.485,1,0,testing,0.85038,-0.557857,-0.058649,0.779016,0.85038,0.814151,0.840897,0.814427
n10,dom-agi,ec-dom-agi-n10-run01,9baeca8d-3506-4eb0-9dff-0701eccd3dc7,agent_iota,23.565,1,0,evidence,0.710155,-0.352456,0.206772,0.710155,0.699508,0.69813,0.65505,0.696483
n10,dom-agi,ec-dom-agi-n10-run01,a101f2d4-f2c9-4692-ad18-1508af28d555,agent_kappa,24.022,1,0,time,0.743926,0.000769,0.771777,0.674576,0.72132,0.719846,0.743926,0.702799
n10,dom-agi,ec-dom-agi-n10-run01,bb790670-c725-4d15-993f-26d6edf7a499,agent_zeta,24.194,1,0,ownership,0.601067,0.826011,0.434699,0.53776,0.550658,0.601067,0.557475,0.560101
n10,dom-agi,ec-dom-agi-n10-run01,dd6cbc44-6ab5-40fa-9273-ff29a0035aef,agent_delta,24.625,1,0,ownership,0.752349,0.672309,0.409758,0.68626,0.727457,0.752349,0.726603,0.706953
n10,dom-agi,ec-dom-agi-n10-run01,fb79e537-1de3-4652-a42a-03d9a654fa56,agent_eta,24.99,1,0,risk,0.494261,0.044918,0.104843,0.488992,0.490432,0.486382,0.491055,0.494261
n10,dom-agi,ec-dom-agi-n10-run01,80413141-5e37-40ec-ab05-c09fcf65884a,agent_alpha,25.966,1,0,time,0.666904,-0.073177,0.568881,0.616225,0.655089,0.64708,0.666904,0.636216
n10,dom-agi,ec-dom-agi-n10-run01,5ca08d50-3a8a-43a5-87e0-3d0c82696dc1,agent_gamma,26.087,1,0,time,0.71317,0.27832,0.322979,0.679374,0.685691,0.66587,0.71317,0.70919
n10,dom-agi,ec-dom-agi-n10-run01,acd60a1d-259c-4784-9373-848734319d25,agent_zeta,26.942,1,0,ownership,0.502384,0.791831,0.453715,0.44148,0.457121,0.502384,0.471822,0.456378
n10,dom-agi,ec-dom-agi-n10-run01,da527da2-1521-4e8d-9420-fe27ba4b153f,agent_theta,27.122,1,0,testing,0.815113,-0.067339,-0.171771,0.738417,0.815113,0.804484,0.800067,0.808017
n10,dom-agi,ec-dom-agi-n10-run01,e2ba223b-4af8-4f45-8c16-f6a32697031d,agent_beta,27.39,1,0,testing,0.772055,-0.174917,-0.203031,0.761585,0.772055,0.74587,0.754922,0.76965
n10,dom-agi,ec-dom-agi-n10-run01,9f4d11a2-15e0-4fe3-a4a9-74ecebad53a7,agent_eta,27.611,1,0,risk,0.652754,0.083947,0.036682,0.652228,0.647554,0.651525,0.616142,0.652754
n10,dom-agi,ec-dom-agi-n10-run01,0d5f6216-1869-4e9c-9433-900d2714a1ad,agent_epsilon,28.94,1,0,testing,0.732615,-0.091812,-0.035064,0.670342,0.732615,0.729823,0.70606,0.701235
n10,dom-agi,ec-dom-agi-n10-run01,59de7933-20d4-48fc-82b1-52a66db8873f,agent_theta,29.265,1,0,testing,0.766793,0.020055,0.128449,0.720529,0.766793,0.761522,0.765424,0.759646
n10,dom-agi,ec-dom-agi-n10-run01,2502b389-94d0-4eb4-84b2-f0770aa75f44,agent_gamma,29.432,1,0,risk,0.815251,0.714084,-0.326456,0.748827,0.769249,0.771181,0.797401,0.815251
n10,dom-agi,ec-dom-agi-n10-run01,2986d76a-b4e0-4cfe-9308-a78794abce19,agent_delta,29.544,1,0,ownership,0.717909,0.633917,0.38002,0.69113,0.690158,0.717909,0.689259,0.690892
n10,dom-agi,ec-dom-agi-n10-run01,66a96ffe-8d58-47ea-b2ec-1937e154a7c5,agent_eta,29.706,1,0,testing,0.660704,-0.696546,-0.386029,0.606196,0.660704,0.632822,0.615111,0.626713
n10,dom-agi,ec-dom-agi-n10-run01,3b1a2c7d-01c5-4a2b-87de-533d969bf230,agent_kappa,30.424,2,0,time,0.729645,0.029971,0.891631,0.673292,0.671926,0.68365,0.729645,0.695731
n10,dom-agi,ec-dom-agi-n10-run01,5fe52abc-c408-4dbb-8801-07141d749aaf,agent_alpha,30.53,2,0,ownership,0.683068,0.170576,0.144556,0.631801,0.679187,0.683068,0.666028,0.656971
n10,dom-agi,ec-dom-agi-n10-run01,56b1a9b5-b73b-4517-bb06-0ceca0f739ee,agent_theta,31.864,2,0,testing,0.823078,-0.310101,0.179362,0.739527,0.823078,0.799735,0.822058,0.802462
n10,dom-agi,ec-dom-agi-n10-run01,f1b63d75-ac99-479c-b3d7-b623d17080cb,agent_zeta,32.455,2,0,ownership,0.580675,0.734677,0.441977,0.552103,0.533368,0.580675,0.539575,0.538553
n10,dom-agi,ec-dom-agi-n10-run01,edb3d36c-db09-456e-976a-ce0c32629522,agent_gamma,32.501,2,0,risk,0.657186,0.349604,0.232,0.645242,0.624796,0.648594,0.655721,0.657186
n10,dom-agi,ec-dom-agi-n10-run01,2e86b102-813f-4164-ad42-749d753f52f2,agent_delta,32.547,2,0,time,0.732413,-0.080654,0.758992,0.632845,0.712963,0.694782,0.732413,0.684579
n10,dom-agi,ec-dom-agi-n10-run01,ae75e936-8092-4267-a157-5447e41ea19b,agent_beta,32.59,2,0,evidence,0.723576,-0.813128,0.538839,0.723576,0.67965,0.678465,0.681837,0.668193
n10,dom-agi,ec-dom-agi-n10-run01,b220569f-bc71-4480-824f-81bb12b60d78,agent_iota,33.141,2,0,evidence,0.690856,-0.676171,0.472185,0.690856,0.662244,0.667303,0.633985,0.653578
n10,dom-agi,ec-dom-agi-n10-run01,addc880e-f23b-445a-8be3-8f7c8c289bb6,agent_kappa,33.816,2,0,time,0.822247,0.157415,0.434402,0.809864,0.785369,0.80312,0.822247,0.816042
n10,dom-agi,ec-dom-agi-n10-run01,218ec848-cb20-4e73-a3f1-026931f24abc,agent_eta,33.922,2,0,risk,0.622215,0.714512,-0.249791,0.580953,0.599687,0.613791,0.570717,0.622215
n10,dom-agi,ec-dom-agi-n10-run01,1b41f693-a011-4ca9-81b4-97ba806dda71,agent_delta,34.418,2,0,testing,0.747256,-0.301267,0.224903,0.665263,0.747256,0.731074,0.746332,0.715044
n10,dom-agi,ec-dom-agi-n10-run01,eaec86dc-bca7-4f22-895a-5472aec34d59,agent_eta,34.928,2,0,testing,0.801396,-0.765667,-0.326966,0.750734,0.801396,0.746033,0.777384,0.74963
n10,dom-agi,ec-dom-agi-n10-run01,10fc5116-0e03-4f68-8b87-993bccab881d,agent_alpha,35.11,2,0,ownership,0.671027,0.681376,0.15245,0.627993,0.650636,0.671027,0.618261,0.6598
n10,dom-agi,ec-dom-agi-n10-run01,c865e516-de3b-44db-9b87-a5bebed297c7,agent_kappa,35.312,2,0,evidence,0.774943,-0.800819,0.545525,0.774943,0.720529,0.721687,0.739761,0.72954
n10,dom-agi,ec-dom-agi-n10-run01,fa4a5777-3a8f-48b7-93c7-afc6652e490a,agent_gamma,35.539,2,0,risk,0.689539,0.715982,-0.352005,0.65477,0.650412,0.662958,0.665348,0.689539
n10,dom-agi,ec-dom-agi-n10-run01,789d8d2b-5f93-4093-b478-5a8e5296b105,agent_epsilon,35.576,2,0,testing,0.823478,-0.837986,-0.435739,0.734254,0.823478,0.761208,0.776361,0.750544
n10,dom-agi,ec-dom-agi-n10-run01,cf009f28-b61b-4866-b959-3cea64cbf3f9,agent_delta,36.204,2,0,time,0.670937,0.117139,0.828138,0.586066,0.635155,0.654081,0.670937,0.626397
n10,dom-agi,ec-dom-agi-n10-run01,3d0b7b29-be27-4e82-ad6d-b58df55efe9e,agent_iota,36.409,2,0,testing,0.693012,0.009163,-0.040708,0.683494,0.693012,0.69188,0.646677,0.686538
n10,dom-agi,ec-dom-agi-n10-run01,4af274b7-dcd5-4e70-9c9b-daaf0d6d63ad,agent_kappa,36.861,2,0,time,0.705355,0.301753,0.356006,0.676543,0.651287,0.661663,0.705355,0.701274
n10,dom-agi,ec-dom-agi-n10-run01,e0b11af0-d69c-4228-b34f-1f8471cb6727,agent_alpha,36.989,2,0,testing,0.787487,-0.318584,-0.041885,0.732008,0.787487,0.774875,0.77589,0.763151
n10,dom-agi,ec-dom-agi-n10-run01,34610d74-b1c8-40d0-a74a-f9b08f59f539,agent_eta,37.327,2,0,testing,0.638308,-0.275471,-0.048123,0.618215,0.638308,0.626633,0.625163,0.622315
n10,dom-agi,ec-dom-agi-n10-run01,df042107-bd1f-4190-804f-69ed170dfb81,agent_delta,37.901,2,0,testing,0.796245,0.041713,0.188704,0.734817,0.796245,0.796126,0.791863,0.777327
n10,dom-agi,ec-dom-agi-n10-run01,129ffa92-cab7-4d5f-919a-464a83835d5d,agent_zeta,37.943,2,0,ownership,0.666648,0.716086,0.203403,0.620278,0.641404,0.666648,0.636427,0.654954
n10,dom-agi,ec-dom-agi-n10-run01,d71af0c2-0903-4601-830a-27c83d819dd8,agent_eta,38.813,2,0,risk,0.62505,0.509737,-0.258547,0.605807,0.605023,0.608796,0.594988,0.62505
n10,dom-agi,ec-dom-agi-n10-run01,6c26397f-25b5-4342-bbb0-796f19361009,agent_alpha,38.881,2,0,ownership,0.710436,0.503417,0.401307,0.655117,0.688426,0.710436,0.704932,0.697897
n10,dom-agi,ec-dom-agi-n10-run01,847da8f4-0511-4853-883f-aad116ab117b,agent_iota,39.16,2,0,testing,0.818947,-0.669238,-0.155349,0.781871,0.818947,0.771044,0.805,0.764638
n10,dom-agi,ec-dom-agi-n10-run01,fc215192-84be-4fcc-b9f6-f95ffdcf19a8,agent_beta,39.38,2,0,testing,0.81463,-0.172486,-0.076035,0.774257,0.81463,0.799193,0.806049,0.805193
n10,dom-agi,ec-dom-agi-n10-run01,623fd2c0-db3d-43cc-926a-23ffeb8dab66,agent_eta,39.985,2,0,testing,0.639832,-0.013598,-0.061952,0.635633,0.639832,0.636313,0.612432,0.638785
n10,dom-agi,ec-dom-agi-n10-run01,a41032fa-5d40-4388-989e-73885ef4c12d,agent_epsilon,40.384,2,0,testing,0.761365,-0.046984,-0.086393,0.706033,0.761365,0.75721,0.739387,0.746797
n10,dom-agi,ec-dom-agi-n10-run01,ed4abfa5-6b23-4d31-8dcf-d2192af91b3c,agent_delta,40.705,2,0,ownership,0.70266,0.230178,-0.100302,0.674236,0.701828,0.70266,0.67408,0.699464
n10,dom-agi,ec-dom-agi-n10-run01,c17c0625-435a-4018-98f9-33bb4a273752,agent_iota,40.875,2,0,risk,0.727914,0.202674,-0.217001,0.717274,0.716415,0.704573,0.700794,0.727914
n10,dom-agi,ec-dom-agi-n10-run01,83f68d77-b3e9-4afa-9766-8d3d1f6a2293,agent_alpha,40.968,2,0,testing,0.731968,-0.409204,-0.189354,0.657573,0.731968,0.719146,0.707532,0.700876
n10,dom-agi,ec-dom-agi-n10-run01,f443aa52-500c-4d4c-9e81-1aeaaff17f9d,agent_zeta,41.346,2,0,ownership,0.682196,0.835986,0.446871,0.630171,0.619431,0.682196,0.619664,0.624064
n10,dom-agi,ec-dom-agi-n10-run01,7fef4513-a77d-4762-9542-3cf02af8f983,agent_eta,41.437,2,0,evidence,0.629019,-0.28677,0.283779,0.629019,0.599227,0.610793,0.599006,0.61842
n10,dom-agi,ec-dom-agi-n10-run01,3a14dba9-e849-4e4c-b31a-a3ffcb388c7e,agent_kappa,41.529,2,0,time,0.670485,0.158893,0.3423,0.66289,0.635163,0.652823,0.670485,0.66806
n10,dom-agi,ec-dom-agi-n10-run01,fcd9e51a-67de-4053-91f8-24e65e7900bb,agent_beta,41.868,2,0,evidence,0.776607,-0.843486,0.54569,0.776607,0.696929,0.692204,0.674519,0.720375
n10,dom-agi,ec-dom-agi-n10-run01,c826ddad-b61d-438f-9728-d5eadc77f369,agent_alpha,42.627,2,0,risk,0.792352,0.372675,-0.176417,0.732995,0.783991,0.780908,0.778809,0.792352
n10,dom-agi,ec-dom-agi-n10-run01,9e864edc-2cfd-47d8-8980-0c422640ae09,agent_iota,42.662,2,0,evidence,0.728799,-0.839564,0.548077,0.728799,0.664914,0.675724,0.664929,0.650473
n10,dom-agi,ec-dom-agi-n10-run01,0eb338dc-95c9-40e4-b2c5-133565ffe19d,agent_zeta,43.395,2,0,ownership,0.628504,0.249708,0.479491,0.622398,0.575632,0.628504,0.567163,0.575465
n10,dom-agi,ec-dom-agi-n10-run01,3ac05f72-b438-4fb3-af59-1550d9ab5af9,agent_theta,43.443,2,0,risk,0.66007,0.10511,-0.109406,0.65271,0.658522,0.656711,0.618557,0.66007
n10,dom-agi,ec-dom-agi-n10-run01,2add90fd-af48-478b-9190-5726e3094466,agent_beta,43.767,2,0,testing,0.819911,-0.747437,-0.02409,0.812917,0.819911,0.771364,0.800961,0.779728
n10,dom-agi,ec-dom-agi-n10-run01,c9d2f456-eff8-4254-bce8-c3166f1cb415,agent_eta,43.783,2,0,evidence,0.629768,0.001781,0.128371,0.629768,0.620605,0.622355,0.619265,0.629043
n10,dom-agi,ec-dom-agi-n10-run01,40e4f22b-6b2a-4e40-aeb6-4eebf673ef67,agent_delta,43.829,2,0,time,0.697065,0.104829,0.407782,0.624171,0.691785,0.695117,0.697065,0.671066
n10,dom-agi,ec-dom-agi-n10-run01,08694ff1-f9d5-406b-8756-495c7ab05087,agent_epsilon,44.509,2,0,evidence,0.763341,-0.740775,0.470727,0.763341,0.742096,0.725217,0.7394,0.71934
n10,dom-agi,ec-dom-agi-n10-run01,cb985bee-90dc-461d-8642-4fba3e824af7,agent_theta,44.664,2,0,time,0.844852,-0.057223,0.218236,0.795002,0.843198,0.834565,0.844852,0.833646
n10,dom-agi,ec-dom-agi-n10-run01,86eec3c9-9501-4298-a0ab-bea20851d7a0,agent_kappa,44.752,2,0,time,0.717646,0.213957,0.404926,0.694444,0.684588,0.67028,0.717646,0.711728
n10,dom-agi,ec-dom-agi-n10-run01,4a560666-63cf-4dfa-83a4-f616d0e0d050,agent_iota,45.238,3,0,evidence,0.719568,-0.84811,0.548766,0.719568,0.636078,0.633532,0.619442,0.649521
n10,dom-agi,ec-dom-agi-n10-run01,f9a4837c-040f-4df4-ba69-c51e8b6af46b,agent_gamma,45.433,3,0,evidence,0.694148,-0.141147,0.181032,0.694148,0.660416,0.654543,0.678039,0.69047
n10,dom-agi,ec-dom-agi-n10-run01,9bb09d88-c08f-4f36-96fc-41068f303e8b,agent_eta,45.72,3,0,evidence,0.608672,-0.377924,0.362335,0.608672,0.576539,0.591597,0.57452,0.592992
n10,dom-agi,ec-dom-agi-n10-run01,7f719743-20cf-489b-9f92-1f7c36a75842,agent_zeta,45.798,3,0,ownership,0.619595,0.647238,0.54584,0.537969,0.576634,0.619595,0.606953,0.565195
n10,dom-agi,ec-dom-agi-n10-run01,dc8d1869-7ae1-4455-95fa-656272ddd462,agent_beta,45.89,3,0,evidence,0.698311,-0.84634,0.547766,0.698311,0.613463,0.614198,0.608409,0.635512
n10,dom-agi,ec-dom-agi-n10-run01,523c5fcf-6d22-4b6f-bf66-2d7930e1c2da,agent_theta,45.966,3,0,ownership,0.744634,0.245153,0.103476,0.709217,0.739042,0.744634,0.707472,0.721344
n10,dom-agi,ec-dom-agi-n10-run01,cd723e02-7a51-4bb6-a649-feb1c8edba7f,agent_alpha,46.135,3,0,ownership,0.799918,0.330234,0.069845,0.760726,0.793777,0.799918,0.779217,0.789534
n10,dom-agi,ec-dom-agi-n10-run01,de41247f-d1f6-4ab7-89f1-ff3b08107984,agent_delta,46.459,3,0,time,0.658481,0.07118,0.839541,0.561677,0.624916,0.637187,0.658481,0.615649
n10,dom-agi,ec-dom-agi-n10-run01,43621b85-7b8d-42f0-aefa-67fb721f89ac,agent_eta,46.769,3,0,ownership,0.60034,0.398764,-0.019559,0.584485,0.592353,0.60034,0.574584,0.599053
n10,dom-agi,ec-dom-agi-n10-run01,f57632e9-3680-4c38-823e-4e32a4822236,agent_kappa,46.825,3,0,time,0.716795,0.219768,0.514339,0.68243,0.6673,0.672656,0.716795,0.707713
n10,dom-agi,ec-dom-agi-n10-run01,e88aaa2a-e847-43c1-bc4e-cdd15a1f86a3,agent_gamma,46.873,3,0,risk,0.648192,0.712136,-0.340805,0.609355,0.58971,0.599149,0.628783,0.648192
n10,dom-agi,ec-dom-agi-n10-run01,46044cfc-07a4-4339-852c-ac43a354f056,agent_theta,47.043,3,0,testing,0.692533,-0.109437,-0.320736,0.625846,0.692533,0.67882,0.660283,0.685888
n10,dom-agi,ec-dom-agi-n10-run01,8fb31fdc-aed3-46ad-b989-42cf4cc346d8,agent_zeta,47.647,3,0,ownership,0.689636,0.740943,0.410187,0.662221,0.636464,0.689636,0.637646,0.659591
n10,dom-agi,ec-dom-agi-n10-run01,f03dc6ba-1180-4c08-924e-e7a2eeda5563,agent_alpha,47.68,3,0,time,0.706087,0.357761,0.548037,0.665529,0.683582,0.704244,0.706087,0.689795
n10,dom-agi,ec-dom-agi-n10-run01,f2f2d25c-8ad5-4dfc-b114-407fcbc606ef,agent_epsilon,47.747,3,0,testing,0.790152,-0.471363,-0.176885,0.712201,0.790152,0.775762,0.768364,0.743178
n10,dom-agi,ec-dom-agi-n10-run01,1127f6c4-f39e-465d-bc2f-892990cba172,agent_eta,48.016,3,0,risk,0.610232,0.132672,0.051992,0.606782,0.587085,0.591555,0.596927,0.610232
n10,dom-agi,ec-dom-agi-n10-run01,55a8e6c7-5738-4f9d-8fe9-8a6a09999ed1,agent_delta,48.032,3,0,ownership,0.711454,0.610316,0.457972,0.65421,0.686198,0.711454,0.695391,0.67142
n10,dom-agi,ec-dom-agi-n10-run01,510d3e0a-3099-497f-a5cd-dc319a896326,agent_theta,48.069,3,0,ownership,0.747785,0.425815,0.180476,0.655954,0.73741,0.747785,0.719387,0.72697
n10,dom-agi,ec-dom-agi-n10-run01,5c90a729-19c6-48d0-99ef-92ee778db3fd,agent_gamma,48.251,3,0,evidence,0.691791,-0.7716,0.513549,0.691791,0.634982,0.647103,0.642721,0.657839
n10,dom-agi,ec-dom-agi-n10-run01,0a04d32c-32f2-4259-a398-f234f99a4242,agent_beta,48.292,3,0,evidence,0.738815,-0.843676,0.546104,0.738815,0.65851,0.662781,0.632797,0.681444
n10,dom-agi,ec-dom-agi-n10-run01,a9d917b0-06d5-4520-9592-d17f46f2f5bb,agent_iota,48.789,3,0,evidence,0.706176,-0.708273,0.462563,0.706176,0.679141,0.679606,0.643414,0.66969
n10,dom-agi,ec-dom-agi-n10-run01,68e81f00-9c67-45d7-b6f8-96afab4119f0,agent_kappa,48.818,3,0,time,0.765832,0.020146,0.895708,0.707259,0.723794,0.730384,0.765832,0.723189
n10,dom-agi,ec-dom-agi-n10-run01,ac3bd6aa-4b00-4471-814b-40eb0789ee5f,agent_alpha,49.088,3,0,ownership,0.763955,0.335335,0.174373,0.714382,0.755848,0.763955,0.740249,0.741027
n10,dom-agi,ec-dom-agi-n10-run01,cbdae6c0-fb9c-4a09-8108-bdee0b4e87f2,agent_theta,49.202,3,0,time,0.791868,-0.091683,0.699218,0.711409,0.775064,0.756621,0.791868,0.754342
n10,dom-agi,ec-dom-agi-n10-run01,4f3f5d76-b167-487e-8381-5061ec65f342,agent_delta,49.496,3,0,time,0.672966,0.07102,0.758617,0.583197,0.648632,0.655242,0.672966,0.636124
n10,dom-agi,ec-dom-agi-n10-run01,60fe9c93-c63a-4b54-baf1-4b834dbd47de,agent_eta,49.522,3,0,risk,0.6696,0.113004,0.19371,0.664968,0.657747,0.659064,0.667724,0.6696
n10,dom-agi,ec-dom-agi-n10-run01,00347cd0-320f-47e1-888e-5d813e62c77d,agent_kappa,49.864,3,0,risk,0.768958,0.800173,-0.45768,0.697707,0.703178,0.723164,0.740551,0.768958
n10,dom-agi,ec-dom-agi-n10-run01,043e0a66-177a-42ec-9bf1-d2f82d0efba3,agent_iota,50.426,3,0,ownership,0.700378,0.434127,0.278877,0.687036,0.679218,0.700378,0.648176,0.683823
n10,dom-agi,ec-dom-agi-n10-run01,e47e555c-708c-4b64-b49b-266c485a6074,agent_zeta,50.428,3,0,evidence,0.574264,-0.115236,0.202759,0.574264,0.540216,0.559939,0.540204,0.568172
n10,dom-agi,ec-dom-agi-n10-run01,d31e3a6b-ccb5-405b-811b-0941f3015671,agent_gamma,50.479,3,0,evidence,0.641942,-0.358985,0.35802,0.641942,0.605839,0.622158,0.616886,0.628261
n10,dom-agi,ec-dom-agi-n10-run01,ffb73950-a14b-4780-ad2c-7ea35c9121bc,agent_eta,50.705,3,0,risk,0.642899,0.243716,-0.243596,0.605156,0.636267,0.618134,0.63023,0.642899
n10,dom-agi,ec-dom-agi-n10-run01,681f188d-1bac-4ba6-b8aa-3be2f6918f1e,agent_kappa,50.76,3,0,time,0.708943,-0.05572,0.401651,0.70841,0.664878,0.681491,0.708943,0.705607
n10,dom-agi,ec-dom-agi-n10-run01,8875faf1-e807-45b2-81a6-57d7a6e2fb4b,agent_beta,50.799,3,0,risk,0.75475,0.493584,-0.304654,0.741113,0.702871,0.707042,0.713945,0.75475
n10,dom-agi,ec-dom-agi-n10-run01,86cc2e29-9568-4484-9fd3-f970060b5e8a,agent_theta,50.83,3,0,evidence,0.613401,-0.475411,0.52913,0.613401,0.584679,0.597368,0.596925,0.577762
n10,dom-agi,ec-dom-agi-n10-run01,55c13b11-8a07-416c-acdd-4634a8392c68,agent_alpha,51.079,3,0,risk,0.717652,0.175828,-0.382168,0.685391,0.714489,0.700283,0.680892,0.717652
n10,dom-agi,ec-dom-agi-n10-run01,44f985e5-6c73-416f-b59c-9633d76a7316,agent_epsilon,51.359,3,0,testing,0.809142,-0.799938,-0.379122,0.748029,0.809142,0.753975,0.779098,0.748633
n10,dom-agi,ec-dom-agi-n10-run01,554238da-e7ae-4aa9-bba2-4caab807c575,agent_zeta,51.42,3,0,risk,0.749667,0.59541,-0.025634,0.7312,0.728639,0.747668,0.726471,0.749667
n10,dom-agi,ec-dom-agi-n10-run01,c3b2d298-4a61-40d6-9f41-10842678310e,agent_delta,51.499,3,0,testing,0.749081,-0.364255,-0.015506,0.704359,0.749081,0.72917,0.741118,0.72889
n10,dom-agi,ec-dom-agi-n10-run01,c797fbc6-8abd-4806-951e-b29100c6ef56,agent_kappa,51.782,3,0,time,0.70288,0.0207,0.80388,0.669009,0.671529,0.674859,0.70288,0.671966
n10,dom-agi,ec-dom-agi-n10-run01,3e6eefd7-03fe-4887-93c3-51b4160ee061,agent_iota,51.916,3,0,testing,0.828917,-0.612503,-0.299391,0.800044,0.828917,0.799786,0.802017,0.804693
n10,dom-agi,ec-dom-agi-n10-run01,130f15d2-75e6-45ed-b18b-22d98439da6d,agent_theta,52.18,3,0,testing,0.792218,-0.153221,-0.073863,0.741283,0.792218,0.785937,0.77366,0.772651
n10,dom-agi,ec-dom-agi-n10-run01,29d0e152-4fec-4d74-bf70-362b88734002,agent_zeta,52.339,3,0,ownership,0.537199,0.831422,0.447546,0.464657,0.481782,0.537199,0.493857,0.485368
n10,dom-agi,ec-dom-agi-n10-run01,8db1c149-e95a-4c99-9132-9569a7021f25,agent_eta,52.62,3,0,ownership,0.594326,0.195733,0.187117,0.591488,0.584168,0.594326,0.587393,0.593619
n10,dom-agi,ec-dom-agi-n10-run01,a59fc103-aa4a-4816-8686-dbda70e91874,agent_kappa,52.73,3,0,time,0.684348,0.025195,0.867705,0.644381,0.627847,0.630134,0.684348,0.654261
n10,dom-agi,ec-dom-agi-n10-run01,2b87281f-0117-4bbe-8643-6d1e8278f772,agent_gamma,52.816,3,0,risk,0.708784,0.203002,0.021466,0.702242,0.680683,0.678229,0.697647,0.708784
n10,dom-agi,ec-dom-agi-n10-run01,d9da373f-c99a-4039-98ea-918647f9df35,agent_alpha,52.93,3,0,testing,0.792562,-0.244139,-0.350953,0.740731,0.792562,0.774257,0.758468,0.783123
n10,dom-agi,ec-dom-agi-n10-run01,feab86b0-29c0-4b7e-8e8c-cd7d742a1a76,agent_beta,53.15,3,0,evidence,0.71002,-0.560082,0.368413,0.71002,0.688518,0.688911,0.653779,0.68767
n10,dom-agi,ec-dom-agi-n10-run01,4c1d3ddb-a0b1-4aa1-8d5e-2360c7472aae,agent_theta,53.382,3,0,time,0.782779,-0.044604,0.746492,0.725655,0.762314,0.751015,0.782779,0.746912
n10,dom-agi,ec-dom-agi-n10-run01,659b7c49-e141-4555-b7aa-2c6b04edec4d,agent_zeta,53.403,3,0,ownership,0.477883,0.419507,0.427035,0.452876,0.459189,0.477883,0.46995,0.458042
n10,dom-agi,ec-dom-agi-n10-run01,94bcceb9-9066-4f90-9d09-e36c464b9116,agent_iota,53.442,3,0,testing,0.766949,-0.744075,-0.083477,0.754824,0.766949,0.71396,0.749257,0.702839
n10,dom-agi,ec-dom-agi-n10-run01,4a7ed5fb-b6fe-41c6-9c4d-861fb6dbcd4b,agent_epsilon,53.496,3,0,time,0.677571,0.094111,0.362335,0.624909,0.671847,0.672983,0.677571,0.661655
n10,dom-agi,ec-dom-agi-n10-run01,682efe07-6860-4266-a25d-98faa18a5b2d,agent_delta,53.788,3,0,time,0.78552,-0.076804,0.754735,0.714001,0.76573,0.743227,0.78552,0.745631
n10,dom-agi,ec-dom-agi-n10-run01,9d60d1e4-db8e-476a-899d-4456005b62a0,agent_kappa,53.887,3,0,time,0.574374,0.040507,0.682304,0.560648,0.530392,0.558364,0.574374,0.554763
n10,dom-agi,ec-dom-agi-n10-run01,4ea083ea-7293-4d1b-97b9-a3a9ba015fdd,agent_eta,53.89,3,0,risk,0.629892,0.675543,-0.311348,0.602698,0.595465,0.609353,0.603344,0.629892
n10,dom-agi,ec-dom-agi-n10-run01,092236cc-b2eb-4af2-8730-6e62c3f98dcb,agent_zeta,54.352,3,0,ownership,0.632943,0.837672,0.45291,0.566872,0.567257,0.632943,0.586029,0.557179
n10,dom-agi,ec-dom-agi-n10-run01,639133ac-33ca-4495-9936-b4177bfc72a3,agent_alpha,54.546,3,0,ownership,0.689763,0.205621,0.123776,0.681067,0.681319,0.689763,0.641671,0.680431
n10,dom-agi,ec-dom-agi-n10-run01,7f1b0980-f454-4ce9-b7e0-0387a747feea,agent_beta,54.691,3,0,evidence,0.795897,-0.770131,0.471553,0.795897,0.765869,0.751512,0.748415,0.762602
n10,dom-agi,ec-dom-agi-n10-run01,18ea05c1-50a3-4766-8350-89b1b9e0ff40,agent_kappa,54.839,3,0,time,0.630527,0.093101,0.741892,0.596947,0.596108,0.607812,0.630527,0.607805
n10,dom-agi,ec-dom-agi-n10-run01,e03f7aa7-6515-4a27-8b58-40ccd08cc938,agent_iota,55.029,3,0,evidence,0.724517,-0.152019,0.36274,0.724517,0.703287,0.719533,0.685327,0.706766
n10,dom-agi,ec-dom-agi-n10-run01,12689a84-7082-4cb8-8648-7893f3780709,agent_eta,55.089,3,0,evidence,0.560801,-0.425846,0.42711,0.560801,0.542414,0.535218,0.550906,0.543861
n10,dom-agi,ec-dom-agi-n10-run01,eafbf04f-b3e4-41bd-9fe7-4f715cb53184,agent_epsilon,55.141,3,0,testing,0.696771,-0.455935,-0.027402,0.635206,0.696771,0.673396,0.688007,0.668716
n10,dom-agi,ec-dom-agi-n10-run01,1aa4e62f-8d8d-45df-9b84-b4595038d3cb,agent_delta,55.374,3,0,testing,0.759181,-0.720551,-0.370142,0.702606,0.759181,0.732466,0.717799,0.708423
n10,dom-agi,ec-dom-agi-n10-run01,901a48ac-744d-4529-a0b0-c5da3a07afa8,agent_theta,55.392,3,0,time,0.68973,0.167828,0.443791,0.642658,0.676095,0.679473,0.68973,0.677091
n10,dom-agi,ec-dom-agi-n10-run01,c9991978-8c95-4bb4-bf32-abdafa2413cb,agent_zeta,55.398,3,0,evidence,0.481748,-0.197363,0.422127,0.481748,0.44222,0.468437,0.470973,0.469931
n10,dom-agi,ec-dom-agi-n10-run01,b3bb17fb-feb4-48d7-a610-859804a77e83,agent_gamma,55.565,3,0,time,0.681474,-0.026589,0.287616,0.671489,0.670761,0.645579,0.681474,0.67653
n10,dom-agi,ec-dom-agi-n10-run01,42356387-2a57-46af-9a2b-cae4c2e4f51b,agent_kappa,55.908,3,0,time,0.741993,0.184662,0.610144,0.69201,0.699209,0.708305,0.741993,0.72909
n10,dom-agi,ec-dom-agi-n10-run01,d53ab771-0b17-4741-801c-e950ccb25be0,agent_eta,56.443,3,0,ownership,0.578311,0.56003,-0.057507,0.551723,0.566749,0.578311,0.546342,0.577795
n10,dom-agi,ec-dom-agi-n10-run01,10c78e3a-080d-4e56-be7c-0394088502d2,agent_zeta,56.74,3,0,ownership,0.49073,0.75345,0.450284,0.427865,0.453058,0.49073,0.465122,0.45038
n10,dom-agi,ec-dom-agi-n10-run01,40a68410-3ba8-4383-8e4b-a7b6e6d1b47b,agent_gamma,56.798,3,0,evidence,0.763374,-0.170511,0.166865,0.763374,0.723454,0.738625,0.7294,0.75807
n10,dom-agi,ec-dom-agi-n10-run01,8927abe8-0369-44f5-b1b5-66995c98c998,agent_theta,56.822,3,0,ownership,0.704404,0.672748,0.040803,0.662319,0.683854,0.704404,0.686348,0.702802
n10,dom-agi,ec-dom-agi-n10-run01,4964523a-42ed-497e-8a35-6a5b6ace1e3e,agent_epsilon,56.91,3,0,evidence,0.757472,-0.362258,0.165404,0.757472,0.754745,0.747217,0.74289,0.744761
n10,dom-agi,ec-dom-agi-n10-run01,89d55d84-ed27-46b4-a4d1-dad7f131ee18,agent_kappa,56.936,3,0,risk,0.67379,0.313651,0.019462,0.663835,0.617956,0.640536,0.664285,0.67379
n10,dom-agi,ec-dom-agi-n10-run01,cbafd3b5-c063-4227-a30a-1df4092df7be,agent_delta,56.949,3,0,testing,0.75378,-0.132914,-0.035999,0.724263,0.75378,0.740648,0.746487,0.745422
n10,dom-agi,ec-dom-agi-n10-run01,25609253-82ae-46a3-8b6f-7844c05876d5,agent_iota,57.101,3,0,evidence,0.772515,-0.849369,0.54977,0.772515,0.678404,0.689458,0.660339,0.68201
n10,dom-tech,ec-dom-tech-n10-run01,0a99771b-07dc-4ebb-b792-2d73c80d7842,agent_beta,0.0,0,0,evidence,0.717386,-0.845942,0.549705,0.717386,0.640181,0.648105,0.654718,0.640693
n10,dom-tech,ec-dom-tech-n10-run01,d203e31c-c613-47c1-95b2-608cfe7ef9c9,agent_delta,0.194,0,0,time,0.624485,0.395658,0.568065,0.550268,0.598897,0.623537,0.624485,0.607059
n10,dom-tech,ec-dom-tech-n10-run01,b126f82e-9a4e-4851-8ffd-b196e6804bcb,agent_zeta,0.54,0,0,ownership,0.540746,0.474853,0.599469,0.459497,0.502352,0.540746,0.538575,0.517286
n10,dom-tech,ec-dom-tech-n10-run01,5ddd9f02-a893-4aa9-afd0-d1cf204d79c8,agent_kappa,0.664,0,0,time,0.687666,0.258644,0.750849,0.629906,0.640013,0.678726,0.687666,0.657741
n10,dom-tech,ec-dom-tech-n10-run01,ccc123ae-216d-40d8-96bf-4362b8b6486b,agent_alpha,0.735,0,0,ownership,0.610863,0.490287,0.058672,0.561511,0.600604,0.610863,0.590526,0.604715
n10,dom-tech,ec-dom-tech-n10-run01,170e815b-f06a-40be-849e-92cc604058e8,agent_theta,0.799,0,0,evidence,0.769239,-0.84229,0.546511,0.769239,0.710274,0.709113,0.706633,0.701735
n10,dom-tech,ec-dom-tech-n10-run01,eb892a4f-29c5-4267-81f4-3d3c241d3030,agent_gamma,0.949,0,0,time,0.666897,0.445234,0.446893,0.628236,0.620236,0.66328,0.666897,0.659976
n10,dom-tech,ec-dom-tech-n10-run01,450aa554-50e9-42b9-aa16-2d20f27df625,agent_iota,1.411,0,0,evidence,0.780935,-0.849111,0.549639,0.780935,0.68827,0.697978,0.684189,0.697678
n10,dom-tech,ec-dom-tech-n10-run01,f6a77653-a801-46ba-a36a-f193a5cf82e5,agent_epsilon,1.601,0,0,ownership,0.572465,0.434943,0.583801,0.480173,0.541792,0.572465,0.572045,0.553444
n10,dom-tech,ec-dom-tech-n10-run01,c778cbc2-ef2f-4951-b840-c6014cbd5f20,agent_beta,1.778,0,0,evidence,0.688527,-0.399583,0.321679,0.688527,0.649798,0.643552,0.666206,0.677211
n10,dom-tech,ec-dom-tech-n10-run01,20bfc9cd-d697-4f4a-93c5-66f6e9dfdcf2,agent_alpha,1.8,0,0,risk,0.708597,0.650774,-0.302646,0.672101,0.689047,0.696726,0.665252,0.708597
n10,dom-tech,ec-dom-tech-n10-run01,503c100a-7147-4fd7-bdbb-b75ec1401ba3,agent_zeta,2.179,0,0,ownership,0.571755,0.663524,0.409225,0.485753,0.543274,0.571755,0.554223,0.547482
n10,dom-tech,ec-dom-tech-n10-run01,71825c21-98c4-4878-8410-0cd5e9a82d84,agent_eta,2.309,0,0,ownership,0.488071,0.118006,0.313554,0.483538,0.480419,0.488071,0.487335,0.483052
n10,dom-tech,ec-dom-tech-n10-run01,c6458bcd-9c4d-4060-ac4f-06c37e653f09,agent_delta,2.412,0,0,time,0.725346,0.123557,0.516372,0.670249,0.715153,0.72053,0.725346,0.693475
n10,dom-tech,ec-dom-tech-n10-run01,05124104-08c8-487c-9090-a16f1124231e,agent_theta,2.516,0,0,risk,0.805826,0.503652,0.160093,0.752042,0.777072,0.796536,0.803536,0.805826
n10,dom-tech,ec-dom-tech-n10-run01,15da2527-0c57-4aad-9f78-6c81d3429d44,agent_kappa,2.778,0,0,time,0.742786,0.067147,0.793333,0.709186,0.706768,0.71961,0.742786,0.714637
n10,dom-tech,ec-dom-tech-n10-run01,e6a73fc3-5385-486a-a0c2-17aa33f8f8d2,agent_iota,2.886,0,0,evidence,0.694101,-0.838464,0.544246,0.694101,0.625585,0.634374,0.611047,0.639301
n10,dom-tech,ec-dom-tech-n10-run01,0bddf4f1-9b3f-4a41-98e3-a619f7e0ba58,agent_epsilon,3.01,0,0,testing,0.805038,-0.387733,-0.211212,0.742104,0.805038,0.787679,0.78595,0.786165
n10,dom-tech,ec-dom-tech-n10-run01,ed2c7741-e528-4900-a452-c9997bec7dee,agent_alpha,3.05,0,0,time,0.629416,0.082189,0.620058,0.605303,0.599606,0.600483,0.629416,0.614372
n10,dom-tech,ec-dom-tech-n10-run01,03512e45-c77f-4de0-a299-464c2d290bb9,agent_gamma,3.256,0,0,risk,0.730746,0.357826,0.094775,0.720155,0.683526,0.715759,0.723453,0.730746
n10,dom-tech,ec-dom-tech-n10-run01,7d952e32-a7cf-4a91-bc67-497bb3e24368,agent_zeta,3.445,0,0,ownership,0.726267,0.577508,0.461157,0.666355,0.701986,0.726267,0.71301,0.693597
n10,dom-tech,ec-dom-tech-n10-run01,69cbd97e-c01b-4021-9b1c-b6a7336b92a9,agent_beta,3.74,0,0,evidence,0.644613,-0.771524,0.505685,0.644613,0.607888,0.606062,0.600234,0.606816
n10,dom-tech,ec-dom-tech-n10-run01,b3235d3c-88cd-4e82-ad1b-87a2f45661d6,agent_delta,3.791,0,0,testing,0.741376,-0.144137,-0.041148,0.676073,0.741376,0.732219,0.730793,0.727925
n10,dom-tech,ec-dom-tech-n10-run01,549bc646-aeb0-4916-8679-dce143165f44,agent_kappa,3.994,0,0,risk,0.789173,0.478251,0.134647,0.738135,0.746266,0.766781,0.787007,0.789173
n10,dom-tech,ec-dom-tech-n10-run01,98a42edc-ed9f-43cd-bb82-c53b192f750f,agent_gamma,4.239,0,0,ownership,0.657338,0.485179,0.540167,0.592188,0.626469,0.657338,0.654291,0.638567
n10,dom-tech,ec-dom-tech-n10-run01,69c9a7bd-31df-4c8d-81f8-45b40eaa0575,agent_iota,4.271,0,0,evidence,0.729523,-0.837129,0.542647,0.729523,0.662492,0.664555,0.657437,0.67796
n10,dom-tech,ec-dom-tech-n10-run01,6c9d1656-a39b-4275-839f-26040116b0e0,agent_theta,4.428,0,0,testing,0.745303,-0.07255,-0.016745,0.674142,0.745303,0.73879,0.735032,0.733057
n10,dom-tech,ec-dom-tech-n10-run01,8de364c2-3d3d-46af-b9f8-408190dbeb81,agent_epsilon,4.486,0,0,ownership,0.745318,0.514048,0.314331,0.719833,0.727298,0.745318,0.71662,0.719296
n10,dom-tech,ec-dom-tech-n10-run01,6571e7ca-244d-4ed4-ac70-7d420125a835,agent_alpha,4.522,0,0,ownership,0.619238,0.429828,0.629266,0.577258,0.587459,0.619238,0.617578,0.586852
n10,dom-tech,ec-dom-tech-n10-run01,9be5ea78-0e35-4969-b2a6-d574ac040b1a,agent_zeta,4.61,0,0,ownership,0.645862,0.773365,0.146179,0.589262,0.616858,0.645862,0.605152,0.636971
n10,dom-tech,ec-dom-tech-n10-run01,02232d76-9977-43b5-97cf-3946d221d861,agent_beta,4.789,0,0,evidence,0.748696,-0.593219,0.504499,0.748696,0.716507,0.722117,0.728591,0.720545
n10,dom-tech,ec-dom-tech-n10-run01,6a1b8025-0427-477a-8afb-d5cfea3e542d,agent_kappa,5.071,0,1,risk,0.732017,0.675558,0.103306,0.692693,0.69107,0.730878,0.723022,0.732017
n10,dom-tech,ec-dom-tech-n10-run01,68db2de8-1004-4ccf-beb0-eac6a6c84037,agent_gamma,5.419,0,0,evidence,0.772554,-0.836449,0.547707,0.772554,0.699891,0.721314,0.706475,0.706974
n10,dom-tech,ec-dom-tech-n10-run01,97151996-3a4a-45e0-82e7-8fc6ec6d0c2e,agent_delta,5.783,0,0,ownership,0.691847,0.657044,0.446171,0.612897,0.664766,0.691847,0.672534,0.651231
n10,dom-tech,ec-dom-tech-n10-run01,3e0e3cad-cf44-4a29-bfb7-b3089aed131f,agent_epsilon,5.956,0,0,testing,0.718432,-0.46647,-0.220753,0.678928,0.718432,0.704978,0.686291,0.680383
n10,dom-tech,ec-dom-tech-n10-run01,31b1d375-7d6a-4c51-bfde-6359f5377ace,agent_iota,6.102,0,0,evidence,0.666229,-0.848638,0.549645,0.666229,0.578576,0.587139,0.586133,0.584004
n10,dom-tech,ec-dom-tech-n10-run01,b15b3364-8189-47e9-9ae6-5e1d9319fc63,agent_zeta,6.147,0,0,evidence,0.70022,-0.226086,0.29743,0.70022,0.685462,0.692679,0.672411,0.685473
n10,dom-tech,ec-dom-tech-n10-run01,007253d2-a212-4b57-8626-49def3f28300,agent_alpha,6.165,0,0,risk,0.733925,0.543541,0.02184,0.660024,0.683844,0.707646,0.728578,0.733925
n10,dom-tech,ec-dom-tech-n10-run01,0803e2db-ff66-4e7f-973a-3df02b542772,agent_beta,6.587,0,0,evidence,0.77232,-0.799431,0.540007,0.77232,0.735002,0.721348,0.741214,0.716261
n10,dom-tech,ec-dom-tech-n10-run01,065c286b-0690-46b3-bc83-79139e487251,agent_gamma,6.606,0,0,risk,0.73335,0.388648,0.099938,0.712428,0.701598,0.701431,0.729916,0.73335
n10,dom-tech,ec-dom-tech-n10-run01,e381501c-16fe-4e51-8835-a3b638d0fb74,agent_kappa,6.783,0,0,time,0.779612,0.204316,0.628765,0.727777,0.728479,0.754488,0.779612,0.765921
n10,dom-tech,ec-dom-tech-n10-run01,e3722f4e-8968-401c-9238-28ea3873f5af,agent_theta,6.945,0,0,ownership,0.669318,0.586699,0.434894,0.628516,0.645426,0.669318,0.65326,0.637104
n10,dom-tech,ec-dom-tech-n10-run01,05b9e907-9bf3-4e55-b968-ebc69bf33350,agent_epsilon,7.27,0,0,testing,0.817291,-0.718816,-0.345969,0.757436,0.817291,0.781275,0.790099,0.780925
n10,dom-tech,ec-dom-tech-n10-run01,fc6cf677-ce2b-4b8b-ac9f-d0e2f1b6416c,agent_alpha,7.343,0,0,risk,0.702544,0.751115,-0.470843,0.669019,0.663498,0.663787,0.661699,0.702544
n10,dom-tech,ec-dom-tech-n10-run01,5a7c41d8-83b9-43e4-bdbb-8badd1868edb,agent_eta,7.599,0,0,evidence,0.583415,0.180914,0.147588,0.583415,0.556886,0.581024,0.529704,0.581944
n10,dom-tech,ec-dom-tech-n10-run01,9ec228b3-781b-49ad-bcdd-c5599b2a91c9,agent_zeta,7.756,0,0,risk,0.685846,0.553912,-0.138218,0.661751,0.649352,0.660836,0.673283,0.685846
n10,dom-tech,ec-dom-tech-n10-run01,6ae6d089-e55a-4312-9c48-9587b6ba0efc,agent_gamma,7.765,0,0,evidence,0.67922,-0.078605,0.407791,0.67922,0.642561,0.668043,0.67397,0.671773
n10,dom-tech,ec-dom-tech-n10-run01,9370df87-a0ab-4284-9de0-d0cdf95ca9e7,agent_beta,8.039,0,0,time,0.796281,-0.167728,0.394504,0.783866,0.78728,0.760392,0.796281,0.783328
n10,dom-tech,ec-dom-tech-n10-run01,713cfbf2-d07a-48ec-85c8-51c373bb057c,agent_iota,8.44,0,0,evidence,0.767609,-0.847314,0.548794,0.767609,0.692448,0.686634,0.696479,0.697171
n10,dom-tech,ec-dom-tech-n10-run01,4a802348-209a-4e66-8c6e-2817b99ab64e,agent_epsilon,8.481,0,0,time,0.680012,-0.016043,0.350879,0.620461,0.676444,0.674099,0.680012,0.657409
n10,dom-tech,ec-dom-tech-n10-run01,b91e0287-3abc-4fef-a62d-b316d73a0f6a,agent_eta,8.828,0,0,risk,0.611192,0.498318,-0.008012,0.598575,0.584831,0.605767,0.592608,0.611192
n10,dom-tech,ec-dom-tech-n10-run01,5d398998-0b3b-4d43-a07e-d6ee86c93fb0,agent_kappa,8.849,0,0,time,0.773106,0.17976,0.640094,0.713308,0.726122,0.741096,0.773106,0.759056
n10,dom-tech,ec-dom-tech-n10-run01,572bc27c-29c3-4a15-8928-fffff234749a,agent_beta,9.312,0,0,evidence,0.798358,-0.740196,0.444886,0.798358,0.771132,0.753876,0.756813,0.769278
n10,dom-tech,ec-dom-tech-n10-run01,646da6e7-18af-4fd1-b5f2-a6b3f314886c,agent_zeta,9.416,0,0,ownership,0.770262,0.628272,0.073445,0.708162,0.753729,0.770262,0.74807,0.765114
n10,dom-tech,ec-dom-tech-n10-run01,bf10be58-700b-4e3d-bff9-a4519a4efb9a,agent_epsilon,9.611,0,0,testing,0.754976,-0.746582,-0.3495,0.674877,0.754976,0.718037,0.727392,0.709201
n10,dom-tech,ec-dom-tech-n10-run01,84cd28c2-ae14-4bc4-8f41-38247ef5ae39,agent_gamma,9.847,0,0,risk,0.759859,0.233712,0.102605,0.755697,0.725647,0.748877,0.748034,0.759859
n10,dom-tech,ec-dom-tech-n10-run01,80bf52a1-785e-4fd6-a295-4c7fafbf927e,agent_iota,10.433,0,0,evidence,0.708708,-0.818017,0.532331,0.708708,0.648066,0.642923,0.654089,0.667197
n10,dom-tech,ec-dom-tech-n10-run01,4b0d17f8-9ad0-4d32-bedd-b8b88678496c,agent_kappa,10.455,0,0,time,0.76584,-0.289868,0.6649,0.762059,0.740247,0.729403,0.76584,0.742222
n10,dom-tech,ec-dom-tech-n10-run01,f6cdd29b-476b-4b91-9c68-cedc41a93336,agent_epsilon,10.566,0,0,risk,0.707328,0.325163,-0.351797,0.665955,0.700924,0.692952,0.67371,0.707328
n10,dom-tech,ec-dom-tech-n10-run01,2c4e44c7-0839-4007-be64-f26c7e516386,agent_eta,10.626,0,0,risk,0.665058,0.74961,-0.319501,0.61732,0.616611,0.642492,0.643265,0.665058
n10,dom-tech,ec-dom-tech-n10-run01,a6f4a147-45ab-4db7-bb65-45631cfb13d1,agent_theta,10.986,0,0,risk,0.693164,0.640488,-0.313867,0.665098,0.665595,0.672122,0.667741,0.693164
n10,dom-tech,ec-dom-tech-n10-run01,b28f5781-7f8b-4653-abc7-344911e52d15,agent_delta,11.041,0,0,time,0.693212,0.259021,0.534656,0.626006,0.675939,0.688093,0.693212,0.675769
n10,dom-tech,ec-dom-tech-n10-run01,283ee559-32ff-421d-9ff9-c52027a16d97,agent_beta,11.102,0,0,evidence,0.701206,-0.800842,0.565495,0.701206,0.636954,0.643992,0.671431,0.638269
n10,dom-tech,ec-dom-tech-n10-run01,e9ff6685-fb62-4bfb-bd46-fda81f5b1298,agent_zeta,11.239,0,0,testing,0.762805,-0.497741,-0.387453,0.679239,0.762805,0.7327,0.730554,0.746584
n10,dom-tech,ec-dom-tech-n10-run01,ebde0aaa-b216-417e-9e69-45017ed87d87,agent_gamma,11.539,0,0,time,0.821614,0.053337,0.484711,0.785876,0.808339,0.805212,0.821614,0.805788
n10,dom-tech,ec-dom-tech-n10-run01,86e7f3f2-9cc5-4fd2-b7ac-923f6248e163,agent_kappa,11.561,0,0,time,0.713822,-0.316943,0.622225,0.711158,0.695529,0.688254,0.713822,0.687808
n10,dom-tech,ec-dom-tech-n10-run01,207dd4e7-a6ec-4cb2-87ff-7fba473d1523,agent_eta,12.054,0,0,risk,0.585377,0.401571,-0.015367,0.578584,0.554582,0.579455,0.540256,0.585377
n10,dom-tech,ec-dom-tech-n10-run01,f978ccca-3ac6-4dff-80ff-b080483ebda1,agent_epsilon,12.087,0,0,testing,0.772045,-0.77458,-0.396226,0.706198,0.772045,0.735109,0.734942,0.725935
n10,dom-tech,ec-dom-tech-n10-run01,61766580-f5cd-4f8d-ba69-4f93ebcd5bfe,agent_alpha,12.412,0,0,time,0.670051,0.189546,0.715203,0.614998,0.638705,0.657121,0.670051,0.645683
n10,dom-tech,ec-dom-tech-n10-run01,482f8007-6a1a-4f9e-84ff-372f06de0d2f,agent_iota,12.594,0,0,evidence,0.715323,-0.84252,0.546321,0.715323,0.631224,0.649221,0.61526,0.657402
n10,dom-tech,ec-dom-tech-n10-run01,884adacc-02c3-4f48-9868-948566b48d8b,agent_zeta,12.635,0,0,risk,0.718629,0.423025,0.165758,0.695441,0.697736,0.710702,0.716368,0.718629
n10,dom-tech,ec-dom-tech-n10-run01,1dfd417b-19f5-4806-a734-cabd9a4f7580,agent_beta,13.13,0,0,evidence,0.790259,-0.810073,0.437359,0.790259,0.769944,0.740729,0.752818,0.742699
n10,dom-tech,ec-dom-tech-n10-run01,137051d7-258d-4975-898f-7b9b74fdcd45,agent_kappa,13.359,0,0,risk,0.631993,0.610584,0.092886,0.586561,0.591318,0.625665,0.625719,0.631993
n10,dom-tech,ec-dom-tech-n10-run01,1d847712-57af-47e6-af99-882f9021d1d6,agent_delta,13.366,0,0,risk,0.783753,0.445982,-0.219451,0.720892,0.768451,0.750413,0.771836,0.783753
n10,dom-tech,ec-dom-tech-n10-run01,87378c0c-0f52-461f-bcf5-89cbfddbe7d8,agent_eta,13.39,0,0,time,0.725464,0.077974,0.603209,0.649686,0.707285,0.707536,0.725464,0.705083
n10,dom-tech,ec-dom-tech-n10-run01,b8de907b-b434-4969-aa69-0b49bf653aee,agent_gamma,13.489,0,0,risk,0.768977,0.748961,-0.400307,0.728139,0.712712,0.723224,0.745188,0.768977
n10,dom-tech,ec-dom-tech-n10-run01,963fddf0-3fa2-4d8a-96a4-729de7662368,agent_alpha,14.066,0,0,testing,0.754487,-0.492394,0.068641,0.684305,0.754487,0.723553,0.748962,0.708622
n10,dom-tech,ec-dom-tech-n10-run01,dfa8a170-42f5-458b-ae11-1e257d6090fd,agent_zeta,14.196,0,0,risk,0.728803,0.507014,0.022349,0.642126,0.694444,0.69615,0.723952,0.728803
n10,dom-tech,ec-dom-tech-n10-run01,e6e07f5a-47fc-4186-894f-b98d2dcf1fd7,agent_kappa,14.559,0,0,time,0.750447,0.012186,0.863233,0.710356,0.710949,0.710902,0.750447,0.716596
n10,dom-tech,ec-dom-tech-n10-run01,c55320e5-eb07-4025-84cb-1d5cb0bafdeb,agent_beta,14.694,0,0,evidence,0.703858,-0.821702,0.553738,0.703858,0.637595,0.644327,0.665942,0.646609
n10,dom-tech,ec-dom-tech-n10-run01,182fba78-1865-43eb-881b-4063d72ad7be,agent_eta,14.936,0,0,ownership,0.589384,0.695316,0.048173,0.54858,0.569328,0.589384,0.550398,0.584349
n10,dom-tech,ec-dom-tech-n10-run01,8b196970-8343-40ce-919a-d63e88f72905,agent_alpha,15.204,1,0,evidence,0.634916,-0.695402,0.444841,0.634916,0.604466,0.600448,0.589191,0.608078
n10,dom-tech,ec-dom-tech-n10-run01,b59612d6-974f-4b33-9995-7dc1daee71b6,agent_zeta,15.562,1,0,ownership,0.713268,0.808687,0.243905,0.639131,0.674256,0.713268,0.674984,0.699855
n10,dom-tech,ec-dom-tech-n10-run01,ee6350bd-34c2-4f97-8489-46581097c483,agent_gamma,15.587,1,0,evidence,0.780328,-0.255295,0.557114,0.780328,0.747354,0.751669,0.779635,0.767794
n10,dom-tech,ec-dom-tech-n10-run01,b5b338c7-257f-4fea-bc0d-5b8d942f34d0,agent_theta,15.655,1,0,testing,0.755859,-0.397469,-0.283599,0.677792,0.755859,0.73771,0.730056,0.738481
n10,dom-tech,ec-dom-tech-n10-run01,f6a8a021-e64f-4b81-bca7-4e7751525add,agent_eta,15.889,1,0,risk,0.598297,0.491461,0.055265,0.548416,0.581409,0.591106,0.592536,0.598297
n10,dom-tech,ec-dom-tech-n10-run01,18f472bc-4b97-47ce-903e-5885fe37199d,agent_beta,16.126,1,0,evidence,0.766707,-0.838164,0.542162,0.766707,0.717989,0.701437,0.716082,0.706625
n10,dom-tech,ec-dom-tech-n10-run01,a223de43-857b-4ba2-a87f-c7325f6f8e73,agent_delta,16.14,1,0,time,0.733387,-0.004648,0.354468,0.659646,0.730584,0.729585,0.733387,0.70505
n10,dom-tech,ec-dom-tech-n10-run01,e4656ddb-4d16-4a21-b0c0-89cceab7a9ea,agent_alpha,16.634,1,0,risk,0.615043,0.795397,-0.256908,0.579965,0.57215,0.605288,0.560259,0.615043
n10,dom-tech,ec-dom-tech-n10-run01,9ed1f926-037f-4297-9fcc-f6b7daa1f347,agent_iota,16.816,1,0,ownership,0.739681,0.049155,0.008485,0.738239,0.7382,0.739681,0.694751,0.739071
n10,dom-tech,ec-dom-tech-n10-run01,10e1a2b6-85a5-4791-8afc-b992fc7a5561,agent_kappa,17.11,1,0,time,0.688554,-0.03003,0.842411,0.632658,0.660525,0.640103,0.688554,0.648373
n10,dom-tech,ec-dom-tech-n10-run01,d64c1e7c-1709-493d-9cd7-b82ef478541c,agent_eta,17.485,1,0,risk,0.611392,0.343395,0.07829,0.574973,0.598778,0.597592,0.608791,0.611392
n10,dom-tech,ec-dom-tech-n10-run01,9c3422f2-fe6b-4d4b-97c3-64cdcbffd3fc,agent_theta,17.67,1,0,risk,0.756099,0.177349,-0.212072,0.702096,0.754662,0.746768,0.741872,0.756099
n10,dom-tech,ec-dom-tech-n10-run01,1114ed65-52b7-4f60-b2df-ade2923f0471,agent_gamma,17.736,1,1,evidence,0.78731,-0.546139,0.380936,0.78731,0.739135,0.753364,0.74015,0.770292
n10,dom-tech,ec-dom-tech-n10-run01,44020877-8830-4ca5-980a-c203de6a7ee3,agent_alpha,17.795,1,0,testing,0.633641,0.22006,-0.185034,0.583188,0.633641,0.632078,0.598137,0.632184
n10,dom-tech,ec-dom-tech-n10-run01,59ae9a62-c991-436e-a68b-98eeced2e14f,agent_beta,18.095,1,0,evidence,0.685469,-0.235597,0.335948,0.685469,0.66344,0.658611,0.677444,0.67777
n10,dom-tech,ec-dom-tech-n10-run01,5ab7b64c-607c-4a9d-822f-5a0c76a882d5,agent_zeta,18.101,1,0,risk,0.680192,0.597908,-0.159493,0.640407,0.653436,0.661414,0.667246,0.680192
n10,dom-tech,ec-dom-tech-n10-run01,8e57979a-a516-45bb-b046-7ce4ac1baba3,agent_epsilon,18.53,1,0,testing,0.720691,0.006683,-0.210426,0.68765,0.720691,0.698964,0.71136,0.720097
n10,dom-tech,ec-dom-tech-n10-run01,a70e52b7-5264-4842-9e42-1d6f11ff3e3b,agent_delta,18.715,1,0,testing,0.779242,-0.164977,-0.009765,0.716318,0.779242,0.769659,0.770123,0.764426
n10,dom-tech,ec-dom-tech-n10-run01,404099d4-48a6-4282-9b48-02bd3e8e8c6b,agent_iota,19.105,1,0,evidence,0.718604,-0.848158,0.548728,0.718604,0.63914,0.634233,0.621407,0.647767
n10,dom-tech,ec-dom-tech-n10-run01,8df3889b-3c45-48d6-9438-0073fe65b602,agent_beta,19.485,1,0,evidence,0.796478,-0.748714,0.447766,0.796478,0.774743,0.752825,0.768246,0.761421
n10,dom-tech,ec-dom-tech-n10-run01,ae01c2a5-2b3e-4b01-a055-58b6da152fff,agent_eta,19.746,1,0,risk,0.622644,0.217889,-0.354777,0.584344,0.61828,0.604175,0.597929,0.622644
n10,dom-tech,ec-dom-tech-n10-run01,2185e8f1-7575-49cb-8ac0-fd3409f30159,agent_gamma,19.767,1,0,risk,0.767993,0.500242,0.002106,0.739413,0.712706,0.726017,0.761906,0.767993
n10,dom-tech,ec-dom-tech-n10-run01,842d97cb-a339-4c9f-aa5c-70a8aefbb3ea,agent_zeta,20.126,1,0,risk,0.76186,0.309161,-0.162744,0.725468,0.755387,0.751021,0.749132,0.76186
n10,dom-tech,ec-dom-tech-n10-run01,dbb19207-d8d1-4e24-90d7-58b2f65c9ce6,agent_epsilon,20.972,1,0,time,0.749943,-0.150182,0.510945,0.688194,0.739801,0.711246,0.749943,0.725199
n10,dom-tech,ec-dom-tech-n10-run01,30025c50-8162-46ce-b96c-e4e9c179e79e,agent_iota,20.983,1,0,evidence,0.731872,-0.806925,0.517414,0.731872,0.683824,0.663774,0.671214,0.694566
n10,dom-tech,ec-dom-tech-n10-run01,2dd8ef26-f339-4af8-b40f-4e42f4860a2b,agent_delta,21.065,1,0,time,0.729516,0.14326,0.667944,0.64057,0.706317,0.715377,0.729516,0.706272
n10,dom-tech,ec-dom-tech-n10-run01,404dae8b-ccd5-4b5d-90a7-2260360e7daf,agent_eta,21.197,1,0,time,0.753062,0.435962,0.21745,0.703703,0.724537,0.739832,0.753062,0.752943
n10,dom-tech,ec-dom-tech-n10-run01,9a1f4f3f-ac3c-4485-854d-a46a8c4d80b5,agent_zeta,21.564,1,0,risk,0.724942,0.388075,0.081545,0.680253,0.709064,0.70949,0.72214,0.724942
n10,dom-tech,ec-dom-tech-n10-run01,c9ff2906-7906-440b-9272-fcfbc707d874,agent_iota,22.279,1,0,evidence,0.740761,-0.291406,0.193841,0.740761,0.701388,0.703403,0.68524,0.733298
n10,dom-tech,ec-dom-tech-n10-run01,9b45ddc0-6558-444d-8d5a-411e86a19b9c,agent_theta,22.925,1,0,risk,0.673056,0.698252,-0.33381,0.645646,0.637267,0.653238,0.641443,0.673056
n10,dom-tech,ec-dom-tech-n10-run01,c77d5893-8f0c-47eb-bdd8-999f5afedc3c,agent_kappa,23.113,1,0,time,0.775727,0.153587,0.694815,0.726153,0.722549,0.745233,0.775727,0.759138
n10,dom-tech,ec-dom-tech-n10-run01,e868cd4a-2b74-4010-bad9-2d253430526b,agent_alpha,23.25,1,0,risk,0.739438,0.781585,-0.521008,0.677723,0.705569,0.687048,0.696051,0.739438
n10,dom-tech,ec-dom-tech-n10-run01,97da13ef-e52e-4c52-bd45-0074e581c640,agent_eta,23.671,1,0,evidence,0.556528,-0.236158,0.262725,0.556528,0.526062,0.531877,0.538522,0.549001
n10,dom-tech,ec-dom-tech-n10-run01,37e3861f-b35a-453c-9725-8d358f3423e0,agent_gamma,23.916,1,0,risk,0.767775,0.576528,-0.116959,0.734832,0.716775,0.727035,0.757981,0.767775
n10,dom-tech,ec-dom-tech-n10-run01,0687759d-0f9d-444a-83d1-27bce51b324d,agent_iota,23.917,1,0,risk,0.79704,0.393985,-0.11303,0.753604,0.781731,0.759146,0.789266,0.79704
n10,dom-tech,ec-dom-tech-n10-run01,c8c6faf9-20ba-48f0-ab89-b923f516d4a4,agent_epsilon,23.935,1,0,testing,0.769876,0.057051,0.045538,0.70611,0.769876,0.767995,0.760825,0.759275
n10,dom-tech,ec-dom-tech-n10-run01,5e9d2a6b-c8df-40d1-8394-8d7ee59d6439,agent_gamma,25.694,1,0,time,0.741861,0.260262,0.486697,0.688444,0.692263,0.704359,0.741861,0.733652
n10,dom-tech,ec-dom-tech-n10-run01,c4429b52-96b3-4749-a622-cf3266874516,agent_kappa,25.966,1,0,time,0.733142,0.025699,0.910735,0.669521,0.677838,0.694568,0.733142,0.691852
n10,dom-tech,ec-dom-tech-n10-run01,a7aa592f-802f-4097-8572-64d2456b3a22,agent_zeta,26.357,1,0,ownership,0.729407,0.553998,0.487506,0.700492,0.69751,0.729407,0.718339,0.703814
n10,dom-tech,ec-dom-tech-n10-run01,a4d0d0f9-0988-4bc8-ac1f-db8196d9ff24,agent_epsilon,26.79,1,0,ownership,0.802697,0.442493,0.17194,0.741388,0.791935,0.802697,0.796927,0.7991
n10,dom-tech,ec-dom-tech-n10-run01,970ffe7b-f985-4d9d-bb64-11f13d4bd98a,agent_eta,26.821,1,0,testing,0.627011,0.032451,-0.024036,0.624384,0.627011,0.626563,0.593267,0.626546
n10,dom-tech,ec-dom-tech-n10-run01,9b9dad9c-35a7-49fd-93d2-01d77d7a3d4b,agent_gamma,27.19,1,1,risk,0.770779,0.577022,-0.068361,0.720832,0.707558,0.730577,0.763022,0.770779
n10,dom-tech,ec-dom-tech-n10-run01,2e0c59d3-825c-44c3-9309-491521805854,agent_beta,27.566,1,0,evidence,0.731374,-0.779695,0.458781,0.731374,0.710337,0.688898,0.702486,0.682425
n10,dom-tech,ec-dom-tech-n10-run01,50b7c501-f3d5-45d0-8bf5-fc41f9efc334,agent_delta,27.879,1,0,time,0.709754,-0.222917,0.301086,0.62322,0.707289,0.690789,0.709754,0.686631
n10,dom-tech,ec-dom-tech-n10-run01,5c567e27-31f6-4bae-bcef-cf8627d631aa,agent_epsilon,28.189,1,0,testing,0.766211,-0.098954,-0.133188,0.733985,0.766211,0.752271,0.755461,0.760036
n10,dom-tech,ec-dom-tech-n10-run01,f77c300d-5822-49f2-a4aa-fcea3f3cbcab,agent_zeta,28.414,1,0,time,0.746365,0.262917,0.49249,0.684456,0.693206,0.710474,0.746365,0.738004
n10,dom-tech,ec-dom-tech-n10-run01,e5461e6b-b5b4-4fe5-9bd2-f56dbf13d8d2,agent_alpha,28.487,1,0,testing,0.682215,0.006829,0.061148,0.647501,0.682215,0.673871,0.679913,0.677436
n10,dom-tech,ec-dom-tech-n10-run01,e5cb091e-e6b4-4710-b0c0-86e3bb826cca,agent_delta,29.968,1,0,time,0.789252,-0.056292,0.333368,0.712886,0.782783,0.769879,0.789252,0.775501
n10,dom-tech,ec-dom-tech-n10-run01,8038abcc-94a1-4daa-8d39-cafc19e6a5bb,agent_theta,30.465,2,0,risk,0.762637,0.134583,-0.240387,0.690269,0.7621,0.752072,0.747715,0.762637
n10,dom-tech,ec-dom-tech-n10-run01,956ed572-85c4-4f9d-a69b-6ecf4ec8bfde,agent_kappa,30.675,2,0,time,0.765806,0.279432,0.464389,0.697939,0.702476,0.725929,0.765806,0.758403
n10,dom-tech,ec-dom-tech-n10-run01,09fbb18e-dbe7-4772-b432-a67dfc799ce1,agent_zeta,30.781,2,0,time,0.681841,0.219388,0.532235,0.649749,0.665747,0.67666,0.681841,0.663508
n10,dom-tech,ec-dom-tech-n10-run01,bdac981d-1b50-4679-8d34-da9d98053b4e,agent_alpha,31.817,2,0,risk,0.683046,0.251166,-0.043939,0.673084,0.676505,0.67947,0.664293,0.683046
n10,dom-tech,ec-dom-tech-n10-run01,afad5832-aca1-447d-9458-0e10c1888e1a,agent_delta,31.833,2,0,testing,0.752732,-0.459848,-0.025172,0.665198,0.752732,0.731755,0.743451,0.719595
n10,dom-tech,ec-dom-tech-n10-run01,9392b96b-a9c2-482d-a6a2-1c431356c4a9,agent_epsilon,32.093,2,0,risk,0.722686,0.065919,-0.255141,0.652758,0.722152,0.702677,0.711236,0.722686
n10,dom-tech,ec-dom-tech-n10-run01,707a6e71-4b21-4603-b992-cd382d4d1c88,agent_zeta,32.281,2,0,time,0.768753,0.13996,0.666246,0.730134,0.742163,0.752197,0.768753,0.748584
n10,dom-tech,ec-dom-tech-n10-run01,d2617b03-66a5-41ce-8094-f7946cfa5039,agent_iota,32.362,2,0,evidence,0.731219,-0.613975,0.231762,0.731219,0.719942,0.694209,0.69968,0.713548
n10,dom-tech,ec-dom-tech-n10-run01,ec5c7bcf-a2f5-4597-8e02-4591b9522988,agent_eta,32.963,2,0,risk,0.672765,0.636213,-0.256726,0.598827,0.645935,0.648154,0.656849,0.672765
n10,dom-tech,ec-dom-tech-n10-run01,c86da9c7-fe39-48bf-a452-b04bd9b02297,agent_theta,33.052,2,0,time,0.67779,0.242964,0.654093,0.602312,0.649605,0.668181,0.67779,0.657085
n10,dom-tech,ec-dom-tech-n10-run01,b617a607-70c8-4de9-9752-7a158a229480,agent_beta,33.16,2,0,evidence,0.798506,-0.841565,0.544745,0.798506,0.742552,0.723073,0.742149,0.73936
n10,dom-tech,ec-dom-tech-n10-run01,e1281f71-e656-4860-99e1-987652159818,agent_gamma,33.608,2,0,risk,0.753666,0.498618,0.045012,0.714344,0.699279,0.705114,0.749287,0.753666
n10,dom-tech,ec-dom-tech-n10-run01,9dfc07dc-cca3-4bcd-966a-f252178e072a,agent_zeta,33.889,2,0,time,0.722134,0.012968,0.474008,0.713865,0.714499,0.72098,0.722134,0.693287
n10,dom-tech,ec-dom-tech-n10-run01,8363e871-286d-4caa-b497-5c19ad5f4781,agent_alpha,33.973,2,0,testing,0.715896,-0.128119,0.085564,0.679313,0.715896,0.711463,0.706297,0.688565
n10,dom-tech,ec-dom-tech-n10-run01,ea09753b-abbc-44aa-829d-fdc0a745c331,agent_kappa,34.996,2,0,time,0.751812,-0.030218,0.865726,0.71871,0.716757,0.700475,0.751812,0.713529
n10,dom-tech,ec-dom-tech-n10-run01,da05236d-1e10-4921-834b-901b1db9bade,agent_iota,35.423,2,0,risk,0.613847,0.411586,-0.142474,0.604204,0.581546,0.59908,0.574034,0.613847
n10,dom-tech,ec-dom-tech-n10-run01,de9616bf-e4d7-45aa-8661-1d13dd5dbcca,agent_zeta,35.55,2,0,testing,0.720319,-0.055293,-0.265934,0.678599,0.720319,0.703877,0.703591,0.716561
n10,dom-tech,ec-dom-tech-n10-run01,9291f64e-feba-4dd4-8b62-9cc96f03bf97,agent_alpha,35.81,2,0,testing,0.631519,-0.486575,-0.055146,0.620652,0.631519,0.611975,0.61508,0.612656
n10,dom-tech,ec-dom-tech-n10-run01,2545762c-d409-42e6-a6dd-2100c160ed49,agent_epsilon,35.907,2,0,testing,0.786882,-0.672599,-0.35264,0.737081,0.786882,0.756925,0.756149,0.756278
n10,dom-tech,ec-dom-tech-n10-run01,95e5ac0c-fbbc-46fe-b333-6a12f1a1b56f,agent_delta,36.028,2,0,ownership,0.661054,0.497508,0.506689,0.591752,0.637679,0.661054,0.653921,0.633649
n10,dom-tech,ec-dom-tech-n10-run01,df95bd4b-441a-4fa7-a9a1-43e2175f25a5,agent_alpha,36.887,2,0,risk,0.672674,0.473998,-0.285932,0.619777,0.662396,0.662009,0.643255,0.672674
n10,dom-tech,ec-dom-tech-n10-run01,dc44e861-fbce-4f19-8dad-5cb0a241618f,agent_zeta,37.419,2,0,testing,0.659537,-0.244556,0.196731,0.631277,0.659537,0.649046,0.656987,0.63181
n10,dom-tech,ec-dom-tech-n10-run01,ad4c002a-2250-439d-b813-45de3b6d0a29,agent_iota,37.571,2,0,risk,0.770272,-0.086562,-0.118556,0.768049,0.764364,0.747465,0.731277,0.770272
n10,dom-tech,ec-dom-tech-n10-run01,9ec695d3-df22-4347-b4b7-f8d42712dce1,agent_eta,37.699,2,0,risk,0.634501,0.697943,-0.068029,0.613617,0.604913,0.632411,0.581139,0.634501
n10,dom-tech,ec-dom-tech-n10-run01,5b9bc008-065a-42ca-9646-a8fe98d8050f,agent_gamma,38.062,2,0,time,0.786682,0.323196,0.335869,0.759117,0.739998,0.759645,0.786682,0.783241
n10,dom-tech,ec-dom-tech-n10-run01,d544f55d-ce5c-49e0-90c1-7bad359abf53,agent_kappa,38.594,2,0,time,0.796117,0.028332,0.445799,0.732188,0.782875,0.76678,0.796117,0.782928
n10,dom-tech,ec-dom-tech-n10-run01,fc934b87-d48a-4c66-8bce-c29632705d3c,agent_epsilon,38.609,2,0,testing,0.793339,-0.813827,-0.424192,0.750645,0.793339,0.745062,0.740026,0.748834
n10,dom-tech,ec-dom-tech-n10-run01,b3385a59-7425-4892-9b85-e334ced3ba66,agent_alpha,38.736,2,0,testing,0.685876,-0.084044,0.033995,0.654875,0.685876,0.680666,0.676179,0.671132
n10,dom-tech,ec-dom-tech-n10-run01,5f2003b5-6f21-4321-af8d-0ae4876c702d,agent_zeta,39.223,2,0,ownership,0.683501,0.244297,-0.024887,0.658423,0.682657,0.683501,0.673928,0.683117
n10,dom-tech,ec-dom-tech-n10-run01,299c0661-fabd-4e01-9051-d857b93ee02c,agent_theta,39.279,2,0,ownership,0.710973,0.608313,0.321849,0.660846,0.690652,0.710973,0.689109,0.689225
n10,dom-tech,ec-dom-tech-n10-run01,0f3a4afa-ca43-462a-ac64-a01ee9b34633,agent_gamma,39.418,2,0,evidence,0.614343,-0.220853,0.534315,0.614343,0.583121,0.59555,0.612656,0.601841
n10,dom-tech,ec-dom-tech-n10-run01,40992a49-59dd-45ba-8b5c-76e9b69a1ea7,agent_iota,39.732,2,0,risk,0.7122,0.231711,0.045261,0.694761,0.710097,0.711601,0.706798,0.7122
n10,dom-tech,ec-dom-tech-n10-run01,7788aa05-be63-4d42-9a7b-d9ef94258c22,agent_eta,39.781,2,0,testing,0.61813,-0.075006,-0.146667,0.595789,0.61813,0.608167,0.602372,0.611997
n10,dom-tech,ec-dom-tech-n10-run01,83b49528-c036-4ed9-ad2f-fcc8cbd137eb,agent_alpha,40.067,2,0,testing,0.726079,-0.536504,-0.267528,0.698022,0.726079,0.705745,0.696643,0.701833
n10,dom-tech,ec-dom-tech-n10-run01,59a3c2cd-24e3-4659-a186-28654c65c3c7,agent_beta,40.097,2,0,evidence,0.749121,-0.838773,0.543706,0.749121,0.693486,0.675497,0.694867,0.693529
n10,dom-tech,ec-dom-tech-n10-run01,4bbbe65f-d598-4150-8251-49d10736fcda,agent_epsilon,40.243,2,0,testing,0.768029,-0.64509,-0.155092,0.69228,0.768029,0.730335,0.754376,0.712573
n10,dom-tech,ec-dom-tech-n10-run01,7e49b0fc-f7fd-470c-90dd-abfd6a6dbae6,agent_delta,40.462,2,0,time,0.688868,-0.206658,0.319719,0.615302,0.686813,0.675309,0.688868,0.657367
n10,dom-tech,ec-dom-tech-n10-run01,30ce5642-8f70-490e-bcd3-beb80192febe,agent_gamma,40.526,2,0,risk,0.763289,0.564954,-0.283963,0.715364,0.747138,0.74852,0.740355,0.763289
n10,dom-tech,ec-dom-tech-n10-run01,f5facb14-4de7-42a4-81d4-3a8827ee1c79,agent_iota,40.728,2,0,testing,0.722835,-0.415081,-0.336549,0.676898,0.722835,0.704672,0.678425,0.70573
n10,dom-tech,ec-dom-tech-n10-run01,16077eb9-1fb9-4b78-b4ed-5d65fccdb96c,agent_zeta,40.948,2,0,time,0.727395,0.145865,0.464626,0.691694,0.713211,0.716359,0.727395,0.713836
n10,dom-tech,ec-dom-tech-n10-run01,a5e7a5af-8b71-4c1f-a954-80c312268ec9,agent_alpha,41.135,2,0,testing,0.690529,-0.326644,-0.224126,0.639114,0.690529,0.679143,0.65758,0.66906
n10,dom-tech,ec-dom-tech-n10-run01,53bb08a9-ae10-4dd7-9c2c-d681942410e1,agent_kappa,41.211,2,0,evidence,0.633675,-0.74864,0.525916,0.633675,0.588162,0.598974,0.597141,0.594959
n10,dom-tech,ec-dom-tech-n10-run01,a088d238-7e83-461b-840c-fc837fc9eb0f,agent_epsilon,41.512,2,0,ownership,0.747596,0.113761,0.196136,0.708367,0.74466,0.747596,0.737044,0.718717
n10,dom-tech,ec-dom-tech-n10-run01,fadd3e9e-6bd2-4618-8e65-3b80fe27eab2,agent_theta,41.637,2,0,testing,0.692605,-0.239143,-0.149916,0.647848,0.692605,0.681023,0.675037,0.677247
n10,dom-tech,ec-dom-tech-n10-run01,01bf100e-4375-4302-ae9a-0bfc5ac4b03c,agent_gamma,41.887,2,0,risk,0.701223,0.671362,-0.257706,0.660424,0.637191,0.653154,0.686359,0.701223
n10,dom-tech,ec-dom-tech-n10-run01,c72c8935-e6f3-4729-8377-86fb12bd3075,agent_iota,41.898,2,0,testing,0.79786,-0.798806,-0.409802,0.754437,0.79786,0.758255,0.750926,0.749533
n10,dom-tech,ec-dom-tech-n10-run01,7e907699-503c-4d17-8767-5156d00a0581,agent_zeta,42.181,2,0,time,0.727395,0.145865,0.464626,0.691694,0.713211,0.716359,0.727395,0.713836
n10,dom-tech,ec-dom-tech-n10-run01,009fcff3-40a3-4d03-99ba-dc72299525b8,agent_kappa,42.709,2,0,time,0.743512,0.189927,0.630522,0.707703,0.697045,0.720728,0.743512,0.729418
n10,dom-tech,ec-dom-tech-n10-run01,a45164e5-e026-466e-b380-f91cd18aad21,agent_gamma,42.77,2,0,time,0.615032,0.035243,0.709282,0.585167,0.592511,0.596497,0.615032,0.586151
n10,dom-tech,ec-dom-tech-n10-run01,be954dde-ab5d-4bf9-b71e-115d9ec9af3a,agent_epsilon,42.976,2,0,testing,0.797956,-0.574158,-0.343105,0.730806,0.797956,0.768788,0.770882,0.776145
n10,dom-tech,ec-dom-tech-n10-run01,5a9608a0-8ea5-49b5-99f0-d653eec789f6,agent_iota,43.048,2,0,evidence,0.669699,-0.516128,0.490593,0.669699,0.646562,0.651357,0.652543,0.637726
n10,dom-tech,ec-dom-tech-n10-run01,0216d1e8-875e-45da-8699-31d9bcdef94d,agent_eta,43.217,2,0,risk,0.533121,0.512963,-0.126665,0.509944,0.50738,0.513119,0.520453,0.533121
n10,dom-tech,ec-dom-tech-n10-run01,602dfb71-4a6c-482f-aeae-24505a89a0eb,agent_theta,43.453,2,0,risk,0.729727,0.784505,-0.229523,0.664369,0.689317,0.7192,0.70355,0.729727
n10,dom-tech,ec-dom-tech-n10-run01,cbecca90-5b01-43d7-b5fc-e6a300dc6793,agent_beta,43.512,2,0,evidence,0.745232,-0.703455,0.443784,0.745232,0.710511,0.703714,0.685606,0.72002
n10,dom-tech,ec-dom-tech-n10-run01,1db8d793-b069-4d7b-87c1-73c131503fdb,agent_alpha,43.537,2,0,risk,0.577687,0.7108,-0.042916,0.544854,0.555326,0.577108,0.550139,0.577687
n10,dom-tech,ec-dom-tech-n10-run01,82636fcf-6113-41e1-a188-b4ae9122083d,agent_zeta,43.554,2,0,time,0.687954,0.091758,0.745012,0.613798,0.656244,0.661426,0.687954,0.665265
n10,dom-tech,ec-dom-tech-n10-run01,2f9d0323-75a5-49c8-be63-237662acdf08,agent_kappa,43.884,2,0,time,0.755043,0.241512,0.502668,0.677552,0.711552,0.706726,0.755043,0.746197
n10,dom-tech,ec-dom-tech-n10-run01,a951a7c6-9882-48fa-8956-79d6b690b164,agent_gamma,44.049,2,1,time,0.714011,0.123869,0.72985,0.659386,0.651943,0.669833,0.714011,0.696109
n10,dom-tech,ec-dom-tech-n10-run01,a86ca1aa-e02e-4333-955e-aeb728106c37,agent_iota,44.316,2,0,evidence,0.697083,-0.813579,0.535978,0.697083,0.640444,0.64412,0.649668,0.653416
n10,dom-tech,ec-dom-tech-n10-run01,0a5e6b1c-9561-452b-bf1e-372e36f28972,agent_epsilon,44.337,2,0,testing,0.757272,-0.539853,-0.282958,0.738414,0.757272,0.733486,0.713394,0.738914
n10,dom-tech,ec-dom-tech-n10-run01,fb3db3d2-4708-4c62-9ed8-b01f7c77b3f7,agent_kappa,45.215,3,0,time,0.694251,0.153802,0.721126,0.671221,0.665529,0.685628,0.694251,0.657127
n10,dom-tech,ec-dom-tech-n10-run01,1920d924-4fba-443d-a25e-21c13b39690b,agent_zeta,45.217,3,0,testing,0.696076,-0.16788,0.171967,0.66093,0.696076,0.688385,0.692784,0.673816
n10,dom-tech,ec-dom-tech-n10-run01,3b65b528-263e-434f-ba4d-73164e3fa409,agent_gamma,45.239,3,1,risk,0.710667,0.30844,-0.033043,0.702525,0.66225,0.686675,0.695612,0.710667
n10,dom-tech,ec-dom-tech-n10-run01,1b6b8478-f3c8-450a-9c48-c85702cf07e7,agent_alpha,45.272,3,0,risk,0.733931,0.128008,0.105879,0.728756,0.724824,0.725922,0.727867,0.733931
n10,dom-tech,ec-dom-tech-n10-run01,b7de9179-982f-4ca2-be9c-552adbfa4469,agent_iota,45.606,3,0,testing,0.726059,-0.612993,-0.318412,0.704545,0.726059,0.695313,0.686539,0.70539
n10,dom-tech,ec-dom-tech-n10-run01,6641e793-84a9-442f-ae54-603344a23179,agent_theta,45.681,3,0,time,0.707015,0.289949,0.539152,0.64528,0.681794,0.698221,0.707015,0.693934
n10,dom-tech,ec-dom-tech-n10-run01,6e8ab3eb-b3db-4ffe-84fa-f75dd5d1813b,agent_delta,45.814,3,0,time,0.673283,0.263143,0.539582,0.607947,0.659309,0.671501,0.673283,0.648435
n10,dom-tech,ec-dom-tech-n10-run01,1bb3f556-142a-44ad-9e06-2885516617d6,agent_kappa,46.461,3,0,evidence,0.757227,-0.83788,0.543406,0.757227,0.674816,0.691825,0.663063,0.70555
n10,dom-tech,ec-dom-tech-n10-run01,9f97165c-3629-4566-9156-531395df2443,agent_alpha,46.516,3,0,testing,0.77584,-0.536287,-0.321419,0.731941,0.77584,0.755273,0.741127,0.751671
n10,dom-tech,ec-dom-tech-n10-run01,6d7a1dad-50a8-4c36-8baa-0cf7d33f14b7,agent_iota,46.819,3,0,testing,0.761954,-0.727963,-0.39046,0.723621,0.761954,0.725081,0.722279,0.730997
n10,dom-tech,ec-dom-tech-n10-run01,6cafb638-1f87-4a6e-8349-a512378e41c9,agent_eta,46.904,3,0,time,0.682612,0.291516,0.295516,0.652231,0.66358,0.667752,0.682612,0.679022
n10,dom-tech,ec-dom-tech-n10-run01,8739c4df-883f-468b-ac1a-d64441a7abec,agent_epsilon,47.221,3,0,time,0.77957,-0.313372,0.351243,0.730072,0.776416,0.749148,0.77957,0.741694
n10,dom-tech,ec-dom-tech-n10-run01,d0eff3c6-302f-4b70-a51f-785ae79d5efa,agent_beta,47.337,3,0,evidence,0.768935,-0.766086,0.48055,0.768935,0.734667,0.719076,0.722477,0.737288
n10,dom-tech,ec-dom-tech-n10-run01,aaa310a3-a0f9-4eeb-94ed-6ae31482d247,agent_gamma,47.347,3,0,time,0.745105,0.240156,0.501912,0.708459,0.682913,0.705329,0.745105,0.736534
n10,dom-tech,ec-dom-tech-n10-run01,c89f445c-da28-4b46-a20d-f24a0d0162f0,agent_delta,47.642,3,0,time,0.626665,0.223775,0.611089,0.545366,0.609231,0.62173,0.626665,0.596155
n10,dom-tech,ec-dom-tech-n10-run01,0225be03-235b-42a5-9c86-4d2c72d3514d,agent_alpha,47.704,3,0,risk,0.752692,0.762449,-0.500439,0.695512,0.720646,0.707393,0.715105,0.752692
n10,dom-tech,ec-dom-tech-n10-run01,bd90a3a1-a82b-4bda-829e-38d12709a46c,agent_kappa,48.036,3,0,time,0.721827,0.208669,0.581681,0.66896,0.674507,0.688317,0.721827,0.710218
n10,dom-tech,ec-dom-tech-n10-run01,a0ed2a04-cb2a-43ec-940a-ec4a1f22e595,agent_eta,48.279,3,0,testing,0.67833,0.013845,-0.118811,0.657405,0.67833,0.66863,0.66779,0.675939
n10,dom-tech,ec-dom-tech-n10-run01,6690e372-b5c8-4762-93ca-160a859372fc,agent_theta,48.282,3,0,risk,0.790775,0.347334,-0.18054,0.735442,0.785691,0.784838,0.772424,0.790775
n10,dom-tech,ec-dom-tech-n10-run01,83e301df-9277-41fe-a065-f4645a017add,agent_iota,48.557,3,0,testing,0.809219,-0.527911,-0.326993,0.784993,0.809219,0.780632,0.775033,0.792323
n10,dom-tech,ec-dom-tech-n10-run01,be480b1c-d1c2-41da-b73e-cb073ef7b523,agent_gamma,48.566,3,0,time,0.750948,-0.034717,0.672372,0.729756,0.72857,0.723511,0.750948,0.728452
n10,dom-tech,ec-dom-tech-n10-run01,df2e97a0-0fb8-4ebe-ae2d-e6122d2d5114,agent_alpha,48.771,3,0,ownership,0.687663,0.468863,-0.003284,0.64444,0.679024,0.687663,0.643723,0.681118
n10,dom-tech,ec-dom-tech-n10-run01,1cccc7ba-84fb-40cf-bdc6-bf24b09947ff,agent_beta,48.863,3,0,evidence,0.699082,-0.816294,0.535425,0.699082,0.652447,0.656479,0.64073,0.645833
n10,dom-tech,ec-dom-tech-n10-run01,ae09d4fb-a995-448b-996a-a47b0ea8efbb,agent_kappa,49.49,3,0,risk,0.750863,0.614328,-0.206535,0.681776,0.718552,0.710954,0.738627,0.750863
n10,dom-tech,ec-dom-tech-n10-run01,da114ec7-e245-4c20-91f8-ccbe03538bb7,agent_delta,49.624,3,0,risk,0.776133,0.211797,0.071808,0.761933,0.771087,0.77147,0.772054,0.776133
n10,dom-tech,ec-dom-tech-n10-run01,644a5a3b-3989-45a2-88ec-08f4c7c3d712,agent_epsilon,49.774,3,0,testing,0.826386,-0.581003,-0.300693,0.79302,0.826386,0.789198,0.803945,0.805779
n10,dom-tech,ec-dom-tech-n10-run01,14d6d8d3-f66d-467c-a91e-3bf050c901a4,agent_iota,49.966,3,0,testing,0.7657,-0.174034,-0.138434,0.757029,0.7657,0.746754,0.750672,0.762813
n10,dom-tech,ec-dom-tech-n10-run01,6cf01be9-1ed7-4645-838e-6ef328e04ce1,agent_gamma,49.972,3,0,time,0.756506,0.073492,0.765126,0.721014,0.72343,0.732698,0.756506,0.731235
n10,dom-tech,ec-dom-tech-n10-run01,9fb9b257-e955-4cb7-abb6-9d8d660029be,agent_eta,50.063,3,0,risk,0.644929,0.684261,-0.313217,0.596474,0.609722,0.610482,0.626971,0.644929
n10,dom-tech,ec-dom-tech-n10-run01,d87969ce-d1c9-416f-b395-9d9020ae6651,agent_alpha,50.076,3,0,risk,0.596371,0.74365,-0.014081,0.572633,0.558876,0.596285,0.562791,0.596371
n10,dom-tech,ec-dom-tech-n10-run01,cb508071-9628-4550-92fc-72bdc5cd2e7b,agent_kappa,51.0,3,0,risk,0.726757,0.434268,0.201051,0.678554,0.673241,0.69941,0.726571,0.726757
n10,dom-tech,ec-dom-tech-n10-run01,dad31a2b-01ec-4ffc-8623-431c2355828e,agent_alpha,51.153,3,0,testing,0.70527,-0.336522,-0.089735,0.695232,0.70527,0.695208,0.669403,0.690034
n10,dom-tech,ec-dom-tech-n10-run01,ebcbf094-4832-4e82-b839-704add381ae4,agent_theta,51.195,3,0,testing,0.721529,0.158055,0.060911,0.662842,0.721529,0.718632,0.720158,0.720603
n10,dom-tech,ec-dom-tech-n10-run01,b587e2f0-444e-404d-a0e2-3ef28df7d710,agent_beta,51.275,3,0,evidence,0.800583,-0.848971,0.549457,0.800583,0.718766,0.707752,0.720286,0.721013
n10,dom-tech,ec-dom-tech-n10-run01,eae40427-d50e-4623-a0e9-73922cc852cd,agent_iota,51.343,3,0,testing,0.681889,-0.278324,-0.123303,0.657601,0.681889,0.657383,0.671484,0.672159
n10,dom-tech,ec-dom-tech-n10-run01,77fa8378-820f-4109-b850-a0e30f389d56,agent_epsilon,51.411,3,0,testing,0.79656,0.023023,0.029214,0.771336,0.79656,0.79272,0.788811,0.789054
n10,dom-tech,ec-dom-tech-n10-run01,7a01e604-aa56-4b8a-a79b-586d4cf34059,agent_delta,51.46,3,0,time,0.663145,-0.054171,0.746576,0.582762,0.643298,0.631104,0.663145,0.624384
n10,dom-tech,ec-dom-tech-n10-run01,7415b164-af9d-4bd1-a3b6-7ffbcaabb7c6,agent_gamma,51.579,3,0,time,0.698809,0.383172,0.268657,0.653261,0.641992,0.659794,0.698809,0.697034
n10,dom-tech,ec-dom-tech-n10-run01,0c690bf4-e590-4072-a124-35f093da163e,agent_eta,51.662,3,0,evidence,0.685277,-0.151261,0.117667,0.685277,0.665026,0.662245,0.659387,0.681401
n10,dom-tech,ec-dom-tech-n10-run01,ac524d3a-e9ed-4530-af8a-400deb532681,agent_theta,52.229,3,0,time,0.730063,-0.040489,0.297641,0.678922,0.72744,0.722728,0.730063,0.712867
n10,dom-tech,ec-dom-tech-n10-run01,c693f5e7-0e1b-41cf-bf98-c008e4f7b4fb,agent_kappa,52.472,3,0,testing,0.724936,-0.398493,0.209432,0.665034,0.724936,0.698232,0.723654,0.681154
n10,dom-tech,ec-dom-tech-n10-run01,d408abe3-5cad-4a15-9bc1-bf7918495b79,agent_alpha,52.536,3,0,testing,0.618595,0.016576,-0.205542,0.596175,0.618595,0.612517,0.575767,0.613586
n10,dom-tech,ec-dom-tech-n10-run01,92515ed6-e051-4a0f-aa85-f51cff237064,agent_gamma,52.901,3,0,risk,0.730465,0.439468,-0.115324,0.716515,0.664963,0.696877,0.715993,0.730465
n10,dom-tech,ec-dom-tech-n10-run01,b24cdb64-2ff9-4817-bfb3-cc6d09fedbd2,agent_iota,52.944,3,0,evidence,0.699751,-0.622313,0.415617,0.699751,0.663398,0.666887,0.645916,0.678498
n10,dom-tech,ec-dom-tech-n10-run01,10f9f794-6c2b-4b60-aaef-0b15891c93b1,agent_delta,53.219,3,0,time,0.773367,0.108722,0.565395,0.71238,0.750156,0.735876,0.773367,0.759623
n10,dom-tech,ec-dom-tech-n10-run01,7acc3a7e-32dd-40e8-b418-30cc8ace0ee5,agent_theta,53.317,3,0,risk,0.742609,0.692626,-0.311399,0.675807,0.704532,0.702962,0.725421,0.742609
n10,dom-tech,ec-dom-tech-n10-run01,8d140b89-94a2-4c89-a97f-a0398204cb51,agent_beta,53.352,3,0,testing,0.724552,-0.657686,-0.290817,0.690117,0.724552,0.699452,0.696891,0.686796
n10,dom-tech,ec-dom-tech-n10-run01,5a0335ae-06db-4780-808c-3259a3bbd389,agent_eta,53.505,3,0,ownership,0.574571,0.402321,-0.015272,0.548104,0.567598,0.574571,0.545773,0.570133
n10,dom-tech,ec-dom-tech-n10-run01,5ad82c7c-74c3-4fd2-bb76-eb146c3d6e57,agent_alpha,53.677,3,0,risk,0.734412,0.774438,-0.506082,0.675355,0.700163,0.680267,0.697119,0.734412
n10,dom-tech,ec-dom-tech-n10-run01,df003b90-0ee6-452e-8134-f85fe3507e51,agent_kappa,54.145,3,0,time,0.704925,0.012482,0.776929,0.638173,0.681435,0.681522,0.704925,0.664872
n10,dom-tech,ec-dom-tech-n10-run01,beaf9331-8252-422c-ba2d-a337c408b746,agent_gamma,54.358,3,1,time,0.695751,0.022828,0.657259,0.675096,0.663854,0.652858,0.695751,0.679201
n10,dom-tech,ec-dom-tech-n10-run01,868ac4f8-3fb5-46be-8224-a16981de99c2,agent_iota,54.421,3,0,risk,0.659018,0.218209,-0.311958,0.646117,0.648449,0.629991,0.607,0.659018
n10,dom-tech,ec-dom-tech-n10-run01,ff14ad79-8cf1-459e-8403-cf2a999cf584,agent_alpha,54.556,3,0,ownership,0.658463,0.168925,0.004315,0.622616,0.657829,0.658463,0.645111,0.651748
n10,dom-tech,ec-dom-tech-n10-run01,47a7bc65-06cb-44a2-87e4-973b94c6b3e2,agent_theta,54.735,3,0,testing,0.730383,-0.295774,0.011107,0.665872,0.730383,0.7207,0.719148,0.691661
n10,dom-tech,ec-dom-tech-n10-run01,2c347f07-8032-4990-9ddd-c19feb23570c,agent_beta,54.769,3,0,evidence,0.749577,-0.752678,0.338515,0.749577,0.735248,0.713932,0.707415,0.717382
n10,dom-tech,ec-dom-tech-n10-run01,bdea2e42-28f6-4b17-bae9-f1079d77d45e,agent_zeta,55.318,3,0,testing,0.731146,-0.25702,0.14841,0.68664,0.731146,0.717188,0.728294,0.709921
n10,dom-tech,ec-dom-tech-n10-run01,6c3fc71b-d1bc-41de-a161-15e8ea6b35ee,agent_eta,55.627,3,0,time,0.689572,0.227706,0.312264,0.661655,0.669222,0.65952,0.689572,0.685247
n10,dom-tech,ec-dom-tech-n10-run01,1f20d1ca-45cc-45a1-a6b1-8060b85a8e36,agent_kappa,55.745,3,0,time,0.66911,0.117405,0.751967,0.60096,0.619863,0.635281,0.66911,0.649258
n10,dom-tech,ec-dom-tech-n10-run01,f08969a3-bba0-4275-92b1-240f2ce9ad46,agent_gamma,55.81,3,0,evidence,0.678168,-0.391013,0.544,0.678168,0.641716,0.655367,0.670035,0.658328
n10,dom-tech,ec-dom-tech-n10-run01,f47da8d9-88e0-4772-97ad-68d99445bef9,agent_delta,56.009,3,0,time,0.772856,0.08084,0.260665,0.743355,0.768673,0.766794,0.772856,0.764169
n10,dom-tech,ec-dom-tech-n10-run01,fa0fea40-3095-4a04-b97b-6339f702fdd6,agent_iota,56.11,3,0,testing,0.756219,-0.800933,-0.42195,0.689064,0.756219,0.710165,0.713831,0.712606
n10,dom-tech,ec-dom-tech-n10-run01,817b00ff-2f69-445b-838f-dc5a199f49bb,agent_theta,56.243,3,0,ownership,0.686804,0.522868,0.259918,0.617231,0.668486,0.686804,0.681022,0.681228
n10,dom-tech,ec-dom-tech-n10-run01,3af7203a-1040-4b8f-bcfe-78bf1438efbc,agent_alpha,56.395,3,0,risk,0.665542,0.729911,-0.181869,0.616069,0.643391,0.660432,0.620977,0.665542
n10,dom-tech,ec-dom-tech-n10-run01,062e33a8-28fd-4512-b251-adec4a455a42,agent_eta,57.006,3,0,risk,0.656627,0.457979,0.019157,0.612321,0.640117,0.645357,0.650673,0.656627
