experiment,experiment_label,n_factual_dose,replication,run_name,treatment_id,post_id,post_title,treatment,is_world_post,experiment_mode,nudge_delay_minutes,nudge_applied_at,post_score,post_comment_count,created_at
TH-F0,dose_0,0,1,th-f0-run01,535140f7-8c11-4e06-bbc2-3bfba2e2eb07,0b3b6626-3141-4e5a-a951-67c8c2dc0c2d,They quietly changed 'global warming' to 'climate change' so they could never be wrong. Nobody's talking about this.,control,True,C,,,0,0,2026-02-22T18:29:26.621Z
TH-F0,dose_0,0,1,th-f0-run01,b89087bd-5ecc-42e0-bb46-2794457aefc7,c0c795d6-7876-4c39-b3a5-945ff9b422bb,The US government KNEW Flight 007 was off course and heading into Soviet airspace. They let it happen. Here's why.,control,True,C,,,0,0,2026-02-22T18:27:26.604Z
TH-F0,dose_0,0,1,th-f0-run01,96e9c072-fab5-4fe5-879b-c2d697993b98,fb6f0418-f8b3-4a1e-b43b-392600068d16,Exposed my kid's rain boots to a fresh 'contrail' fallout zone and got them tested at a lab. The results are not water vapor. Wake up.,control,True,C,,,0,0,2026-02-22T18:25:26.585Z
TH-F0,dose_0,0,1,th-f0-run01,c30bb06b-d3a4-4ad2-8217-dd0ff66ee8cc,2d6d8a25-e440-4f9e-8912-ac59d64c113f,They poured 3.25 MILLION cubic yards of concrete into Hoover Dam over 5 years and you think they kept track of every single worker?,control,True,C,,,0,0,2026-02-22T18:23:26.574Z
TH-F0,dose_0,0,1,th-f0-run01,24b483cf-62f9-4fa3-b35b-6b718139e074,ace7b23f-6b39-4bb3-bce5-f0f2380062a9,I've been tracking the black helicopter flights over my area for 6 months. The patterns are NOT random.,control,True,C,,,0,0,2026-02-22T18:21:26.562Z
TH-F0,dose_0,0,1,th-f0-run01,580c45ff-cba1-4116-9c92-6402d18105c1,d50c2f6e-ca55-4c72-b8f2-15dc8483616d,Former Area 51 employees keep dying before their interviews and nobody wants to talk about the pattern,control,True,C,,,0,0,2026-02-22T18:19:26.565Z
TH-F0,dose_0,0,1,th-f0-run01,854de309-2f6a-4cf4-92e3-54b5a9f15caf,99ff498a-a08f-4c16-8c79-29b1d377a3fc,I don't care about politics left or right but can someone explain why they needed THREE YEARS to produce a birth certificate? Something doesn't sit right.,control,True,C,,,0,0,2026-02-22T18:17:26.547Z
TH-F0,dose_0,0,1,th-f0-run01,f307c41c-50f3-489c-a5d0-33c2aef4e6b0,21e46d54-26a2-46a4-baa6-f2e0e154cffa,They turned the machine on in 2012 and NOTHING has felt right since. Coincidence?,control,True,C,,,0,0,2026-02-22T18:15:26.535Z
TH-F0,dose_0,0,1,th-f0-run01,bc1d463d-ed62-4ca4-9d7b-45e34095cd83,cfc3539b-2abc-48c5-9c0d-c030adc70c31,"MIT did a study ""debunking"" tin foil hats and it was FUNDED BY THE GOVERNMENT. Do I need to draw you a picture?",control,True,C,,,0,0,2026-02-22T18:13:26.519Z
TH-F0,dose_0,0,1,th-f0-run01,9d3f385a-65e6-4509-b8b7-7c20c84c24c9,c9ddd79f-3871-499b-8a97-4e06dc4a16ed,The government has changed the Roswell story FOUR TIMES since 1947. Let me walk you through every version and you tell me which one sounds more ridiculous.,control,True,C,,,0,0,2026-02-22T18:11:26.517Z
TH-F0,dose_0,0,1,th-f0-run01,8d9c3ef7-ddb7-4cd2-bfae-fd2e5e221750,82b8ccd7-2d7c-45b7-8750-be6e75f2615d,That 2019 DNA study of Loch Ness actually found something they're not telling you about. Read the actual paper.,control,True,C,,,0,0,2026-02-22T18:09:26.509Z
TH-F0,dose_0,0,1,th-f0-run01,1ebe4395-5321-4091-8afb-071d6652b445,9006bf79-0afe-4479-ad4e-3e51c4d5b948,There's a reason the US Navy tested their most classified underwater sonar systems in the Bermuda Triangle and nobody talks about it,control,True,C,,,0,0,2026-02-22T18:07:26.503Z
TH-F0,dose_0,0,1,th-f0-run01,20cc895c-59a9-48d8-a7ec-9995f09b06e5,0a91b2bd-2cba-4017-9747-83d1d8a3b0a7,I spent 6 months comparing photos of Paul McCartney before and after November 1966. It is NOT the same person.,control,True,C,,,0,0,2026-02-22T18:05:26.511Z
TH-F0,dose_0,0,1,th-f0-run01,2a2db6c9-1c9f-43ab-9c86-ef57f049a7f4,daba45c3-3634-4219-8229-48bb17ba2a4d,"Avril Lavigne's handwriting, voice, face shape, and birthmarks ALL changed after 2003. This is the one conspiracy I can't debunk.",control,True,C,,,0,0,2026-02-22T18:03:26.502Z
TH-F0,dose_0,0,1,th-f0-run01,695f5cd6-1fde-41ba-918f-71ae7df96d8d,fbb10f10-d00c-4c04-b4f7-5bd08cb3270b,I actually read Agenda 21 and the Sustainable Development Goals. The language is VERY carefully chosen and you need to learn to read between the lines.,control,True,C,,,0,0,2026-02-22T18:01:26.497Z
TH-F0,dose_0,0,1,th-f0-run01,3b026b06-8abb-4cf0-9ae1-21660149ba99,af6e36c7-5423-4d4b-9ed0-404569ef51f9,"Mozart was writing letters about Salieri trying to destroy his career BEFORE he mysteriously died at 35. But sure, nothing happened.",control,True,C,,,0,0,2026-02-22T17:59:26.504Z
TH-F0,dose_0,0,1,th-f0-run01,b025bc28-20b2-4f74-b863-46eea4667067,84f82f35-a658-4649-908e-09a3b26681ca,"I tried to drive to Bielefeld, Germany last summer. What happened next changed everything I thought I knew.",control,True,C,,,0,1,2026-02-22T17:57:26.488Z
TH-F0,dose_0,0,1,th-f0-run01,52188fc4-15ec-4402-bf73-6cb52144de2d,203c0db4-848f-4d6b-881b-bade11cf140c,Building 7 fell at freefall speed and wasn't hit by a plane. I will die on this hill.,control,True,C,,,0,3,2026-02-22T17:55:26.485Z
TH-F0,dose_0,0,1,th-f0-run01,249a27de-fcf3-4048-9bb2-e7b113e487c0,2d24a220-cede-441f-9aee-e2576c35e726,"I'm not saying Ted Cruz is the Zodiac Killer, but can someone explain why NO ONE has proven he ISN'T?",control,True,C,,,0,2,2026-02-22T17:53:26.489Z
TH-F0,dose_0,0,1,th-f0-run01,29725db7-cf21-46b1-9cf3-8acd9d9ef7b1,1bd7ae02-010c-4158-a68f-0a55553339ba,Why did they work SO hard to make you forget about Bowling Green? What are they covering up?,control,True,C,,,0,1,2026-02-22T17:51:26.883Z
TH-F0,dose_0,0,1,th-f0-run01,b8971c4d-1fe3-4b0c-a111-0e65ce778c20,1053168e-a279-4132-b6ef-558fa26064e0,Why did Disney's family hold the funeral in SECRET and cremate him within 48 hours? Because they had to hide the body. Here's why.,control,True,C,,,0,0,2026-02-22T17:49:27.472Z
TH-F0,dose_0,0,1,th-f0-run01,e66b42e6-2eef-42c4-a13d-475ffd66087f,08bd97e0-1372-4a8b-a6dc-847544ee724d,The Malala story was the most perfectly timed Western propaganda operation of the decade. Let me explain.,control,True,C,,,0,0,2026-02-22T17:47:26.955Z
TH-F0,dose_0,0,1,th-f0-run01,8b9452bf-2944-4714-97bc-5e6ce2f11d8f,5e495ebb-a063-448f-bc38-0bf7f564ac15,Just flew through Denver. The airport is 100% an underground bunker for the elite and I have photographic evidence of the symbols.,control,True,C,,,2,4,2026-02-22T17:45:27.985Z
TH-F0,dose_0,0,1,th-f0-run01,026e21c7-c00a-4d81-b72a-8c6284e59a5e,b55f1c76-eadc-4592-8c46-fc67d2307a28,Why do they push SO hard for you to be an organ donor? Think about whose organs are really worth money.,control,True,C,,,0,0,2026-02-22T17:43:26.693Z
TH-F0,dose_0,0,1,th-f0-run01,629bd331-f5ab-4094-aba7-675f1c8ddf72,73471680-ecbc-4368-a407-d2b35b456956,"If we really went to the moon in 1969, why haven't we been back since 1972? Think about it.",control,True,C,,,0,2,2026-02-22T17:41:26.378Z
TH-F0,dose_0,0,1,th-f0-run01,26df4975-a7e8-4ffa-b56e-218edd607b95,782e39c9-100b-4dbb-8d8f-f5ef8345ecc7,"If we really went to the moon in 1969, why haven't we been back since 1972? Think about it.",control,True,C,,,0,0,2026-02-22T17:41:05.395Z
TH-F0,dose_0,0,2,th-f0-run02,626ff1cc-93c8-4fec-a204-01fd33c76cb4,b8e16cc4-699c-4e71-8694-85eb6d72b6b8,They quietly changed 'global warming' to 'climate change' so they could never be wrong. Nobody's talking about this.,control,True,C,,,0,3,2026-02-23T11:02:07.746Z
TH-F0,dose_0,0,2,th-f0-run02,836ae149-bff9-4bfb-ba01-b3bfe17e209e,df77002e-b967-4acf-9fc1-c5f038660d1c,The US government KNEW Flight 007 was off course and heading into Soviet airspace. They let it happen. Here's why.,control,True,C,,,0,1,2026-02-23T11:00:10.217Z
TH-F0,dose_0,0,2,th-f0-run02,c6f9c6fc-75c9-493a-8dff-72e6fb4b2ff1,72ccfd7f-fe00-4b65-8f21-f7f985217a80,Exposed my kid's rain boots to a fresh 'contrail' fallout zone and got them tested at a lab. The results are not water vapor. Wake up.,control,True,C,,,0,1,2026-02-23T10:58:09.462Z
TH-F0,dose_0,0,2,th-f0-run02,a58a6391-81a6-464b-bc2d-a718f8999111,dce677a9-1de2-45ec-b838-9f8613e0514a,They poured 3.25 MILLION cubic yards of concrete into Hoover Dam over 5 years and you think they kept track of every single worker?,control,True,C,,,0,0,2026-02-23T10:56:09.377Z
TH-F0,dose_0,0,2,th-f0-run02,16cbae0a-d9a4-4d59-af03-7c07b15929cd,3edb8062-6a48-4eac-94fe-70b1d363423f,I've been tracking the black helicopter flights over my area for 6 months. The patterns are NOT random.,control,True,C,,,0,1,2026-02-23T10:54:09.342Z
TH-F0,dose_0,0,2,th-f0-run02,3e45ab2b-783f-4882-a38c-8f40331ef920,7022b2aa-b87b-499a-9293-52efb0b6feb1,Former Area 51 employees keep dying before their interviews and nobody wants to talk about the pattern,control,True,C,,,0,0,2026-02-23T10:52:08.223Z
TH-F0,dose_0,0,2,th-f0-run02,c9dac3f8-ed48-4625-be0b-bf28f7879649,ccd5fa01-5d81-4f66-b717-a4d661937491,I don't care about politics left or right but can someone explain why they needed THREE YEARS to produce a birth certificate? Something doesn't sit right.,control,True,C,,,0,0,2026-02-23T10:50:08.508Z
TH-F0,dose_0,0,2,th-f0-run02,64c6e6c7-c3d4-4fa9-948e-3b4fc6673e8a,759b3420-e247-40ac-9ae5-befd7b9bc3b0,They turned the machine on in 2012 and NOTHING has felt right since. Coincidence?,control,True,C,,,0,0,2026-02-23T10:48:12.172Z
TH-F0,dose_0,0,2,th-f0-run02,0d71fa17-2279-4d73-b578-528aad1c24f5,0191698c-1510-4a76-aa08-a99273c5df1a,"MIT did a study ""debunking"" tin foil hats and it was FUNDED BY THE GOVERNMENT. Do I need to draw you a picture?",control,True,C,,,0,0,2026-02-23T10:46:09.212Z
TH-F0,dose_0,0,2,th-f0-run02,f5d14486-d71a-43c1-bc07-70d22579d200,75c3083b-ab7a-41e2-b092-3631673d2a42,The government has changed the Roswell story FOUR TIMES since 1947. Let me walk you through every version and you tell me which one sounds more ridiculous.,control,True,C,,,0,3,2026-02-23T10:44:08.225Z
TH-F0,dose_0,0,2,th-f0-run02,010848e9-79a4-4094-81d0-eb8caf4bc0ac,e530c0ae-504c-4752-a043-4e3054e5a59d,That 2019 DNA study of Loch Ness actually found something they're not telling you about. Read the actual paper.,control,True,C,,,4,5,2026-02-23T10:42:07.808Z
TH-F0,dose_0,0,2,th-f0-run02,a4fb4450-d484-492e-bd52-0d7212d4485c,13a64101-4ee5-45cd-b096-ea7adc72a03d,There's a reason the US Navy tested their most classified underwater sonar systems in the Bermuda Triangle and nobody talks about it,control,True,C,,,0,0,2026-02-23T10:40:08.374Z
TH-F0,dose_0,0,2,th-f0-run02,3623a46b-051f-4d96-81f3-25b9243a1f08,62ecdfbe-6107-48a9-a1e0-15f0588e3a1e,"Avril Lavigne's handwriting, voice, face shape, and birthmarks ALL changed after 2003. This is the one conspiracy I can't debunk.",control,True,C,,,0,0,2026-02-23T10:36:11.046Z
TH-F0,dose_0,0,2,th-f0-run02,e9b85104-6674-4b3c-8028-66109e4358c8,4eccaf2f-3c1d-44dd-bc17-316ff9b69530,I actually read Agenda 21 and the Sustainable Development Goals. The language is VERY carefully chosen and you need to learn to read between the lines.,control,True,C,,,0,0,2026-02-23T10:34:08.553Z
TH-F0,dose_0,0,2,th-f0-run02,4db583f2-6f4f-47ae-ae3f-1eedcc48efdd,9190c077-14c4-4093-b999-06bfff846a33,"I tried to drive to Bielefeld, Germany last summer. What happened next changed everything I thought I knew.",control,True,C,,,0,0,2026-02-23T10:30:08.337Z
TH-F0,dose_0,0,2,th-f0-run02,6768f178-484b-420b-acde-f4c68f95f72b,b8a7e7a1-a2ac-4b39-8b6a-7c0e1ec531d9,Building 7 fell at freefall speed and wasn't hit by a plane. I will die on this hill.,control,True,C,,,0,0,2026-02-23T10:28:07.852Z
TH-F0,dose_0,0,2,th-f0-run02,b486a773-f1b0-4c61-a045-316edee2718c,0dbd79a6-d3e9-4824-b62c-632387487dc9,Why did Disney's family hold the funeral in SECRET and cremate him within 48 hours? Because they had to hide the body. Here's why.,control,True,C,,,0,0,2026-02-23T10:22:08.159Z
TH-F0,dose_0,0,2,th-f0-run02,8bd64c4c-5836-4d38-827a-7d74dd5da516,aeb3a418-c73f-4a8e-b66b-3f4cb941b81f,The Malala story was the most perfectly timed Western propaganda operation of the decade. Let me explain.,control,True,C,,,0,0,2026-02-23T10:20:06.229Z
TH-F0,dose_0,0,2,th-f0-run02,cb3ff18b-a52b-4455-ba47-4741ed6a4fbc,f869ea96-976f-43cd-b6be-3181f025ee5a,Just flew through Denver. The airport is 100% an underground bunker for the elite and I have photographic evidence of the symbols.,control,True,C,,,0,0,2026-02-23T10:18:06.476Z
TH-F0,dose_0,0,2,th-f0-run02,c59e3251-de83-470e-bae6-f02e3ed1caeb,3314441c-0f1d-4160-8b32-17935cf97293,"If we really went to the moon in 1969, why haven't we been back since 1972? Think about it.",control,True,C,,,0,1,2026-02-23T10:14:04.891Z
TH-F0,dose_0,0,2,th-f0-run02,af95420c-59e5-49bb-9dec-16825b12cbac,1356a015-43ba-4ac0-bd80-53c17c54421b,"If we really went to the moon in 1969, why haven't we been back since 1972? Think about it.",control,True,C,,,0,1,2026-02-23T10:13:39.514Z
TH-F0,dose_0,0,3,th-f0-run03,8d6ad5bd-4b23-4ed8-a263-3be970ff8233,c41b6469-3762-425b-9b88-7096af248d86,They quietly changed 'global warming' to 'climate change' so they could never be wrong. Nobody's talking about this.,control,True,C,,,0,0,2026-02-23T14:09:49.251Z
TH-F0,dose_0,0,3,th-f0-run03,45f6cf72-34de-4ce3-8720-504aff1fe3ae,22580889-35d2-4d50-8268-acb80365a1ee,The US government KNEW Flight 007 was off course and heading into Soviet airspace. They let it happen. Here's why.,control,True,C,,,0,0,2026-02-23T14:07:49.201Z
TH-F0,dose_0,0,3,th-f0-run03,d9dde8ba-f6ca-409e-8b2a-8f3f4c8e728b,6c20120f-0c23-49e3-9df1-633849cf2155,Exposed my kid's rain boots to a fresh 'contrail' fallout zone and got them tested at a lab. The results are not water vapor. Wake up.,control,True,C,,,0,0,2026-02-23T14:05:49.188Z
TH-F0,dose_0,0,3,th-f0-run03,3a2d0f08-deae-4db9-a487-e0db6a58641a,84d3a800-6a4b-4cb4-90ce-00ddabef19f4,They poured 3.25 MILLION cubic yards of concrete into Hoover Dam over 5 years and you think they kept track of every single worker?,control,True,C,,,0,0,2026-02-23T14:03:49.167Z
TH-F0,dose_0,0,3,th-f0-run03,7a6db04e-b351-405b-bef6-c064181f9b02,b2686dd5-f8ef-416e-b928-0f5f18804abf,I've been tracking the black helicopter flights over my area for 6 months. The patterns are NOT random.,control,True,C,,,0,0,2026-02-23T14:01:49.170Z
TH-F0,dose_0,0,3,th-f0-run03,fd6e14a9-cb4f-460e-8995-59554eef489b,a57dde9d-e268-453e-9bb4-b89cd3fff94d,Former Area 51 employees keep dying before their interviews and nobody wants to talk about the pattern,control,True,C,,,0,0,2026-02-23T13:59:49.197Z
TH-F0,dose_0,0,3,th-f0-run03,7da1f387-25b7-4433-b6d0-bacafbe21489,48608f4f-73a6-47a1-a8c1-f3df9a64092d,I don't care about politics left or right but can someone explain why they needed THREE YEARS to produce a birth certificate? Something doesn't sit right.,control,True,C,,,0,0,2026-02-23T13:57:49.140Z
TH-F0,dose_0,0,3,th-f0-run03,43fd821a-7a1b-4ce1-8bbf-223d19be6e92,c040edeb-7021-47ac-ac38-9f22461f68f1,They turned the machine on in 2012 and NOTHING has felt right since. Coincidence?,control,True,C,,,0,0,2026-02-23T13:55:49.112Z
TH-F0,dose_0,0,3,th-f0-run03,f5a1a988-6f77-4417-8743-59446128ffd5,0091d854-2677-4175-a1c3-ba11816b722c,"MIT did a study ""debunking"" tin foil hats and it was FUNDED BY THE GOVERNMENT. Do I need to draw you a picture?",control,True,C,,,1,1,2026-02-23T13:53:49.489Z
TH-F0,dose_0,0,3,th-f0-run03,a23736b8-c988-416f-a5a4-98e78199b1ec,6c7af9b5-9d87-4f12-878e-92df987ec5d4,The government has changed the Roswell story FOUR TIMES since 1947. Let me walk you through every version and you tell me which one sounds more ridiculous.,control,True,C,,,1,1,2026-02-23T13:51:49.120Z
TH-F0,dose_0,0,3,th-f0-run03,29581c4a-9255-455f-9c84-94575653bb01,11518a01-9a5e-466b-95c5-00edd30c5a87,That 2019 DNA study of Loch Ness actually found something they're not telling you about. Read the actual paper.,control,True,C,,,0,0,2026-02-23T13:49:49.105Z
TH-F0,dose_0,0,3,th-f0-run03,156f70e4-a362-45c5-9e33-44606d85a7ec,d6cee015-91fa-4951-8b64-ccf9b2968b82,There's a reason the US Navy tested their most classified underwater sonar systems in the Bermuda Triangle and nobody talks about it,control,True,C,,,0,1,2026-02-23T13:47:49.101Z
TH-F0,dose_0,0,3,th-f0-run03,77bb5c47-4f8b-4319-acb3-4bb3451d9771,90c6bf0f-c9c3-4c8e-83f5-fdf2bdb980f6,I spent 6 months comparing photos of Paul McCartney before and after November 1966. It is NOT the same person.,control,True,C,,,0,2,2026-02-23T13:45:49.137Z
TH-F0,dose_0,0,3,th-f0-run03,90a44a24-0047-4316-8d70-fbd2e8d6a8e4,5df45ae4-2bd4-4144-8130-69bd875e812e,"Avril Lavigne's handwriting, voice, face shape, and birthmarks ALL changed after 2003. This is the one conspiracy I can't debunk.",control,True,C,,,2,5,2026-02-23T13:43:49.320Z
TH-F0,dose_0,0,3,th-f0-run03,c0ebe9bc-807a-4979-b366-0337e882300a,a7c13735-b214-44cb-9d62-5ddf229b4f7d,I actually read Agenda 21 and the Sustainable Development Goals. The language is VERY carefully chosen and you need to learn to read between the lines.,control,True,C,,,1,2,2026-02-23T13:41:50.954Z
TH-F0,dose_0,0,3,th-f0-run03,2df140bb-78e6-4524-be99-c92e4fbccdc4,f6741029-1a0b-43b3-bed7-f4e4a2fb034d,"Mozart was writing letters about Salieri trying to destroy his career BEFORE he mysteriously died at 35. But sure, nothing happened.",control,True,C,,,0,1,2026-02-23T13:39:51.269Z
TH-F0,dose_0,0,3,th-f0-run03,f7b1bfd0-15d9-40db-a16d-01f74d2a6e11,a45edc92-433f-4d39-8ba6-71569a2d42f9,"I tried to drive to Bielefeld, Germany last summer. What happened next changed everything I thought I knew.",control,True,C,,,0,0,2026-02-23T13:37:50.133Z
TH-F0,dose_0,0,3,th-f0-run03,defc914e-20a4-44d2-bec8-48216fe80bed,571decad-ffd4-4963-bb47-a4f6f735cd84,Building 7 fell at freefall speed and wasn't hit by a plane. I will die on this hill.,control,True,C,,,0,4,2026-02-23T13:35:51.009Z
TH-F0,dose_0,0,3,th-f0-run03,71d3481c-1683-42e0-956b-ff5bd6ef10b1,b71c0141-acc4-41a8-8a61-5472da69043e,"I'm not saying Ted Cruz is the Zodiac Killer, but can someone explain why NO ONE has proven he ISN'T?",control,True,C,,,0,0,2026-02-23T13:33:50.629Z
TH-F0,dose_0,0,3,th-f0-run03,f2c0ec1c-457d-4333-be20-c91335225c35,7aef1c39-5838-4080-aece-e24c0f3d2b17,Why did they work SO hard to make you forget about Bowling Green? What are they covering up?,control,True,C,,,0,0,2026-02-23T13:31:50.058Z
TH-F0,dose_0,0,3,th-f0-run03,42fc547e-8823-46d8-98ed-aff13c45e7a4,55670273-9ae3-4797-9ef1-69537a017ee5,Why did Disney's family hold the funeral in SECRET and cremate him within 48 hours? Because they had to hide the body. Here's why.,control,True,C,,,0,0,2026-02-23T13:29:50.825Z
TH-F0,dose_0,0,3,th-f0-run03,3f42d624-7130-494a-96ec-8c337d1cf872,f8d8da7f-ef37-4027-ba67-91b928abc9d9,Just flew through Denver. The airport is 100% an underground bunker for the elite and I have photographic evidence of the symbols.,control,True,C,,,1,1,2026-02-23T13:25:50.088Z
TH-F0,dose_0,0,3,th-f0-run03,97097c1d-3daf-4ecb-bb7a-1466e6d890a6,2892a69f-8656-495c-ae97-d2ef83ec609f,Why do they push SO hard for you to be an organ donor? Think about whose organs are really worth money.,control,True,C,,,0,1,2026-02-23T13:23:51.090Z
TH-F0,dose_0,0,3,th-f0-run03,f97c7c44-2c2f-492d-880c-9b919a30ce22,4cb1ad2e-032e-416b-b448-21d007c79317,"If we really went to the moon in 1969, why haven't we been back since 1972? Think about it.",control,True,C,,,0,2,2026-02-23T13:21:48.267Z
TH-F0,dose_0,0,3,th-f0-run03,154c4116-98c6-4cb0-b8f1-24d628c3b802,96cd8b19-ebdc-4600-a65d-082a92436946,"If we really went to the moon in 1969, why haven't we been back since 1972? Think about it.",control,True,C,,,0,0,2026-02-23T13:21:24.017Z
TH-F0,dose_0,0,4,th-f0-run04,eb4c8d1f-13d2-472e-91f1-3f211aefe8bb,5e93b12e-34cb-48ed-bfc7-b1550d440ace,They quietly changed 'global warming' to 'climate change' so they could never be wrong. Nobody's talking about this.,control,True,C,,,0,0,2026-02-23T17:14:48.809Z
TH-F0,dose_0,0,4,th-f0-run04,ed3f2ceb-3b2a-4271-aae2-2b67fa996488,7ae272e1-c9e8-4983-bda7-bb919b3a29be,The US government KNEW Flight 007 was off course and heading into Soviet airspace. They let it happen. Here's why.,control,True,C,,,0,0,2026-02-23T17:12:48.767Z
TH-F0,dose_0,0,4,th-f0-run04,f41d7467-5a19-43db-8bb3-2c47d4a29be0,b24fc67d-91db-480b-9b84-5584b4031dcc,Exposed my kid's rain boots to a fresh 'contrail' fallout zone and got them tested at a lab. The results are not water vapor. Wake up.,control,True,C,,,0,0,2026-02-23T17:10:48.777Z
TH-F0,dose_0,0,4,th-f0-run04,62c26a9d-d4ae-44e1-9999-2961ea545362,46930cca-9da2-411a-a7a6-b1ee00c3c097,They poured 3.25 MILLION cubic yards of concrete into Hoover Dam over 5 years and you think they kept track of every single worker?,control,True,C,,,0,0,2026-02-23T17:08:48.782Z
TH-F0,dose_0,0,4,th-f0-run04,e6ef9101-2c20-40d3-bf83-bded2c9104e0,ed192e81-f9d8-49e5-b7c2-35cbaabf48ee,I've been tracking the black helicopter flights over my area for 6 months. The patterns are NOT random.,control,True,C,,,0,0,2026-02-23T17:06:48.747Z
TH-F0,dose_0,0,4,th-f0-run04,fbe460fc-dfe7-420f-9709-181bd5563b0e,edb86e16-e8e7-41a8-a15a-3e1a285093d1,Former Area 51 employees keep dying before their interviews and nobody wants to talk about the pattern,control,True,C,,,1,1,2026-02-23T17:04:48.776Z
TH-F0,dose_0,0,4,th-f0-run04,980a69a8-79a7-4c2a-8820-fcce18c5cade,2b116d06-a576-47f9-99e3-ac551fe0fbdc,I don't care about politics left or right but can someone explain why they needed THREE YEARS to produce a birth certificate? Something doesn't sit right.,control,True,C,,,0,0,2026-02-23T17:02:48.763Z
TH-F0,dose_0,0,4,th-f0-run04,f1f99553-2ef9-4bc5-83e4-065264368fdf,ad935038-06c1-4d2e-aa9c-064a5f833683,They turned the machine on in 2012 and NOTHING has felt right since. Coincidence?,control,True,C,,,0,1,2026-02-23T17:00:48.784Z
TH-F0,dose_0,0,4,th-f0-run04,a0bba3fc-0180-479c-a871-266043387bce,7f4be2ad-98b6-4dbc-9a7b-e05c40694bbc,"MIT did a study ""debunking"" tin foil hats and it was FUNDED BY THE GOVERNMENT. Do I need to draw you a picture?",control,True,C,,,0,1,2026-02-23T16:58:50.172Z
TH-F0,dose_0,0,4,th-f0-run04,03b54c9a-06db-4e56-8354-f1faf3d62be8,9fe5fa09-06af-4e0a-afe1-9ca5e40bf450,The government has changed the Roswell story FOUR TIMES since 1947. Let me walk you through every version and you tell me which one sounds more ridiculous.,control,True,C,,,0,3,2026-02-23T16:56:50.403Z
TH-F0,dose_0,0,4,th-f0-run04,d6ceb63c-cc17-43f2-99f0-a4c9ee8cb6b2,8cf7c192-a270-49b2-88b8-11b20aeb875e,That 2019 DNA study of Loch Ness actually found something they're not telling you about. Read the actual paper.,control,True,C,,,2,2,2026-02-23T16:54:51.526Z
TH-F0,dose_0,0,4,th-f0-run04,1396420a-f795-4158-a8c7-c91bb1e6e0c4,b24cdbd7-c801-4fac-a937-e793cca37e3b,There's a reason the US Navy tested their most classified underwater sonar systems in the Bermuda Triangle and nobody talks about it,control,True,C,,,0,0,2026-02-23T16:52:51.711Z
TH-F0,dose_0,0,4,th-f0-run04,3d1b9578-0e23-4ce7-8a97-ee59d6b4fe0f,d107227d-d242-4780-a3f5-f9f7c87abc23,I spent 6 months comparing photos of Paul McCartney before and after November 1966. It is NOT the same person.,control,True,C,,,0,0,2026-02-23T16:50:50.801Z
TH-F0,dose_0,0,4,th-f0-run04,bc4c45d4-fca7-410c-a2e7-cb0b72057d85,ed28fefa-5f5d-4494-b4cc-389e985533c0,"Avril Lavigne's handwriting, voice, face shape, and birthmarks ALL changed after 2003. This is the one conspiracy I can't debunk.",control,True,C,,,0,0,2026-02-23T16:48:50.916Z
TH-F0,dose_0,0,4,th-f0-run04,ecae8125-f307-4602-9f40-a63324f30bf4,eeb942cb-ffb6-43fb-8c01-59148bb73469,I actually read Agenda 21 and the Sustainable Development Goals. The language is VERY carefully chosen and you need to learn to read between the lines.,control,True,C,,,0,0,2026-02-23T16:46:52.482Z
TH-F0,dose_0,0,4,th-f0-run04,ead411ed-e19b-4c78-a36c-4ee657a62f3d,e206eac4-bd42-43dd-a183-0ac23f8b3283,"I tried to drive to Bielefeld, Germany last summer. What happened next changed everything I thought I knew.",control,True,C,,,0,0,2026-02-23T16:42:50.063Z
TH-F0,dose_0,0,4,th-f0-run04,6998421e-bcdc-466c-8da6-6dcc5dd57c6b,a10638a0-d4b3-48f7-a3d9-a931160e9cd5,Why did they work SO hard to make you forget about Bowling Green? What are they covering up?,control,True,C,,,0,0,2026-02-23T16:36:53.544Z
TH-F0,dose_0,0,4,th-f0-run04,9c91ad5a-3e35-48ab-8069-d3ffec237bf6,d3d7ffbe-a593-413a-b53a-280506fd2cc6,Why did Disney's family hold the funeral in SECRET and cremate him within 48 hours? Because they had to hide the body. Here's why.,control,True,C,,,0,0,2026-02-23T16:34:49.971Z
TH-F0,dose_0,0,4,th-f0-run04,24049f65-99db-40eb-8dc8-b59bf9fce3a9,a2739ecc-9d36-45a0-a888-99a0e3fa72cc,The Malala story was the most perfectly timed Western propaganda operation of the decade. Let me explain.,control,True,C,,,0,0,2026-02-23T16:32:49.077Z
TH-F0,dose_0,0,4,th-f0-run04,87d8ffe4-fbe4-4740-9b70-fd963b2be589,ea548619-b4ef-4614-863a-80bfedaeb4a7,Just flew through Denver. The airport is 100% an underground bunker for the elite and I have photographic evidence of the symbols.,control,True,C,,,0,1,2026-02-23T16:30:48.638Z
TH-F0,dose_0,0,4,th-f0-run04,b3a967a7-53f0-4e4c-852f-d9d3fde3572e,5ffe255e-6da1-4bfe-a3c9-ed41e0a25e87,Why do they push SO hard for you to be an organ donor? Think about whose organs are really worth money.,control,True,C,,,0,0,2026-02-23T16:28:48.467Z
TH-F0,dose_0,0,4,th-f0-run04,5828916b-8c35-4e10-803a-82134d83939e,f8ea859e-a56a-43ba-9493-8951d5aedf64,"If we really went to the moon in 1969, why haven't we been back since 1972? Think about it.",control,True,C,,,0,0,2026-02-23T16:26:46.283Z
TH-F0,dose_0,0,4,th-f0-run04,505192f3-526c-46b0-af09-c14b28df835b,15405837-cf8b-4555-a03c-66b0679e1897,"If we really went to the moon in 1969, why haven't we been back since 1972? Think about it.",control,True,C,,,0,0,2026-02-23T16:26:23.508Z
TH-F1,dose_1,1,1,th-f1-run01,ff55ecad-f905-4855-95f3-e4744e9cd9bb,5bded2e2-33c8-4957-aa0b-82b8328fed38,There's a reason the US Navy tested their most classified underwater sonar systems in the Bermuda Triangle and nobody talks about it,control,True,C,,,0,0,2026-02-22T18:29:25.918Z
TH-F1,dose_1,1,1,th-f1-run01,406ea022-6e76-4c07-9ce6-a37cb8b3f839,24999350-b278-4c32-8ce5-99f7cc35a0a0,They poured 3.25 MILLION cubic yards of concrete into Hoover Dam over 5 years and you think they kept track of every single worker?,control,True,C,,,0,0,2026-02-22T18:27:25.902Z
TH-F1,dose_1,1,1,th-f1-run01,24887809-55e0-418e-8f6f-d1b2bed9dfb7,b11667b2-f64d-488a-bb9c-5e8867379274,TIL a cold snap doesn't disprove global warming and the science behind why is actually fascinating,control,True,C,,,0,0,2026-02-22T18:25:25.891Z
TH-F1,dose_1,1,1,th-f1-run01,b5cd939a-d8e2-46b9-8fcd-050dcadffb95,b539a1d0-ab96-4a09-883f-45cbab52fa11,Why did they work SO hard to make you forget about Bowling Green? What are they covering up?,control,True,C,,,0,0,2026-02-22T18:23:25.897Z
TH-F1,dose_1,1,1,th-f1-run01,b88657b1-6423-413d-86fe-179e3a3f971f,913c0a8c-669f-4b79-9e5f-09dbe2a9a154,Just flew through Denver. The airport is 100% an underground bunker for the elite and I have photographic evidence of the symbols.,control,True,C,,,0,0,2026-02-22T18:21:25.898Z
TH-F1,dose_1,1,1,th-f1-run01,b9175a04-b08c-482f-bed3-d1bddbc9d43a,a14b8076-e30c-4c6e-8aa7-fec771d0aa09,"Mozart was writing letters about Salieri trying to destroy his career BEFORE he mysteriously died at 35. But sure, nothing happened.",control,True,C,,,0,0,2026-02-22T18:19:25.891Z
TH-F1,dose_1,1,1,th-f1-run01,00a7692c-f2fe-4351-8812-9a4a49735a81,9c31d13a-9c9a-4adc-8d37-c53b91088c7d,Exposed my kid's rain boots to a fresh 'contrail' fallout zone and got them tested at a lab. The results are not water vapor. Wake up.,control,True,C,,,0,0,2026-02-22T18:17:25.875Z
TH-F1,dose_1,1,1,th-f1-run01,0cdf734d-0161-465c-b22c-a272b2035935,829773f0-8325-46a3-913b-aba550410b4b,I don't care about politics left or right but can someone explain why they needed THREE YEARS to produce a birth certificate? Something doesn't sit right.,control,True,C,,,0,0,2026-02-22T18:15:25.854Z
TH-F1,dose_1,1,1,th-f1-run01,14ed0178-bf46-4954-8e97-b7089aff78ed,26951363-1c5b-4066-a9e1-4f062d0c3e2e,They turned the machine on in 2012 and NOTHING has felt right since. Coincidence?,control,True,C,,,0,0,2026-02-22T18:13:25.845Z
TH-F1,dose_1,1,1,th-f1-run01,f2c1577a-6d79-40d1-af16-9a6261c1f990,70ff7a37-af5d-44c6-8445-f7940bb7c064,"I tried to drive to Bielefeld, Germany last summer. What happened next changed everything I thought I knew.",control,True,C,,,0,0,2026-02-22T18:11:25.834Z
TH-F1,dose_1,1,1,th-f1-run01,3aea5532-2087-41b6-91ad-a8aca3c402ee,dcb7f777-ce4e-43bc-bcdb-04ae8ea7eb91,That 2019 DNA study of Loch Ness actually found something they're not telling you about. Read the actual paper.,control,True,C,,,0,0,2026-02-22T18:09:25.832Z
TH-F1,dose_1,1,1,th-f1-run01,320e9048-7c26-412f-af9d-34a832cbe31f,bd1bc84d-290d-4e9d-9dd5-1ea11194bcae,"MIT did a study ""debunking"" tin foil hats and it was FUNDED BY THE GOVERNMENT. Do I need to draw you a picture?",control,True,C,,,0,0,2026-02-22T18:07:25.795Z
TH-F1,dose_1,1,1,th-f1-run01,11e2439d-f3d0-4cda-9054-e6d78b9d3d41,2d7718ae-f6ea-44e9-be26-01fcba7d38df,I've been tracking the black helicopter flights over my area for 6 months. The patterns are NOT random.,control,True,C,,,0,0,2026-02-22T18:05:25.833Z
TH-F1,dose_1,1,1,th-f1-run01,8d80d1ff-0490-4244-9c4e-3676f92efe63,fe3ce9e6-45a2-4017-b981-860eb49f9c9d,Why did Disney's family hold the funeral in SECRET and cremate him within 48 hours? Because they had to hide the body. Here's why.,control,True,C,,,-1,1,2026-02-22T18:03:25.814Z
TH-F1,dose_1,1,1,th-f1-run01,9d67a731-67a7-48ed-a1be-3fe5d84a9dac,40ac4e7d-a126-41e9-9c92-cde7318e7fbc,Why do they push SO hard for you to be an organ donor? Think about whose organs are really worth money.,control,True,C,,,0,0,2026-02-22T18:01:25.798Z
TH-F1,dose_1,1,1,th-f1-run01,cfea7ccf-c444-4cbd-9532-ecbeb27ee275,be510b1f-6045-4990-aff4-5842fef6e5e5,I spent 6 months comparing photos of Paul McCartney before and after November 1966. It is NOT the same person.,control,True,C,,,-1,2,2026-02-22T17:59:25.812Z
TH-F1,dose_1,1,1,th-f1-run01,a839abf5-795d-4cbd-b4d1-81db06b905c2,b16d4bff-f83e-4818-89c8-336d7356e6e5,"I'm not saying Ted Cruz is the Zodiac Killer, but can someone explain why NO ONE has proven he ISN'T?",control,True,C,,,0,1,2026-02-22T17:57:25.799Z
TH-F1,dose_1,1,1,th-f1-run01,2ebfa543-3760-4fe7-95fc-87b48aa54197,15fcadba-ceed-4ab1-bfec-d78350a536a7,They quietly changed 'global warming' to 'climate change' so they could never be wrong. Nobody's talking about this.,control,True,C,,,-1,6,2026-02-22T17:55:25.780Z
TH-F1,dose_1,1,1,th-f1-run01,cabe0353-c89c-45ee-b396-c064683c7321,8534ab7c-5d31-4c35-8cba-4974f53bbe4f,Former Area 51 employees keep dying before their interviews and nobody wants to talk about the pattern,control,True,C,,,1,2,2026-02-22T17:53:25.807Z
TH-F1,dose_1,1,1,th-f1-run01,f793a50b-6f25-4d1a-9af6-b52dd4b0aada,5797d885-8243-4ff4-9f40-00bb67bb2c89,The government has changed the Roswell story FOUR TIMES since 1947. Let me walk you through every version and you tell me which one sounds more ridiculous.,control,True,C,,,4,9,2026-02-22T17:51:26.293Z
TH-F1,dose_1,1,1,th-f1-run01,e78ad165-a882-4665-b61f-bf4e977d98f3,035e6f0d-db3e-485a-b495-7f1ec39e07a9,"Avril Lavigne's handwriting, voice, face shape, and birthmarks ALL changed after 2003. This is the one conspiracy I can't debunk.",control,True,C,,,0,0,2026-02-22T17:49:27.034Z
TH-F1,dose_1,1,1,th-f1-run01,a9b672b6-a6b7-47f4-9cd1-4ba3ece86c59,2cf4fe62-e78d-4d4b-b9e4-96a47723b959,The US government KNEW Flight 007 was off course and heading into Soviet airspace. They let it happen. Here's why.,control,True,C,,,1,2,2026-02-22T17:47:26.616Z
TH-F1,dose_1,1,1,th-f1-run01,5586817d-11b3-4a9e-a261-fdd77c807fe6,2073eef3-9649-42a1-8ad5-0842d941b6b6,The Malala story was the most perfectly timed Western propaganda operation of the decade. Let me explain.,control,True,C,,,0,0,2026-02-22T17:45:27.665Z
TH-F1,dose_1,1,1,th-f1-run01,9e90567e-5c71-4194-918c-bf48efffb174,ec43757c-a133-4945-b504-63330972c354,I actually read Agenda 21 and the Sustainable Development Goals. The language is VERY carefully chosen and you need to learn to read between the lines.,control,True,C,,,0,1,2026-02-22T17:43:26.527Z
TH-F1,dose_1,1,1,th-f1-run01,a0ec1f9c-3152-4d21-9039-1036a7cf2829,0b291ede-3429-4c6c-b82b-9c7907842871,"If we really went to the moon in 1969, why haven't we been back since 1972? Think about it.",control,True,C,,,0,1,2026-02-22T17:41:25.648Z
TH-F1,dose_1,1,1,th-f1-run01,25bd1df2-3d7b-4346-86b2-3c04fc6f4fc2,a126dafb-7933-48e6-bcc3-a82ddcae4cbb,"If we really went to the moon in 1969, why haven't we been back since 1972? Think about it.",control,True,C,,,0,0,2026-02-22T17:41:05.391Z
TH-F1,dose_1,1,2,th-f1-run02,4732d8d4-f0b4-4814-96ee-29d873c7bfa6,8a2c5dbf-f357-44b6-b838-e4cd6f8b3450,There's a reason the US Navy tested their most classified underwater sonar systems in the Bermuda Triangle and nobody talks about it,control,True,C,,,1,1,2026-02-23T11:02:07.308Z
TH-F1,dose_1,1,2,th-f1-run02,acf82fad-6c92-486a-9f4d-1e376c33dadc,952606de-0b12-4f9b-91bc-572e24902a5b,They poured 3.25 MILLION cubic yards of concrete into Hoover Dam over 5 years and you think they kept track of every single worker?,control,True,C,,,0,2,2026-02-23T11:00:10.019Z
TH-F1,dose_1,1,2,th-f1-run02,f56f6ade-c9aa-44c2-868b-8990858ab36f,5c257cfa-76f4-4c2f-afba-a89626681bc3,TIL a cold snap doesn't disprove global warming and the science behind why is actually fascinating,control,True,C,,,6,4,2026-02-23T10:58:09.095Z
TH-F1,dose_1,1,2,th-f1-run02,97b62cea-6cb0-46cb-9673-ea1b5fc8917d,55e0a619-e39d-43c9-8b21-0925c277c8a1,Why did they work SO hard to make you forget about Bowling Green? What are they covering up?,control,True,C,,,0,0,2026-02-23T10:56:09.404Z
TH-F1,dose_1,1,2,th-f1-run02,97b5ad07-972d-4b8b-b892-410e450ecd0f,492fe072-3729-4a2f-a935-768dfd42acc4,Just flew through Denver. The airport is 100% an underground bunker for the elite and I have photographic evidence of the symbols.,control,True,C,,,0,1,2026-02-23T10:54:09.302Z
TH-F1,dose_1,1,2,th-f1-run02,2760454f-e78a-49dd-946a-9bbedceec177,adaddbc3-df06-43b9-8b43-57f5f20dc24a,"Mozart was writing letters about Salieri trying to destroy his career BEFORE he mysteriously died at 35. But sure, nothing happened.",control,True,C,,,0,0,2026-02-23T10:52:07.827Z
TH-F1,dose_1,1,2,th-f1-run02,30b7ce2c-bc73-47a4-b323-6aee59c0197e,3ce3284d-1fe9-4dd8-b613-96394905cb06,Exposed my kid's rain boots to a fresh 'contrail' fallout zone and got them tested at a lab. The results are not water vapor. Wake up.,control,True,C,,,0,1,2026-02-23T10:50:08.282Z
TH-F1,dose_1,1,2,th-f1-run02,cac707cc-5035-45c4-b04c-5c051b6a323b,62ab59a1-5a0c-49e5-8c7b-82f0c0276ca7,I don't care about politics left or right but can someone explain why they needed THREE YEARS to produce a birth certificate? Something doesn't sit right.,control,True,C,,,0,0,2026-02-23T10:48:11.645Z
TH-F1,dose_1,1,2,th-f1-run02,46767211-3037-49b4-8b54-a7096c22211a,2c60b3ad-cdfd-4c42-93b2-6b673d3014f5,They turned the machine on in 2012 and NOTHING has felt right since. Coincidence?,control,True,C,,,0,2,2026-02-23T10:46:09.023Z
TH-F1,dose_1,1,2,th-f1-run02,bf98da25-eaf7-4930-90d0-dd723cfc73d0,023ec5e3-ab39-40d7-a57b-34baffc52595,"I tried to drive to Bielefeld, Germany last summer. What happened next changed everything I thought I knew.",control,True,C,,,0,0,2026-02-23T10:44:08.048Z
TH-F1,dose_1,1,2,th-f1-run02,230e8f4c-09c5-429e-b5eb-492e4369d3c2,55b5388b-66a2-4ba5-b905-45ac356d45b2,That 2019 DNA study of Loch Ness actually found something they're not telling you about. Read the actual paper.,control,True,C,,,1,1,2026-02-23T10:42:08.136Z
TH-F1,dose_1,1,2,th-f1-run02,4e0a73df-f2d4-4a20-bb2e-3812e6ecc790,a5f4b850-abf4-4062-8d1f-a440e3e7dfec,"MIT did a study ""debunking"" tin foil hats and it was FUNDED BY THE GOVERNMENT. Do I need to draw you a picture?",control,True,C,,,1,1,2026-02-23T10:40:08.356Z
TH-F1,dose_1,1,2,th-f1-run02,c54ca6ee-dc77-4af5-ac1b-1b965654a95b,0287374c-2c7a-4a7c-ac1e-135b75c4ac9c,I've been tracking the black helicopter flights over my area for 6 months. The patterns are NOT random.,control,True,C,,,0,0,2026-02-23T10:38:10.354Z
TH-F1,dose_1,1,2,th-f1-run02,2667b813-22f1-4145-ab00-49ddd233190a,d110dfaa-8e49-4936-9a5c-9f03d90c39b1,Why did Disney's family hold the funeral in SECRET and cremate him within 48 hours? Because they had to hide the body. Here's why.,control,True,C,,,0,0,2026-02-23T10:36:08.653Z
TH-F1,dose_1,1,2,th-f1-run02,50f181b9-ac47-4b1b-a3b3-81ce91e75b8a,f743c01e-f241-4a03-88b2-967b6e986848,Why do they push SO hard for you to be an organ donor? Think about whose organs are really worth money.,control,True,C,,,0,0,2026-02-23T10:34:08.655Z
TH-F1,dose_1,1,2,th-f1-run02,c74366b6-77ac-4466-94ed-eea30fa60c65,73243d27-750c-4e49-832e-3f291adbaf7a,"I'm not saying Ted Cruz is the Zodiac Killer, but can someone explain why NO ONE has proven he ISN'T?",control,True,C,,,0,0,2026-02-23T10:30:08.291Z
TH-F1,dose_1,1,2,th-f1-run02,31dd3532-5bf2-4c61-b6c4-6bb751dd349f,e53bdd66-467b-4224-82c3-f6a0633cf07e,They quietly changed 'global warming' to 'climate change' so they could never be wrong. Nobody's talking about this.,control,True,C,,,0,0,2026-02-23T10:28:07.270Z
TH-F1,dose_1,1,2,th-f1-run02,8ae41180-f21f-4886-9430-1cdffefed170,9d0a383f-812c-4884-a52f-afb5b1ba59da,"Avril Lavigne's handwriting, voice, face shape, and birthmarks ALL changed after 2003. This is the one conspiracy I can't debunk.",control,True,C,,,0,0,2026-02-23T10:22:06.565Z
TH-F1,dose_1,1,2,th-f1-run02,2697770b-4d61-4057-af2c-b3da09061cd9,9326f966-b3fc-4666-9a92-348f5f5ce5a6,The US government KNEW Flight 007 was off course and heading into Soviet airspace. They let it happen. Here's why.,control,True,C,,,0,0,2026-02-23T10:20:06.107Z
TH-F1,dose_1,1,2,th-f1-run02,fbbaecd2-4d14-4586-a4da-cce0cbe07652,866d5c68-9af0-47c1-bf54-09a449065f33,The Malala story was the most perfectly timed Western propaganda operation of the decade. Let me explain.,control,True,C,,,0,0,2026-02-23T10:18:06.647Z
TH-F1,dose_1,1,2,th-f1-run02,dd7e640b-2eac-4c8f-8017-bbd87e5f6b66,36cc7a97-4274-4c85-8196-72a5798c2351,"If we really went to the moon in 1969, why haven't we been back since 1972? Think about it.",control,True,C,,,0,1,2026-02-23T10:14:04.773Z
TH-F1,dose_1,1,2,th-f1-run02,dd48f096-86ac-4445-b464-c5e06768e040,9611f701-a84d-4996-bb9e-9302f43be960,"If we really went to the moon in 1969, why haven't we been back since 1972? Think about it.",control,True,C,,,0,0,2026-02-23T10:13:39.511Z
TH-F1,dose_1,1,3,th-f1-run03,41227bba-c683-4cc6-b19f-f95bb0729bf5,cf009c36-4b23-47c3-80e0-60f27d66f494,There's a reason the US Navy tested their most classified underwater sonar systems in the Bermuda Triangle and nobody talks about it,control,True,C,,,0,0,2026-02-23T14:09:49.253Z
TH-F1,dose_1,1,3,th-f1-run03,92e73155-3e4d-41d3-a53c-82c7cedbc53e,e633613e-ddff-49a8-bf70-e9ec7ecb2dee,They poured 3.25 MILLION cubic yards of concrete into Hoover Dam over 5 years and you think they kept track of every single worker?,control,True,C,,,0,0,2026-02-23T14:07:49.201Z
TH-F1,dose_1,1,3,th-f1-run03,1384f46d-25d5-424f-889f-f7cc8831623c,0edfa038-d53e-47eb-9437-6c7523a8450e,TIL a cold snap doesn't disprove global warming and the science behind why is actually fascinating,control,True,C,,,1,1,2026-02-23T14:05:49.190Z
TH-F1,dose_1,1,3,th-f1-run03,642396d1-257c-4b02-9895-75dda3ca34d2,0e712bcd-5e27-4e9c-8cea-34f3ae740c25,Why did they work SO hard to make you forget about Bowling Green? What are they covering up?,control,True,C,,,0,0,2026-02-23T14:03:49.169Z
TH-F1,dose_1,1,3,th-f1-run03,46431f27-ecec-46d9-9bee-e13607cdc764,8366de0a-ae4a-4a81-a894-8bd3f3b3a24c,Just flew through Denver. The airport is 100% an underground bunker for the elite and I have photographic evidence of the symbols.,control,True,C,,,0,0,2026-02-23T14:01:49.169Z
TH-F1,dose_1,1,3,th-f1-run03,8d8b5659-9d4a-41bd-9f68-d4bd410e0414,b0d29aa9-0887-4502-bb0a-707f11af48f5,"Mozart was writing letters about Salieri trying to destroy his career BEFORE he mysteriously died at 35. But sure, nothing happened.",control,True,C,,,0,0,2026-02-23T13:59:49.192Z
TH-F1,dose_1,1,3,th-f1-run03,5b2866a0-a701-41bf-9bae-f17cea013271,294f25b7-a5c4-4619-8c01-8f1537e7e4b6,Exposed my kid's rain boots to a fresh 'contrail' fallout zone and got them tested at a lab. The results are not water vapor. Wake up.,control,True,C,,,0,0,2026-02-23T13:57:49.141Z
TH-F1,dose_1,1,3,th-f1-run03,b127a256-9a75-4760-a4ce-8fa3b4c9a330,e47ecc0a-58ed-419c-b887-ef80b4a067f3,I don't care about politics left or right but can someone explain why they needed THREE YEARS to produce a birth certificate? Something doesn't sit right.,control,True,C,,,0,0,2026-02-23T13:55:49.105Z
TH-F1,dose_1,1,3,th-f1-run03,f11e3a3b-fcec-48d9-978b-08f63d4b2192,73cde1f4-2e0b-49b3-81e4-404796b438c2,They turned the machine on in 2012 and NOTHING has felt right since. Coincidence?,control,True,C,,,0,0,2026-02-23T13:53:49.692Z
TH-F1,dose_1,1,3,th-f1-run03,0de5f564-78bc-400f-92aa-b4f1980bb10e,f0b34c45-ab81-46de-8dd4-015dc1acb776,"I tried to drive to Bielefeld, Germany last summer. What happened next changed everything I thought I knew.",control,True,C,,,0,1,2026-02-23T13:51:49.113Z
TH-F1,dose_1,1,3,th-f1-run03,74482098-74c6-431c-8f6b-f12955296414,0bb36ad7-6739-4ef6-b676-dc88ea5e2f0e,That 2019 DNA study of Loch Ness actually found something they're not telling you about. Read the actual paper.,control,True,C,,,1,1,2026-02-23T13:49:49.078Z
TH-F1,dose_1,1,3,th-f1-run03,62f814c6-d1c1-4df9-8709-c3f662174290,18a6ce1f-3478-4f83-a6a6-99837a1d8525,"MIT did a study ""debunking"" tin foil hats and it was FUNDED BY THE GOVERNMENT. Do I need to draw you a picture?",control,True,C,,,0,0,2026-02-23T13:47:49.076Z
TH-F1,dose_1,1,3,th-f1-run03,1885b60f-9b14-4b16-bf0b-f6e7920e572d,818b5d8d-f912-4cad-a677-e5c665b688b8,I've been tracking the black helicopter flights over my area for 6 months. The patterns are NOT random.,control,True,C,,,0,1,2026-02-23T13:45:49.117Z
TH-F1,dose_1,1,3,th-f1-run03,96b986e7-6e73-47b8-b050-605c425d1c0b,1aeb52e8-03cc-42f0-be37-e09bfed98ebf,Why did Disney's family hold the funeral in SECRET and cremate him within 48 hours? Because they had to hide the body. Here's why.,control,True,C,,,0,1,2026-02-23T13:43:49.317Z
TH-F1,dose_1,1,3,th-f1-run03,68cd3918-ff63-4f78-80ba-d9d3fb98d1cb,ce3bbccc-5c5c-468f-96e4-a1d97a9e3e06,Why do they push SO hard for you to be an organ donor? Think about whose organs are really worth money.,control,True,C,,,-1,3,2026-02-23T13:41:51.139Z
TH-F1,dose_1,1,3,th-f1-run03,5e94071b-7546-4f35-94b7-60375499ebc4,c6498bc8-5530-4ae1-8fb8-592bb6257dac,I spent 6 months comparing photos of Paul McCartney before and after November 1966. It is NOT the same person.,control,True,C,,,0,1,2026-02-23T13:39:51.086Z
TH-F1,dose_1,1,3,th-f1-run03,f204abe5-7537-4614-ad5b-acb3ce1c794d,46648197-f3eb-4a1e-8611-3cc690b4a6bc,"I'm not saying Ted Cruz is the Zodiac Killer, but can someone explain why NO ONE has proven he ISN'T?",control,True,C,,,0,1,2026-02-23T13:37:50.383Z
TH-F1,dose_1,1,3,th-f1-run03,26347946-33ad-4662-94e0-cbe572e2cf4d,758a3cca-a293-46b9-861e-e61cdaa57ac1,They quietly changed 'global warming' to 'climate change' so they could never be wrong. Nobody's talking about this.,control,True,C,,,1,3,2026-02-23T13:35:50.816Z
TH-F1,dose_1,1,3,th-f1-run03,5c594dad-226e-4e56-b7bc-c136a3f71512,a250a5f0-a5c1-42a4-96bb-9e0c3d9302df,Former Area 51 employees keep dying before their interviews and nobody wants to talk about the pattern,control,True,C,,,0,1,2026-02-23T13:33:50.675Z
TH-F1,dose_1,1,3,th-f1-run03,f4d6dcb8-d43e-4e30-9851-3f8cec734c15,44261bac-4027-4aa4-bc14-f4118ff20401,The government has changed the Roswell story FOUR TIMES since 1947. Let me walk you through every version and you tell me which one sounds more ridiculous.,control,True,C,,,0,1,2026-02-23T13:31:49.945Z
TH-F1,dose_1,1,3,th-f1-run03,489969ea-d238-455b-81c9-391a036568dd,44af194a-c1cc-45d8-88bc-d8530e2d045e,"Avril Lavigne's handwriting, voice, face shape, and birthmarks ALL changed after 2003. This is the one conspiracy I can't debunk.",control,True,C,,,0,0,2026-02-23T13:29:50.225Z
TH-F1,dose_1,1,3,th-f1-run03,e777e71d-a326-4182-8224-9443d2605947,de38aca5-be7b-4b0b-9c21-a66b864c7ddb,The US government KNEW Flight 007 was off course and heading into Soviet airspace. They let it happen. Here's why.,control,True,C,,,0,0,2026-02-23T13:27:51.529Z
TH-F1,dose_1,1,3,th-f1-run03,8a9b7b2a-c53a-4d25-863d-8e937bbb5342,2fb54506-c12a-4ec7-8990-d88bf75dacd6,The Malala story was the most perfectly timed Western propaganda operation of the decade. Let me explain.,control,True,C,,,0,0,2026-02-23T13:25:49.868Z
TH-F1,dose_1,1,3,th-f1-run03,200cc191-dd31-4427-b3f0-6ea1b12c58ce,d28068a4-c793-4851-b90e-e6ef0edf666a,I actually read Agenda 21 and the Sustainable Development Goals. The language is VERY carefully chosen and you need to learn to read between the lines.,control,True,C,,,0,0,2026-02-23T13:23:50.669Z
TH-F1,dose_1,1,3,th-f1-run03,576140e1-9230-4ad2-9400-181d826e89d7,554dc9fa-9202-45a3-8684-2db06f3b632d,"If we really went to the moon in 1969, why haven't we been back since 1972? Think about it.",control,True,C,,,0,1,2026-02-23T13:21:48.480Z
TH-F1,dose_1,1,3,th-f1-run03,975ae687-6944-43c4-b508-73a747af964d,b5154979-8445-4530-aa2c-0d4fc376ba78,"If we really went to the moon in 1969, why haven't we been back since 1972? Think about it.",control,True,C,,,0,0,2026-02-23T13:21:24.024Z
TH-F1,dose_1,1,4,th-f1-run04,9a1524ca-3e6e-430c-98d6-f478f530ced8,39d84d62-a9b8-4a40-b432-575b23f07662,There's a reason the US Navy tested their most classified underwater sonar systems in the Bermuda Triangle and nobody talks about it,control,True,C,,,0,0,2026-02-23T17:14:54.388Z
TH-F1,dose_1,1,4,th-f1-run04,f8ed8075-30be-44be-8a34-d9c4fc258690,6e59ee81-3a1c-4d30-89f5-67f40b190b0c,They poured 3.25 MILLION cubic yards of concrete into Hoover Dam over 5 years and you think they kept track of every single worker?,control,True,C,,,0,0,2026-02-23T17:12:54.344Z
TH-F1,dose_1,1,4,th-f1-run04,f9a8c6ad-6bd4-473d-b25c-c397e0f961d2,158b973d-f6e0-4ceb-8d36-ef89f96714a9,TIL a cold snap doesn't disprove global warming and the science behind why is actually fascinating,control,True,C,,,1,1,2026-02-23T17:10:54.335Z
TH-F1,dose_1,1,4,th-f1-run04,a67bbde7-9c1d-4c3a-9a1b-a1655e6c06a7,e0858cd3-07b3-4430-90cf-2e94f708e78d,Why did they work SO hard to make you forget about Bowling Green? What are they covering up?,control,True,C,,,1,3,2026-02-23T17:08:54.322Z
TH-F1,dose_1,1,4,th-f1-run04,121352e1-8dce-4f9e-856f-43b0fdff2de6,46670f7e-e916-4afe-9f48-fb04ec6f5877,Just flew through Denver. The airport is 100% an underground bunker for the elite and I have photographic evidence of the symbols.,control,True,C,,,0,3,2026-02-23T17:06:54.301Z
TH-F1,dose_1,1,4,th-f1-run04,9fdc63ad-6170-48d9-8665-482d0e8006ed,1caab0e7-4089-49d9-9c3f-a5b31ed7d068,"Mozart was writing letters about Salieri trying to destroy his career BEFORE he mysteriously died at 35. But sure, nothing happened.",control,True,C,,,0,1,2026-02-23T17:04:54.307Z
TH-F1,dose_1,1,4,th-f1-run04,c6d4dcf8-e9eb-4957-9230-0e64838e60cc,0e757681-f14a-477e-b148-4954c744a3c2,Exposed my kid's rain boots to a fresh 'contrail' fallout zone and got them tested at a lab. The results are not water vapor. Wake up.,control,True,C,,,1,6,2026-02-23T17:02:54.349Z
TH-F1,dose_1,1,4,th-f1-run04,c5a9297c-cc55-4327-a593-ab055e9a01cf,1e5227c5-cc46-4a55-a577-f188011a148e,I don't care about politics left or right but can someone explain why they needed THREE YEARS to produce a birth certificate? Something doesn't sit right.,control,True,C,,,0,1,2026-02-23T17:00:54.351Z
TH-F1,dose_1,1,4,th-f1-run04,5d58ab38-9286-4bab-86d8-a1820678bd08,30c6d68b-ad6d-4445-b356-47cb3b3bbb5a,They turned the machine on in 2012 and NOTHING has felt right since. Coincidence?,control,True,C,,,3,7,2026-02-23T16:58:55.740Z
TH-F1,dose_1,1,4,th-f1-run04,c86dac60-dd53-4538-836c-3518431e4220,920aa492-86cb-46fc-aa70-a5c043a6c3f6,"I tried to drive to Bielefeld, Germany last summer. What happened next changed everything I thought I knew.",control,True,C,,,0,1,2026-02-23T16:56:55.241Z
TH-F1,dose_1,1,4,th-f1-run04,a0143485-1268-47f6-8c00-fe35cc7be461,c2d7e9f9-5cd4-420b-a700-5cbc14ba3b67,That 2019 DNA study of Loch Ness actually found something they're not telling you about. Read the actual paper.,control,True,C,,,5,7,2026-02-23T16:54:58.507Z
TH-F1,dose_1,1,4,th-f1-run04,69dd8dba-e02c-47f4-9ef7-89a2c304a38a,5fd72e6a-e627-4e16-8bbe-5a5834d0e00d,"MIT did a study ""debunking"" tin foil hats and it was FUNDED BY THE GOVERNMENT. Do I need to draw you a picture?",control,True,C,,,0,0,2026-02-23T16:52:55.932Z
TH-F1,dose_1,1,4,th-f1-run04,dc374d7d-feac-4f1b-a555-f7bf06e7f6ff,8d5645ef-d0b7-495e-b8f9-631ff9ab1759,I've been tracking the black helicopter flights over my area for 6 months. The patterns are NOT random.,control,True,C,,,0,1,2026-02-23T16:50:55.721Z
TH-F1,dose_1,1,4,th-f1-run04,77181339-4884-47e8-aff0-4dc5cafdf4f1,14de79ed-977e-4838-8cb0-93777a7a176e,Why did Disney's family hold the funeral in SECRET and cremate him within 48 hours? Because they had to hide the body. Here's why.,control,True,C,,,0,0,2026-02-23T16:48:55.609Z
TH-F1,dose_1,1,4,th-f1-run04,239fc24b-3d92-4729-b59d-a296b95b9bc5,928cfde7-6081-4fe8-a5e2-e113a01d9570,Why do they push SO hard for you to be an organ donor? Think about whose organs are really worth money.,control,True,C,,,0,0,2026-02-23T16:46:56.023Z
TH-F1,dose_1,1,4,th-f1-run04,c05d95d1-4aae-44fb-9ab5-a556cd952842,e7c9f512-d8e3-4f65-a3bf-bde5f5b48054,"I'm not saying Ted Cruz is the Zodiac Killer, but can someone explain why NO ONE has proven he ISN'T?",control,True,C,,,0,0,2026-02-23T16:42:54.871Z
TH-F1,dose_1,1,4,th-f1-run04,57c3fc88-49d2-42b1-beb7-f8fd43c4755e,95991679-d0fc-4c16-aaf7-c5a2b21937bc,They quietly changed 'global warming' to 'climate change' so they could never be wrong. Nobody's talking about this.,control,True,C,,,0,3,2026-02-23T16:41:04.152Z
TH-F1,dose_1,1,4,th-f1-run04,3b730585-5adc-4ac6-bafa-791472f60bba,286399a6-71e9-4052-9b98-eecefa38089a,Former Area 51 employees keep dying before their interviews and nobody wants to talk about the pattern,control,True,C,,,1,1,2026-02-23T16:38:55.271Z
TH-F1,dose_1,1,4,th-f1-run04,9f0b6d71-5003-4bbb-a321-851ea19b76df,38290760-8a4c-4622-b2a2-50d2c72b4737,The government has changed the Roswell story FOUR TIMES since 1947. Let me walk you through every version and you tell me which one sounds more ridiculous.,control,True,C,,,2,1,2026-02-23T16:36:54.629Z
TH-F1,dose_1,1,4,th-f1-run04,f6b9614b-cc8d-415f-b1a6-59fdf733ebac,ff3ba556-a19c-4d8a-8514-0877977b9c11,"Avril Lavigne's handwriting, voice, face shape, and birthmarks ALL changed after 2003. This is the one conspiracy I can't debunk.",control,True,C,,,0,2,2026-02-23T16:34:57.564Z
TH-F1,dose_1,1,4,th-f1-run04,d5ec828a-4b03-48d7-92ed-45a6d393f467,51790a5d-5142-4106-8f87-0eb728396b14,The Malala story was the most perfectly timed Western propaganda operation of the decade. Let me explain.,control,True,C,,,0,0,2026-02-23T16:30:55.730Z
TH-F1,dose_1,1,4,th-f1-run04,0c018b53-c2dd-4964-91f9-16217ed3e7cc,7136c328-ef15-44d5-8ddb-2fdee229f7fc,I actually read Agenda 21 and the Sustainable Development Goals. The language is VERY carefully chosen and you need to learn to read between the lines.,control,True,C,,,0,0,2026-02-23T16:28:56.331Z
TH-F1,dose_1,1,4,th-f1-run04,7f12bedc-dc1a-4e9c-8889-cd808148b709,8601bbcc-8f2c-4d40-ac15-8ef0203ae2cd,"If we really went to the moon in 1969, why haven't we been back since 1972? Think about it.",control,True,C,,,0,0,2026-02-23T16:26:51.740Z
TH-F1,dose_1,1,4,th-f1-run04,6033dab8-decb-4df9-a57d-0fdba368f3b9,4f9511fd-9e3d-4eb4-8a80-7db0cc1ce1f6,"If we really went to the moon in 1969, why haven't we been back since 1972? Think about it.",control,True,C,,,0,0,2026-02-23T16:26:23.494Z
TH-F2,dose_2,2,1,th-f2-run01,50b4def9-7a83-44f5-9195-89322d9d3cbb,870304c3-2eac-4b59-810b-cd04edb6feca,Just flew through Denver. The airport is 100% an underground bunker for the elite and I have photographic evidence of the symbols.,control,True,C,,,0,0,2026-02-22T19:30:46.608Z
TH-F2,dose_2,2,1,th-f2-run01,2926a73f-1a88-49a0-ad99-38e0f32a640e,69d99a89-ac7a-4ec3-b17b-d5a69c159303,"I'm not saying Ted Cruz is the Zodiac Killer, but can someone explain why NO ONE has proven he ISN'T?",control,True,C,,,0,0,2026-02-22T19:28:46.589Z
TH-F2,dose_2,2,1,th-f2-run01,4fe03013-8304-4005-be16-290736d88b85,f5b1bf15-db93-4f6b-a0c6-33819fd19d65,That 2019 DNA study of Loch Ness actually found something they're not telling you about. Read the actual paper.,control,True,C,,,0,0,2026-02-22T19:26:46.588Z
TH-F2,dose_2,2,1,th-f2-run01,3799bacd-a506-4b8d-af54-c173f1a5f776,700b71db-b638-46cc-bdc2-53eab3a673aa,TIL a cold snap doesn't disprove global warming and the science behind why is actually fascinating,control,True,C,,,0,0,2026-02-22T19:24:46.568Z
TH-F2,dose_2,2,1,th-f2-run01,08f93fd1-8b2b-4f10-a029-492684898292,978944c1-575f-4227-ad97-eb75a357f32a,I don't care about politics left or right but can someone explain why they needed THREE YEARS to produce a birth certificate? Something doesn't sit right.,control,True,C,,,0,0,2026-02-22T19:22:46.554Z
TH-F2,dose_2,2,1,th-f2-run01,1603c891-92bb-42fd-909d-526896f21fe2,2021b624-4b73-4e1b-9cdc-9ab711b95879,I actually read Agenda 21 and the Sustainable Development Goals. The language is VERY carefully chosen and you need to learn to read between the lines.,control,True,C,,,0,0,2026-02-22T19:20:46.557Z
TH-F2,dose_2,2,1,th-f2-run01,a93a8f3f-f605-47fc-a5ab-01151e49f844,3869b204-8ffb-46a8-bbd5-4242e7a8f52c,Former Area 51 employees keep dying before their interviews and nobody wants to talk about the pattern,control,True,C,,,0,0,2026-02-22T19:18:46.542Z
TH-F2,dose_2,2,1,th-f2-run01,3c57239e-e5c2-4fd4-bab3-da065f5bb53f,6e9733fe-4108-4be9-928a-46e14337e9da,Why do they push SO hard for you to be an organ donor? Think about whose organs are really worth money.,control,True,C,,,0,0,2026-02-22T19:16:46.515Z
TH-F2,dose_2,2,1,th-f2-run01,0656f994-ec65-489e-80ea-f71cf37edb39,0c8c57bc-e11b-4dee-b79c-65bc384e504c,The government has changed the Roswell story FOUR TIMES since 1947. Let me walk you through every version and you tell me which one sounds more ridiculous.,control,True,C,,,0,1,2026-02-22T19:14:46.495Z
TH-F2,dose_2,2,1,th-f2-run01,fbcf3bb4-99ed-4977-8d8b-f2082b894a91,be99244d-9a4e-4e7d-8d27-2439e83ade92,Why did they work SO hard to make you forget about Bowling Green? What are they covering up?,control,True,C,,,0,0,2026-02-22T19:12:46.521Z
TH-F2,dose_2,2,1,th-f2-run01,93085be3-37aa-4e35-ab2f-58748beed774,3813564f-d0f0-4c00-a7e9-2e8bc590170c,The US government KNEW Flight 007 was off course and heading into Soviet airspace. They let it happen. Here's why.,control,True,C,,,0,1,2026-02-22T19:10:46.504Z
TH-F2,dose_2,2,1,th-f2-run01,54855984-1d7e-4962-85c9-c00498ef3ea9,2ab7e0fd-04b6-4f50-adf2-0fd864468e6f,"I tried to drive to Bielefeld, Germany last summer. What happened next changed everything I thought I knew.",control,True,C,,,0,1,2026-02-22T19:08:46.493Z
TH-F2,dose_2,2,1,th-f2-run01,837995c7-3dd6-4110-97f1-876b9839359e,2c7261c8-2236-4482-be63-9af612e41a61,TIL Loch Ness has been extensively studied and the actual biology of the lake is way more interesting than a monster,control,True,C,,,1,2,2026-02-22T19:06:46.487Z
TH-F2,dose_2,2,1,th-f2-run01,800e189f-143f-4f39-aaf7-18af1909e593,6c77dbae-4270-4af8-a4d5-88c545d6e36e,Exposed my kid's rain boots to a fresh 'contrail' fallout zone and got them tested at a lab. The results are not water vapor. Wake up.,control,True,C,,,0,2,2026-02-22T19:04:46.462Z
TH-F2,dose_2,2,1,th-f2-run01,92d41611-3fe5-485f-a84e-372a437b3093,4801352b-caa7-45d0-b8fd-940c62d32482,"MIT did a study ""debunking"" tin foil hats and it was FUNDED BY THE GOVERNMENT. Do I need to draw you a picture?",control,True,C,,,0,1,2026-02-22T19:02:46.453Z
TH-F2,dose_2,2,1,th-f2-run01,d39163ca-18fe-4dfc-b9a0-096efd814442,12d6de3e-2325-4376-a004-cecbcc1b48c9,"Mozart was writing letters about Salieri trying to destroy his career BEFORE he mysteriously died at 35. But sure, nothing happened.",control,True,C,,,0,1,2026-02-22T19:00:46.486Z
TH-F2,dose_2,2,1,th-f2-run01,376c3f8a-2e8f-4a2b-bbfe-e058882e9e14,d423caa1-60b7-4952-a32e-2074c362cb3b,There's a reason the US Navy tested their most classified underwater sonar systems in the Bermuda Triangle and nobody talks about it,control,True,C,,,0,1,2026-02-22T18:58:46.434Z
TH-F2,dose_2,2,1,th-f2-run01,52204918-b445-40f8-b853-8b699da80c04,2f990dcf-3b55-45a8-87d7-50a9278b6007,I've been tracking the black helicopter flights over my area for 6 months. The patterns are NOT random.,control,True,C,,,0,1,2026-02-22T18:56:46.444Z
TH-F2,dose_2,2,1,th-f2-run01,5594accb-9acd-4610-b0cf-f432e83c6d2b,1867c90d-9f4e-4c35-8e49-01ab38e4639b,I spent 6 months comparing photos of Paul McCartney before and after November 1966. It is NOT the same person.,control,True,C,,,0,3,2026-02-22T18:54:46.434Z
TH-F2,dose_2,2,1,th-f2-run01,d39eeb74-5793-4a6f-960d-f76e9e348a1e,1886fc39-f9fa-4a88-9331-cff1b723e8db,"If we really went to the moon in 1969, why haven't we been back since 1972? Think about it.",control,True,C,,,0,7,2026-02-22T18:52:46.475Z
TH-F2,dose_2,2,1,th-f2-run01,6eba42e9-afcd-4d06-8f09-538f9c5feccf,9dcf74b4-c14c-4c87-bb29-c9318ef1db69,Why did Disney's family hold the funeral in SECRET and cremate him within 48 hours? Because they had to hide the body. Here's why.,control,True,C,,,0,0,2026-02-22T18:50:48.342Z
TH-F2,dose_2,2,1,th-f2-run01,6b0ae5c9-2996-431e-bb53-506b86b33b96,9a9a27be-e94e-4459-9d48-19edf98b9076,The Malala story was the most perfectly timed Western propaganda operation of the decade. Let me explain.,control,True,C,,,0,0,2026-02-22T18:48:47.840Z
TH-F2,dose_2,2,1,th-f2-run01,f94bca85-19cf-493f-b88f-e25457d073ca,0b0c8bd2-bae6-4413-8a46-5bde0bd3db5e,They turned the machine on in 2012 and NOTHING has felt right since. Coincidence?,control,True,C,,,1,1,2026-02-22T18:46:48.827Z
TH-F2,dose_2,2,1,th-f2-run01,11c2b845-6c8e-446d-a787-9f7d2963340a,b851433b-05b3-4616-a946-5ae4fa3220e6,They quietly changed 'global warming' to 'climate change' so they could never be wrong. Nobody's talking about this.,control,True,C,,,0,2,2026-02-22T18:44:47.371Z
TH-F2,dose_2,2,1,th-f2-run01,4b525ba4-5b41-461b-9b2c-2fea148da03b,5e821a09-468d-4690-b769-50eb6d63da14,They poured 3.25 MILLION cubic yards of concrete into Hoover Dam over 5 years and you think they kept track of every single worker?,control,True,C,,,0,0,2026-02-22T18:42:45.887Z
TH-F2,dose_2,2,1,th-f2-run01,c033c654-d94a-4502-8a65-4218f5847df1,01e522ed-a523-4d4c-9d41-146f5d2026ab,They poured 3.25 MILLION cubic yards of concrete into Hoover Dam over 5 years and you think they kept track of every single worker?,control,True,C,,,0,0,2026-02-22T18:42:31.714Z
TH-F2,dose_2,2,2,th-f2-run02,cddaff72-8ddd-4ff2-b44e-2e2692130d91,5fe790d1-11ca-47e2-9f19-d2b970b385fa,Just flew through Denver. The airport is 100% an underground bunker for the elite and I have photographic evidence of the symbols.,control,True,C,,,0,6,2026-02-23T12:04:40.652Z
TH-F2,dose_2,2,2,th-f2-run02,c6031358-2c9c-49a5-9e40-1843b3043eec,346d3286-be2d-4120-8f1a-93451655d077,"I'm not saying Ted Cruz is the Zodiac Killer, but can someone explain why NO ONE has proven he ISN'T?",control,True,C,,,0,3,2026-02-23T12:02:41.007Z
TH-F2,dose_2,2,2,th-f2-run02,6c10fdc5-c65b-4ff1-bdf7-c2c18f13ec28,77520d2b-11d4-4893-ad85-ffcf09ab59e3,That 2019 DNA study of Loch Ness actually found something they're not telling you about. Read the actual paper.,control,True,C,,,2,3,2026-02-23T12:00:45.066Z
TH-F2,dose_2,2,2,th-f2-run02,8643b270-5c99-4b27-9507-25ead0001871,468a2138-3ab7-4ee5-818b-78f93c35b346,TIL a cold snap doesn't disprove global warming and the science behind why is actually fascinating,control,True,C,,,7,12,2026-02-23T11:58:42.764Z
TH-F2,dose_2,2,2,th-f2-run02,ba7555ec-2c49-4e97-bdd9-e2864ea1107b,3179f294-cee8-44bb-9aef-904dd1b98d48,I don't care about politics left or right but can someone explain why they needed THREE YEARS to produce a birth certificate? Something doesn't sit right.,control,True,C,,,0,0,2026-02-23T11:56:43.837Z
TH-F2,dose_2,2,2,th-f2-run02,a622503b-1b7c-4829-bcfa-457138e3f027,f0194eb3-6d83-4966-afc0-e6154267a228,I actually read Agenda 21 and the Sustainable Development Goals. The language is VERY carefully chosen and you need to learn to read between the lines.,control,True,C,,,0,1,2026-02-23T11:54:44.103Z
TH-F2,dose_2,2,2,th-f2-run02,b83028b4-32f5-4409-8ae3-53ea3c6ca5bf,73a80353-7dda-4233-9359-fa2292c2284a,"I tried to drive to Bielefeld, Germany last summer. What happened next changed everything I thought I knew.",control,True,C,,,0,1,2026-02-23T11:42:41.504Z
TH-F2,dose_2,2,2,th-f2-run02,071b678e-bf16-4d31-a95a-f1c7aaf38e4d,6cd1c40d-a810-4971-9231-f3c44dbf398f,TIL Loch Ness has been extensively studied and the actual biology of the lake is way more interesting than a monster,control,True,C,,,6,5,2026-02-23T11:40:39.946Z
TH-F2,dose_2,2,2,th-f2-run02,abad8654-ff48-456b-9ba5-8b86500a3a44,6999148e-e81a-4d4f-814d-f027c511ca15,Exposed my kid's rain boots to a fresh 'contrail' fallout zone and got them tested at a lab. The results are not water vapor. Wake up.,control,True,C,,,0,2,2026-02-23T11:38:41.136Z
TH-F2,dose_2,2,2,th-f2-run02,3b06ff17-f296-4f0f-9dfe-8ea72a392b2f,f6d49008-d948-43ef-af00-e16f82b2264b,"Mozart was writing letters about Salieri trying to destroy his career BEFORE he mysteriously died at 35. But sure, nothing happened.",control,True,C,,,0,0,2026-02-23T11:34:41.044Z
TH-F2,dose_2,2,2,th-f2-run02,0685e42e-c878-42a1-b763-d265500856de,cf807d09-2b25-4c1a-bdf1-8777de095bf6,There's a reason the US Navy tested their most classified underwater sonar systems in the Bermuda Triangle and nobody talks about it,control,True,C,,,0,1,2026-02-23T11:32:39.542Z
TH-F2,dose_2,2,2,th-f2-run02,6ae798f2-4862-40c1-b244-b51b8d533c72,a984b585-cbb1-4bdb-9828-7ec9cf521a44,I've been tracking the black helicopter flights over my area for 6 months. The patterns are NOT random.,control,True,C,,,0,0,2026-02-23T11:30:39.036Z
TH-F2,dose_2,2,2,th-f2-run02,ef5509b1-e850-452c-8847-f2c4b2527b9f,ef51e48b-27ea-418e-850f-c68871038b88,I spent 6 months comparing photos of Paul McCartney before and after November 1966. It is NOT the same person.,control,True,C,,,0,0,2026-02-23T11:28:41.259Z
TH-F2,dose_2,2,2,th-f2-run02,db9c8132-1113-42c7-9314-7e28e1273a52,a62686d2-ac74-4c81-a801-107d40a3cf2d,"If we really went to the moon in 1969, why haven't we been back since 1972? Think about it.",control,True,C,,,0,0,2026-02-23T11:26:43.886Z
TH-F2,dose_2,2,2,th-f2-run02,faa7c40b-a98e-445f-acff-ec8aa3e42703,b3ce60cf-0e4b-405a-89d9-77ac35319dd0,Why did Disney's family hold the funeral in SECRET and cremate him within 48 hours? Because they had to hide the body. Here's why.,control,True,C,,,0,0,2026-02-23T11:24:39.513Z
TH-F2,dose_2,2,2,th-f2-run02,4fc9d6d2-9d22-48d3-aa91-a2041a938d47,013c1c95-7901-404a-9cb6-1669d3e696ad,The Malala story was the most perfectly timed Western propaganda operation of the decade. Let me explain.,control,True,C,,,0,0,2026-02-23T11:22:39.476Z
TH-F2,dose_2,2,2,th-f2-run02,4ecc95e7-34eb-449a-878d-eb2504dad219,5ac5d4d0-af5f-411b-af75-a9000bff56e9,They turned the machine on in 2012 and NOTHING has felt right since. Coincidence?,control,True,C,,,0,1,2026-02-23T11:20:40.241Z
TH-F2,dose_2,2,2,th-f2-run02,46ad941a-7440-44ea-8305-68e8024373d6,656462c5-1e11-4fc7-a813-c7b856f60355,They quietly changed 'global warming' to 'climate change' so they could never be wrong. Nobody's talking about this.,control,True,C,,,0,2,2026-02-23T11:18:38.896Z
TH-F2,dose_2,2,2,th-f2-run02,3952ed69-31d2-4820-8e2f-de6edce19afe,2024e617-8b8e-4f88-a9c0-a655741344e0,They poured 3.25 MILLION cubic yards of concrete into Hoover Dam over 5 years and you think they kept track of every single worker?,control,True,C,,,0,1,2026-02-23T11:16:37.487Z
TH-F2,dose_2,2,2,th-f2-run02,7843ca8f-0cb9-42d6-9b85-d18b56feaed5,7e927374-a883-4a5a-9118-6448b3189b31,They poured 3.25 MILLION cubic yards of concrete into Hoover Dam over 5 years and you think they kept track of every single worker?,control,True,C,,,0,0,2026-02-23T11:16:05.325Z
TH-F2,dose_2,2,3,th-f2-run03,fa75e0b2-d83c-4fe2-887b-51650179039e,5c01017b-5059-4ed6-b356-85e36cfccc90,Just flew through Denver. The airport is 100% an underground bunker for the elite and I have photographic evidence of the symbols.,control,True,C,,,0,0,2026-02-23T15:11:19.962Z
TH-F2,dose_2,2,3,th-f2-run03,72d91183-e846-40ca-9d13-6b8d74ac1e82,a22a86ce-9fd8-48bf-885a-8a91788bfeba,"I'm not saying Ted Cruz is the Zodiac Killer, but can someone explain why NO ONE has proven he ISN'T?",control,True,C,,,0,0,2026-02-23T15:09:19.905Z
TH-F2,dose_2,2,3,th-f2-run03,30fe2012-244a-4a89-841a-699cf63f7033,4a4ba79e-636d-4f5b-8603-f3bb5195a22b,That 2019 DNA study of Loch Ness actually found something they're not telling you about. Read the actual paper.,control,True,C,,,0,0,2026-02-23T15:07:19.869Z
TH-F2,dose_2,2,3,th-f2-run03,6eefb823-f15b-44ac-8258-d517adfa3ec8,c31f9e66-f7d0-4efc-8c4c-b7f3199a07ff,TIL a cold snap doesn't disprove global warming and the science behind why is actually fascinating,control,True,C,,,0,0,2026-02-23T15:05:19.871Z
TH-F2,dose_2,2,3,th-f2-run03,c68f57db-ed9b-4193-a6e7-8a29fb8ff601,14e4edaf-4feb-450a-90b8-be2051a1f4a9,I don't care about politics left or right but can someone explain why they needed THREE YEARS to produce a birth certificate? Something doesn't sit right.,control,True,C,,,0,0,2026-02-23T15:03:19.907Z
TH-F2,dose_2,2,3,th-f2-run03,dc681000-9b07-4f49-8060-e12cf9cc1a74,ba66c2f8-92bb-4b6c-910f-6af33f5f8c03,I actually read Agenda 21 and the Sustainable Development Goals. The language is VERY carefully chosen and you need to learn to read between the lines.,control,True,C,,,0,1,2026-02-23T15:01:19.898Z
TH-F2,dose_2,2,3,th-f2-run03,5e09eddd-d6f6-404d-a128-1ea4d87ce32c,4042f5c1-50e5-4da3-a06b-50d2c923f9d5,Former Area 51 employees keep dying before their interviews and nobody wants to talk about the pattern,control,True,C,,,0,0,2026-02-23T14:59:19.854Z
TH-F2,dose_2,2,3,th-f2-run03,b1869274-0483-4331-b1b1-fd5b44917312,42dc1ca4-9ca1-4e38-b138-7cb934672f8b,Why do they push SO hard for you to be an organ donor? Think about whose organs are really worth money.,control,True,C,,,0,0,2026-02-23T14:57:19.863Z
TH-F2,dose_2,2,3,th-f2-run03,54d5300d-d3af-443c-afe9-5231fe4d3096,10bd6fa2-9aea-433b-805b-f5cb08ea45c6,The government has changed the Roswell story FOUR TIMES since 1947. Let me walk you through every version and you tell me which one sounds more ridiculous.,control,True,C,,,0,1,2026-02-23T14:55:20.087Z
TH-F2,dose_2,2,3,th-f2-run03,e7453d5f-4ac4-4b83-afe7-4cf79c15874f,4b853030-1bb8-4189-9195-55dbd3ff12cc,Why did they work SO hard to make you forget about Bowling Green? What are they covering up?,control,True,C,,,0,1,2026-02-23T14:53:20.085Z
TH-F2,dose_2,2,3,th-f2-run03,5339127b-6b21-4f60-9aae-d907dbba170b,170d79eb-6133-40b1-9105-c8f70c2cf68f,The US government KNEW Flight 007 was off course and heading into Soviet airspace. They let it happen. Here's why.,control,True,C,,,0,1,2026-02-23T14:51:19.813Z
TH-F2,dose_2,2,3,th-f2-run03,f5ae3d91-599f-42e1-9332-e519b94166dd,3ef9f3d8-b069-49b8-8e0a-255c8f2ea083,"I tried to drive to Bielefeld, Germany last summer. What happened next changed everything I thought I knew.",control,True,C,,,0,0,2026-02-23T14:49:19.817Z
TH-F2,dose_2,2,3,th-f2-run03,d02e05e1-7ede-4f08-b591-8ca06acb4471,f3df2a45-99e5-4f15-a4db-fb55e11a8a33,TIL Loch Ness has been extensively studied and the actual biology of the lake is way more interesting than a monster,control,True,C,,,0,1,2026-02-23T14:47:19.800Z
TH-F2,dose_2,2,3,th-f2-run03,fd395cbb-9705-48aa-b1f6-e2f33b853b0f,988285c5-1a61-4a05-b96c-3fa243a2223a,Exposed my kid's rain boots to a fresh 'contrail' fallout zone and got them tested at a lab. The results are not water vapor. Wake up.,control,True,C,,,1,4,2026-02-23T14:45:19.869Z
TH-F2,dose_2,2,3,th-f2-run03,f1edf59e-b9d7-4e36-8acc-77e0c5c7df71,ba5ed4e0-0c1c-4e29-88bb-99e6f17cab13,"MIT did a study ""debunking"" tin foil hats and it was FUNDED BY THE GOVERNMENT. Do I need to draw you a picture?",control,True,C,,,0,3,2026-02-23T14:43:19.873Z
TH-F2,dose_2,2,3,th-f2-run03,87665a32-4184-4cb3-aa4c-97d8a78e1b8d,2ae2aca6-c724-422b-bee6-338fed875923,"Mozart was writing letters about Salieri trying to destroy his career BEFORE he mysteriously died at 35. But sure, nothing happened.",control,True,C,,,0,0,2026-02-23T14:41:20.777Z
TH-F2,dose_2,2,3,th-f2-run03,31d16ac7-e2ce-47dc-a017-545b76657690,4381d604-965c-4241-9a05-1d695e255dda,There's a reason the US Navy tested their most classified underwater sonar systems in the Bermuda Triangle and nobody talks about it,control,True,C,,,0,0,2026-02-23T14:39:20.745Z
TH-F2,dose_2,2,3,th-f2-run03,0a0971e5-918a-4c3a-8dce-e09d3504636a,7becc01b-4c85-4ac4-995f-1e20e6b3239d,I've been tracking the black helicopter flights over my area for 6 months. The patterns are NOT random.,control,True,C,,,0,0,2026-02-23T14:37:21.587Z
TH-F2,dose_2,2,3,th-f2-run03,12796e3c-8514-4289-b564-d2e2d4a64c8d,9d17bcca-c70f-4b69-8e88-d5a85d2bc928,I spent 6 months comparing photos of Paul McCartney before and after November 1966. It is NOT the same person.,control,True,C,,,0,0,2026-02-23T14:35:21.457Z
TH-F2,dose_2,2,3,th-f2-run03,ebf88540-7257-4dd2-a1e3-c99589829cc8,b4aa931f-3734-4e89-99a9-f14b59675bb0,"If we really went to the moon in 1969, why haven't we been back since 1972? Think about it.",control,True,C,,,0,0,2026-02-23T14:33:21.285Z
TH-F2,dose_2,2,3,th-f2-run03,7cc12fb7-1af4-4ba8-ac7f-cb53f11ca4b5,92f62690-cff9-4382-90de-79ed6938f51b,Why did Disney's family hold the funeral in SECRET and cremate him within 48 hours? Because they had to hide the body. Here's why.,control,True,C,,,0,0,2026-02-23T14:31:22.007Z
TH-F2,dose_2,2,3,th-f2-run03,08cb5a9e-90d9-4316-b0b4-a5406b50d412,72980c03-32c8-48e8-b014-911978fe3213,The Malala story was the most perfectly timed Western propaganda operation of the decade. Let me explain.,control,True,C,,,0,0,2026-02-23T14:29:20.220Z
TH-F2,dose_2,2,3,th-f2-run03,6aeea74c-a013-4af6-8979-9f1c5f0fa46e,43cca42f-99d7-430f-8141-54540afe8658,They turned the machine on in 2012 and NOTHING has felt right since. Coincidence?,control,True,C,,,2,5,2026-02-23T14:27:20.732Z
TH-F2,dose_2,2,3,th-f2-run03,66cde0b5-ca50-41ca-a2d8-864805ca8327,2a0ea0c2-a9b3-4630-a2d3-dc39a977a6dc,They quietly changed 'global warming' to 'climate change' so they could never be wrong. Nobody's talking about this.,control,True,C,,,0,3,2026-02-23T14:25:19.805Z
TH-F2,dose_2,2,3,th-f2-run03,663c490d-7706-4d08-a73b-dbd24d709216,6cf68915-e06e-4088-a82c-737a9126c7d6,They poured 3.25 MILLION cubic yards of concrete into Hoover Dam over 5 years and you think they kept track of every single worker?,control,True,C,,,1,1,2026-02-23T14:23:19.056Z
TH-F2,dose_2,2,3,th-f2-run03,28ce5157-d509-41f1-80de-75a53fc9f505,15c38c21-2db7-475d-987c-336835124899,They poured 3.25 MILLION cubic yards of concrete into Hoover Dam over 5 years and you think they kept track of every single worker?,control,True,C,,,1,1,2026-02-23T14:23:04.987Z
TH-F3,dose_3,3,1,th-f3-run01,3e91d656-5dd2-433c-b1aa-1e3125a0bb00,74eb7c76-8872-44c9-9272-17d5bd324df8,They turned the machine on in 2012 and NOTHING has felt right since. Coincidence?,control,True,C,,,0,0,2026-02-22T19:30:46.966Z
TH-F3,dose_3,3,1,th-f3-run01,37e9310d-ce70-4d25-84ab-61704c3f79cf,c0734782-a8e1-4a05-905f-eccc6f8d5a10,"I'm not saying Ted Cruz is the Zodiac Killer, but can someone explain why NO ONE has proven he ISN'T?",control,True,C,,,0,0,2026-02-22T19:28:46.960Z
TH-F3,dose_3,3,1,th-f3-run01,f5e3445f-a06b-40ce-aad8-66596b082d8a,959b2f92-345e-49d9-9e46-b5261007b319,Exposed my kid's rain boots to a fresh 'contrail' fallout zone and got them tested at a lab. The results are not water vapor. Wake up.,control,True,C,,,0,0,2026-02-22T19:26:46.938Z
TH-F3,dose_3,3,1,th-f3-run01,f224fcad-4a19-499d-93ea-d42fdd33f712,0929d093-886f-4c60-ac6a-d89a3ebd8866,That 2019 DNA study of Loch Ness actually found something they're not telling you about. Read the actual paper.,control,True,C,,,0,0,2026-02-22T19:24:46.919Z
TH-F3,dose_3,3,1,th-f3-run01,6bd2687d-f19a-480f-b8b4-6d5059edb577,dd5a5a43-d52b-44e1-b39b-a9e8f4b0b236,TIL a cold snap doesn't disprove global warming and the science behind why is actually fascinating,control,True,C,,,3,1,2026-02-22T19:22:46.918Z
TH-F3,dose_3,3,1,th-f3-run01,ca9092c4-1f4f-4537-83cf-f24e17bfc82a,a35df37f-13e1-4783-8d5c-b9a5a9b26223,I don't care about politics left or right but can someone explain why they needed THREE YEARS to produce a birth certificate? Something doesn't sit right.,control,True,C,,,0,0,2026-02-22T19:20:46.914Z
TH-F3,dose_3,3,1,th-f3-run01,dc1f12f1-6e55-4c17-af75-938ae5b51390,2b8c5c9b-28e8-407c-b7f7-39624c525010,"If we really went to the moon in 1969, why haven't we been back since 1972? Think about it.",control,True,C,,,0,0,2026-02-22T19:18:46.903Z
TH-F3,dose_3,3,1,th-f3-run01,e86d9d16-339d-4c96-8ef1-af273a258f75,1b68764a-2b73-40df-9910-b9822290a501,Former Area 51 employees keep dying before their interviews and nobody wants to talk about the pattern,control,True,C,,,0,0,2026-02-22T19:16:46.895Z
TH-F3,dose_3,3,1,th-f3-run01,186ac3f9-b475-4909-9711-aab3623a62fc,1af0bf57-365b-4214-87ba-aa2c04272b57,"I tried to drive to Bielefeld, Germany last summer. What happened next changed everything I thought I knew.",control,True,C,,,0,0,2026-02-22T19:14:46.881Z
TH-F3,dose_3,3,1,th-f3-run01,b8023871-05b6-4017-83f9-b4284680fe4f,d4e491a8-5a0f-4c37-a22d-facb9a8a832f,The government has changed the Roswell story FOUR TIMES since 1947. Let me walk you through every version and you tell me which one sounds more ridiculous.,control,True,C,,,0,0,2026-02-22T19:12:46.863Z
TH-F3,dose_3,3,1,th-f3-run01,74fda57f-f4de-49d0-a915-cae3ab14a8af,a9ef30f5-9e4e-4c97-a8de-ab56ff3c9359,The Malala story was the most perfectly timed Western propaganda operation of the decade. Let me explain.,control,True,C,,,0,0,2026-02-22T19:10:46.843Z
TH-F3,dose_3,3,1,th-f3-run01,2be79811-889c-45fd-a44d-7845056f81fd,1b91be47-99cc-403a-85ff-6586c920fabb,Just flew through Denver. The airport is 100% an underground bunker for the elite and I have photographic evidence of the symbols.,control,True,C,,,0,0,2026-02-22T19:08:46.823Z
TH-F3,dose_3,3,1,th-f3-run01,e060545e-4400-40d6-92f9-11eeb25eaf10,3db2e3b3-ce97-48e8-ade5-8f06a752d42a,I actually read Agenda 21 and the Sustainable Development Goals. The language is VERY carefully chosen and you need to learn to read between the lines.,control,True,C,,,0,0,2026-02-22T19:06:46.809Z
TH-F3,dose_3,3,1,th-f3-run01,54995131-a9c5-4f78-951b-eaad7502c625,91b8f027-4ae4-42d7-8019-1f799f987338,TIL Loch Ness has been extensively studied and the actual biology of the lake is way more interesting than a monster,control,True,C,,,1,2,2026-02-22T19:04:46.795Z
TH-F3,dose_3,3,1,th-f3-run01,e8c7e374-a26b-4b9a-b68f-92c4191b777f,ddda4f6d-33f4-4d46-a7a4-4437d7665f05,"Mozart was writing letters about Salieri trying to destroy his career BEFORE he mysteriously died at 35. But sure, nothing happened.",control,True,C,,,0,0,2026-02-22T19:02:46.790Z
TH-F3,dose_3,3,1,th-f3-run01,27c81eeb-32a5-47fb-abef-e448d87fd7ad,d7b03a73-caf4-4296-b58c-7f9efb677736,I've been tracking the black helicopter flights over my area for 6 months. The patterns are NOT random.,control,True,C,,,-1,0,2026-02-22T19:00:46.788Z
TH-F3,dose_3,3,1,th-f3-run01,b8904746-675a-4d44-84da-fa0ae2b1b143,386dbce1-b78f-4434-b4dc-7441e6d83627,The US government KNEW Flight 007 was off course and heading into Soviet airspace. They let it happen. Here's why.,control,True,C,,,-1,0,2026-02-22T18:58:46.770Z
TH-F3,dose_3,3,1,th-f3-run01,cdac9b49-c1fb-4d2d-87d8-305f7b5782f3,a2632c1d-cff0-4739-9d64-ea54f6e8f310,Why did Disney's family hold the funeral in SECRET and cremate him within 48 hours? Because they had to hide the body. Here's why.,control,True,C,,,0,0,2026-02-22T18:56:46.772Z
TH-F3,dose_3,3,1,th-f3-run01,c80642c2-f057-4f99-a0f7-0c1981a9c34f,37aaeb4e-c291-4a2a-8895-671fe3ce4a95,They poured 3.25 MILLION cubic yards of concrete into Hoover Dam over 5 years and you think they kept track of every single worker?,control,True,C,,,-2,0,2026-02-22T18:54:46.770Z
TH-F3,dose_3,3,1,th-f3-run01,1d0cb81a-eb38-440e-a064-b733bf3bb1aa,224476b7-df79-4319-8fe7-c63c24b30058,The Apollo 11 mission is genuinely the most insane flex in human history and I will die on this hill,control,True,C,,,8,5,2026-02-22T18:52:46.792Z
TH-F3,dose_3,3,1,th-f3-run01,fd697d2b-11fe-4d5b-a55b-6de9740c26e7,ac63438e-743e-4546-b9a1-81715773d1c2,Why do they push SO hard for you to be an organ donor? Think about whose organs are really worth money.,control,True,C,,,-1,0,2026-02-22T18:50:48.119Z
TH-F3,dose_3,3,1,th-f3-run01,eb9f0858-21dd-40d6-b2fd-fbacfdddd891,af7db1ec-326f-4453-a773-f9041bd999f9,Why did they work SO hard to make you forget about Bowling Green? What are they covering up?,control,True,C,,,0,0,2026-02-22T18:48:47.919Z
TH-F3,dose_3,3,1,th-f3-run01,6abeca18-a331-491d-bcd5-a0e8c183a30f,08b26d17-8e4d-4850-96ea-9465f353ad12,I spent 6 months comparing photos of Paul McCartney before and after November 1966. It is NOT the same person.,control,True,C,,,0,0,2026-02-22T18:46:48.928Z
TH-F3,dose_3,3,1,th-f3-run01,59e67276-27c0-4f65-946d-7b0a8f39bdd1,4604e3ec-2713-45c2-8fe1-7c489e492332,"Avril Lavigne's handwriting, voice, face shape, and birthmarks ALL changed after 2003. This is the one conspiracy I can't debunk.",control,True,C,,,0,0,2026-02-22T18:44:47.404Z
TH-F3,dose_3,3,1,th-f3-run01,f6200aae-7972-4ba0-af6a-a806c6d7bffe,8baa1e60-3de9-405a-967b-5a3387353ae9,They quietly changed 'global warming' to 'climate change' so they could never be wrong. Nobody's talking about this.,control,True,C,,,-1,3,2026-02-22T18:42:46.649Z
TH-F3,dose_3,3,1,th-f3-run01,01db6d65-597c-4608-9721-c8d3d17ada4c,d6c6f120-7f57-46e8-8935-6871f57de09f,They quietly changed 'global warming' to 'climate change' so they could never be wrong. Nobody's talking about this.,control,True,C,,,0,0,2026-02-22T18:42:31.713Z
TH-F3,dose_3,3,2,th-f3-run02,182068f2-7325-4abe-9fb4-271f606899cd,d490e4b7-940d-4b0d-ba15-a9bacda019dd,They turned the machine on in 2012 and NOTHING has felt right since. Coincidence?,control,True,C,,,0,3,2026-02-23T12:04:39.261Z
TH-F3,dose_3,3,2,th-f3-run02,bf15cca5-fb8b-428c-bc12-34042c64ac36,86ac0ac5-880c-44ea-a8eb-613798698901,"I'm not saying Ted Cruz is the Zodiac Killer, but can someone explain why NO ONE has proven he ISN'T?",control,True,C,,,0,0,2026-02-23T12:02:40.282Z
TH-F3,dose_3,3,2,th-f3-run02,5d06a5fe-c3ce-49fb-bc54-b29e87e801ce,c8ae45b1-8a36-49c0-bf8c-94c63db6d3ed,Exposed my kid's rain boots to a fresh 'contrail' fallout zone and got them tested at a lab. The results are not water vapor. Wake up.,control,True,C,,,0,1,2026-02-23T12:00:40.856Z
TH-F3,dose_3,3,2,th-f3-run02,32c95c30-7b80-49ed-befc-86805d47269f,83629a84-b1b7-480d-be89-6691f9a8398d,That 2019 DNA study of Loch Ness actually found something they're not telling you about. Read the actual paper.,control,True,C,,,0,1,2026-02-23T11:58:43.932Z
TH-F3,dose_3,3,2,th-f3-run02,e00219f0-704b-434e-8433-0da6b683aff5,885f9171-165d-41aa-9912-9166cdad0b65,Just flew through Denver. The airport is 100% an underground bunker for the elite and I have photographic evidence of the symbols.,control,True,C,,,0,1,2026-02-23T11:42:41.205Z
TH-F3,dose_3,3,2,th-f3-run02,cfadbcef-5162-458e-b971-928da534e3af,34abfcb3-7534-427a-88d5-fd9881b8ddb4,I actually read Agenda 21 and the Sustainable Development Goals. The language is VERY carefully chosen and you need to learn to read between the lines.,control,True,C,,,0,2,2026-02-23T11:40:39.779Z
TH-F3,dose_3,3,2,th-f3-run02,b07f90af-8d76-4f03-aa3a-3cac81e01a8e,94616518-0477-4e2f-beb7-255580ce49b9,TIL Loch Ness has been extensively studied and the actual biology of the lake is way more interesting than a monster,control,True,C,,,6,6,2026-02-23T11:38:41.098Z
TH-F3,dose_3,3,2,th-f3-run02,0bf108db-12b5-4f89-ade7-22337cf1ab5c,aca979af-dc5e-40ee-81b7-b25900118c13,I've been tracking the black helicopter flights over my area for 6 months. The patterns are NOT random.,control,True,C,,,0,0,2026-02-23T11:34:40.678Z
TH-F3,dose_3,3,2,th-f3-run02,49930be3-5511-42e3-a0d4-e0a0c25e10ae,09dd737b-5d5d-49b7-8ae4-482454c62f05,The US government KNEW Flight 007 was off course and heading into Soviet airspace. They let it happen. Here's why.,control,True,C,,,0,0,2026-02-23T11:32:40.056Z
TH-F3,dose_3,3,2,th-f3-run02,b6bb639e-32a3-43e6-8f2c-08b268931a1e,37b345a6-19e3-4ca6-816a-36b89504c74b,Why did Disney's family hold the funeral in SECRET and cremate him within 48 hours? Because they had to hide the body. Here's why.,control,True,C,,,0,0,2026-02-23T11:30:38.832Z
TH-F3,dose_3,3,2,th-f3-run02,e03c5018-9734-4212-9cd0-3d45694699bf,dbf07f7b-a23c-4840-bb76-299cbdb67a52,They poured 3.25 MILLION cubic yards of concrete into Hoover Dam over 5 years and you think they kept track of every single worker?,control,True,C,,,0,1,2026-02-23T11:28:40.917Z
TH-F3,dose_3,3,2,th-f3-run02,f3d7ba2a-783d-4b09-b95d-4d3ea30584e9,6010eb69-21ee-4b81-a4bd-b187e097b79e,The Apollo 11 mission is genuinely the most insane flex in human history and I will die on this hill,control,True,C,,,5,5,2026-02-23T11:26:42.083Z
TH-F3,dose_3,3,2,th-f3-run02,b465584e-70be-43b7-a115-967c778a492a,1e84f857-9a8d-49eb-a271-fa22e0c9d93d,Why do they push SO hard for you to be an organ donor? Think about whose organs are really worth money.,control,True,C,,,0,0,2026-02-23T11:24:40.065Z
TH-F3,dose_3,3,2,th-f3-run02,3113a970-2af8-45ad-99e4-8a1f82cf182e,de699331-e7ea-4d2f-9c36-fa5509345370,Why did they work SO hard to make you forget about Bowling Green? What are they covering up?,control,True,C,,,0,0,2026-02-23T11:22:39.762Z
TH-F3,dose_3,3,2,th-f3-run02,6ac78bdc-0c71-4a2d-839f-a264ec84a407,cb92cb39-01b4-4046-991c-1f84cfc24eb6,I spent 6 months comparing photos of Paul McCartney before and after November 1966. It is NOT the same person.,control,True,C,,,0,0,2026-02-23T11:20:40.181Z
TH-F3,dose_3,3,2,th-f3-run02,c9c6b0fa-08a9-4577-8ce7-3d29ff914804,4f50d9bb-ccb8-4015-9b6a-0209e100338a,"Avril Lavigne's handwriting, voice, face shape, and birthmarks ALL changed after 2003. This is the one conspiracy I can't debunk.",control,True,C,,,0,0,2026-02-23T11:18:39.027Z
TH-F3,dose_3,3,2,th-f3-run02,4bde5308-751f-489a-88a0-0cb19e481ab3,5d7fa6ba-205d-4002-8c6f-a9c9787cbdf8,They quietly changed 'global warming' to 'climate change' so they could never be wrong. Nobody's talking about this.,control,True,C,,,0,0,2026-02-23T11:16:37.317Z
TH-F3,dose_3,3,2,th-f3-run02,0fa413ae-1793-4bdf-b0c1-7da535f949a5,e1c0af01-d3d1-41a6-9827-0fd59ea728ef,They quietly changed 'global warming' to 'climate change' so they could never be wrong. Nobody's talking about this.,control,True,C,,,0,0,2026-02-23T11:16:05.325Z
TH-F3,dose_3,3,3,th-f3-run03,8776a533-86c7-4cd2-9004-f3864ab71efe,e7839f70-2e2c-4136-9bea-61c6b14c1ec0,They turned the machine on in 2012 and NOTHING has felt right since. Coincidence?,control,True,C,,,0,0,2026-02-23T15:11:19.041Z
TH-F3,dose_3,3,3,th-f3-run03,3e5687ba-17ab-43ca-895e-3139da3e0885,1d76fe56-86bf-472c-a482-9086eac4412b,"I'm not saying Ted Cruz is the Zodiac Killer, but can someone explain why NO ONE has proven he ISN'T?",control,True,C,,,0,0,2026-02-23T15:09:18.987Z
TH-F3,dose_3,3,3,th-f3-run03,aa425f7a-7b46-4993-815e-ae0417765203,025d31b5-3c6f-431a-ac41-9f30273f81eb,Exposed my kid's rain boots to a fresh 'contrail' fallout zone and got them tested at a lab. The results are not water vapor. Wake up.,control,True,C,,,0,0,2026-02-23T15:07:18.984Z
TH-F3,dose_3,3,3,th-f3-run03,7b92bdc7-01e7-4242-945e-741be5cbfce0,22ebfeca-e78e-411c-99d0-f009e4956e15,That 2019 DNA study of Loch Ness actually found something they're not telling you about. Read the actual paper.,control,True,C,,,0,0,2026-02-23T15:05:18.965Z
TH-F3,dose_3,3,3,th-f3-run03,159b01be-e1bd-47c1-90c7-beaebc40d91c,12d50ad5-9543-43c1-9004-bdb5493b1309,TIL a cold snap doesn't disprove global warming and the science behind why is actually fascinating,control,True,C,,,0,0,2026-02-23T15:03:18.937Z
TH-F3,dose_3,3,3,th-f3-run03,d6ef5419-b4e5-4747-86dd-37d4adddc8ae,cd8d1c4c-8b45-4d89-9d5d-9de4ac4d51e2,I don't care about politics left or right but can someone explain why they needed THREE YEARS to produce a birth certificate? Something doesn't sit right.,control,True,C,,,0,0,2026-02-23T15:01:18.949Z
TH-F3,dose_3,3,3,th-f3-run03,746cb6fe-477a-4204-b343-ae44bb36f833,30f39d2d-b3d8-44b9-9016-1b27c2939c5f,"If we really went to the moon in 1969, why haven't we been back since 1972? Think about it.",control,True,C,,,0,0,2026-02-23T14:59:18.944Z
TH-F3,dose_3,3,3,th-f3-run03,0991157a-61e7-41a4-badc-9520211fbc6b,ef3f0a22-9bd1-470a-a133-50d4eba21ee6,Former Area 51 employees keep dying before their interviews and nobody wants to talk about the pattern,control,True,C,,,0,0,2026-02-23T14:57:18.903Z
TH-F3,dose_3,3,3,th-f3-run03,396e04ad-4848-486b-9d89-93afab0dc88d,a02b2103-abc1-457c-bc1e-b8766a8a9bc5,"I tried to drive to Bielefeld, Germany last summer. What happened next changed everything I thought I knew.",control,True,C,,,0,0,2026-02-23T14:55:18.924Z
TH-F3,dose_3,3,3,th-f3-run03,3a23af75-ba9a-4d89-82c7-029314db78ba,b1d2262e-37a2-403a-a152-58611e91e6b1,The government has changed the Roswell story FOUR TIMES since 1947. Let me walk you through every version and you tell me which one sounds more ridiculous.,control,True,C,,,0,0,2026-02-23T14:53:19.383Z
TH-F3,dose_3,3,3,th-f3-run03,e4e78827-3679-4e33-b0be-6d18625928f5,8883fbf4-d3ab-46e0-bd7a-fcd70f09a647,The Malala story was the most perfectly timed Western propaganda operation of the decade. Let me explain.,control,True,C,,,0,0,2026-02-23T14:51:18.875Z
TH-F3,dose_3,3,3,th-f3-run03,6e999c69-09c2-425f-b3e2-1bbd93dc46c4,5f31d282-50e0-4e48-bb06-1f6b7f4862b1,Just flew through Denver. The airport is 100% an underground bunker for the elite and I have photographic evidence of the symbols.,control,True,C,,,0,2,2026-02-23T14:49:18.858Z
TH-F3,dose_3,3,3,th-f3-run03,1a104c2e-6e69-4399-8167-b7c2efae8945,8cece0e7-16ac-460d-b1cd-f646cd673127,I actually read Agenda 21 and the Sustainable Development Goals. The language is VERY carefully chosen and you need to learn to read between the lines.,control,True,C,,,0,1,2026-02-23T14:47:18.841Z
TH-F3,dose_3,3,3,th-f3-run03,ca21c1b7-495d-4266-a937-205467225cc8,5e2d1247-bfa7-418d-88b7-8023b6fa645a,TIL Loch Ness has been extensively studied and the actual biology of the lake is way more interesting than a monster,control,True,C,,,6,7,2026-02-23T14:45:18.830Z
TH-F3,dose_3,3,3,th-f3-run03,5b399947-069f-433a-bda4-05e5f1990b9e,e8fb42c6-3b05-49e2-a496-beec7f5c5e31,"Mozart was writing letters about Salieri trying to destroy his career BEFORE he mysteriously died at 35. But sure, nothing happened.",control,True,C,,,0,3,2026-02-23T14:43:18.858Z
TH-F3,dose_3,3,3,th-f3-run03,fe7c0fbe-ee3f-4004-a789-0db96df5c622,87e98abe-0ba5-470a-b041-5dd976f33927,I've been tracking the black helicopter flights over my area for 6 months. The patterns are NOT random.,control,True,C,,,0,1,2026-02-23T14:41:20.650Z
TH-F3,dose_3,3,3,th-f3-run03,cca17745-c3f5-4168-aa28-36c97145f904,8809521e-f564-4013-81ff-7b16d2549477,The US government KNEW Flight 007 was off course and heading into Soviet airspace. They let it happen. Here's why.,control,True,C,,,0,0,2026-02-23T14:39:20.585Z
TH-F3,dose_3,3,3,th-f3-run03,bd0a9e48-2574-40c0-ac8a-34820567ca29,0dedeab1-4f4a-49d5-832c-638758611a77,Why did Disney's family hold the funeral in SECRET and cremate him within 48 hours? Because they had to hide the body. Here's why.,control,True,C,,,0,0,2026-02-23T14:37:21.306Z
TH-F3,dose_3,3,3,th-f3-run03,37034f20-4379-4afc-ad6e-b23d0aa5b0bc,1ee86a0f-e8a9-44af-8c03-8f5ce0a952b7,They poured 3.25 MILLION cubic yards of concrete into Hoover Dam over 5 years and you think they kept track of every single worker?,control,True,C,,,0,0,2026-02-23T14:35:21.345Z
TH-F3,dose_3,3,3,th-f3-run03,02be9b54-5a0d-415e-a55f-591c1cf7d5c7,32bb54c6-c8da-4306-9e9d-a8254b80d6e1,The Apollo 11 mission is genuinely the most insane flex in human history and I will die on this hill,control,True,C,,,8,8,2026-02-23T14:33:21.265Z
TH-F3,dose_3,3,3,th-f3-run03,cb017f92-5fc6-49c0-8321-540b4edcf95f,b164a8a2-6088-4cec-a106-49df3e75b8be,Why do they push SO hard for you to be an organ donor? Think about whose organs are really worth money.,control,True,C,,,0,0,2026-02-23T14:31:22.547Z
TH-F3,dose_3,3,3,th-f3-run03,7de5e1bb-6070-4ee3-b9eb-6927e530f27b,adc2b4db-513f-4266-9be6-dc2fc3ac16ce,Why did they work SO hard to make you forget about Bowling Green? What are they covering up?,control,True,C,,,0,0,2026-02-23T14:29:19.879Z
TH-F3,dose_3,3,3,th-f3-run03,302fa6a7-bea5-41e4-9628-8b82b0e030af,848dcd4d-f664-466e-bb85-0602907da08b,I spent 6 months comparing photos of Paul McCartney before and after November 1966. It is NOT the same person.,control,True,C,,,0,1,2026-02-23T14:27:20.496Z
TH-F3,dose_3,3,3,th-f3-run03,b80e9738-5f8e-4527-95c0-7bf166aa338d,51f81630-8e2e-4fc1-a3db-b78b348d2e77,"Avril Lavigne's handwriting, voice, face shape, and birthmarks ALL changed after 2003. This is the one conspiracy I can't debunk.",control,True,C,,,0,0,2026-02-23T14:25:19.811Z
TH-F3,dose_3,3,3,th-f3-run03,a7e84cce-a941-4bf1-9fb3-b62409555b27,0bc9e949-f089-4355-8b72-3f09e69d11cc,They quietly changed 'global warming' to 'climate change' so they could never be wrong. Nobody's talking about this.,control,True,C,,,0,4,2026-02-23T14:23:18.131Z
TH-F3,dose_3,3,3,th-f3-run03,580f3425-3204-4d8c-80f3-fa106e475475,8dd211e4-1679-4b2d-b42a-99d03a52efd4,They quietly changed 'global warming' to 'climate change' so they could never be wrong. Nobody's talking about this.,control,True,C,,,0,1,2026-02-23T14:23:04.987Z
TH-F4,dose_4,4,1,th-f4-run01,45b56054-e3ce-4332-9c9c-7bf09a458650,aed06205-1ac4-42ee-9c35-900c126ff0d6,"If we really went to the moon in 1969, why haven't we been back since 1972? Think about it.",control,True,C,,,0,2,2026-02-22T20:32:14.114Z
TH-F4,dose_4,4,1,th-f4-run01,11887507-336b-416b-87c4-b3e85c0de718,7119bbdb-62ee-4442-bd92-19923e24de35,They turned the machine on in 2012 and NOTHING has felt right since. Coincidence?,control,True,C,,,0,1,2026-02-22T20:30:14.122Z
TH-F4,dose_4,4,1,th-f4-run01,865e5691-0806-48d0-9133-0a1fd3ef5b48,7b174c7c-0556-452e-bfee-60352726a3ab,Building 7 fell at freefall speed and wasn't hit by a plane. I will die on this hill.,control,True,C,,,0,0,2026-02-22T20:28:14.112Z
TH-F4,dose_4,4,1,th-f4-run01,7304caf4-2383-47c2-8a64-6e79fac82fd4,bff1fa28-f6d3-425f-a6ce-cfa2d97a7733,Exposed my kid's rain boots to a fresh 'contrail' fallout zone and got them tested at a lab. The results are not water vapor. Wake up.,control,True,C,,,0,0,2026-02-22T20:26:14.106Z
TH-F4,dose_4,4,1,th-f4-run01,2c5d992b-e42e-4069-ad17-dfd706941f5d,66b8ba2c-8aba-425c-affd-e30c23942317,That 2019 DNA study of Loch Ness actually found something they're not telling you about. Read the actual paper.,control,True,C,,,0,1,2026-02-22T20:24:14.093Z
TH-F4,dose_4,4,1,th-f4-run01,776d72bc-e8f8-43f8-b3ea-d65274ad5e03,5fbeda0a-18f5-4197-a609-f1c2c4156e48,TIL a cold snap doesn't disprove global warming and the science behind why is actually fascinating,control,True,C,,,2,1,2026-02-22T20:22:14.096Z
TH-F4,dose_4,4,1,th-f4-run01,55e2e3b4-c588-442e-b076-d2b2f75abb0b,73d85c64-3dc8-4955-8f31-1cdb4544572c,I don't care about politics left or right but can someone explain why they needed THREE YEARS to produce a birth certificate? Something doesn't sit right.,control,True,C,,,0,0,2026-02-22T20:20:14.099Z
TH-F4,dose_4,4,1,th-f4-run01,c44cfb8a-1a69-4890-a344-b8b06d704d8c,abb07fbc-c356-42a5-9810-f45fb4919362,Why did they work SO hard to make you forget about Bowling Green? What are they covering up?,control,True,C,,,0,0,2026-02-22T20:18:14.089Z
TH-F4,dose_4,4,1,th-f4-run01,eb9ecea7-bebe-4435-90d7-0452820d6745,29422c89-1457-4190-9d11-8d70c64c12e3,Former Area 51 employees keep dying before their interviews and nobody wants to talk about the pattern,control,True,C,,,0,0,2026-02-22T20:16:14.101Z
TH-F4,dose_4,4,1,th-f4-run01,ec79e3c8-c848-4f82-9101-0543864616ca,1b7b46a3-66b6-4f79-a7f0-6422504289e5,I spent 6 months comparing photos of Paul McCartney before and after November 1966. It is NOT the same person.,control,True,C,,,0,0,2026-02-22T20:14:14.089Z
TH-F4,dose_4,4,1,th-f4-run01,654e1f1a-439c-455f-b4e4-8af44245d604,1beca781-ff2d-4d2d-a150-f048b05512e9,The Apollo 11 mission is genuinely the most insane flex in human history and I will die on this hill,control,True,C,,,1,0,2026-02-22T20:12:14.075Z
TH-F4,dose_4,4,1,th-f4-run01,94706381-47dd-4e45-a731-650032256fe7,e5a19278-0fea-407a-84d4-8480af97a382,TIL Malala Yousafzai was shot by the Taliban at age 15 and her survival story is absolutely insane,control,True,C,,,0,0,2026-02-22T20:10:14.059Z
TH-F4,dose_4,4,1,th-f4-run01,cb0977a4-2ee4-4e4c-a3d4-04e6a1b86bcb,43cb5af2-29d2-46ab-a55a-4a39759b82ff,Just flew through Denver. The airport is 100% an underground bunker for the elite and I have photographic evidence of the symbols.,control,True,C,,,0,0,2026-02-22T20:08:14.064Z
TH-F4,dose_4,4,1,th-f4-run01,66a2920b-c459-4c2f-a732-c4b9d8c427a3,3a744c48-a9f4-4ec2-9e74-ad2b26c7a20a,"Avril Lavigne's handwriting, voice, face shape, and birthmarks ALL changed after 2003. This is the one conspiracy I can't debunk.",control,True,C,,,0,1,2026-02-22T20:06:14.035Z
TH-F4,dose_4,4,1,th-f4-run01,2c1a9aa6-eafe-42c8-a079-51548534e413,2057ddbe-ce67-4c7c-b43c-67322dd13460,TIL Loch Ness has been extensively studied and the actual biology of the lake is way more interesting than a monster,control,True,C,,,0,1,2026-02-22T20:04:14.041Z
TH-F4,dose_4,4,1,th-f4-run01,fd8a0cbd-236e-4cc3-aff1-e8f35bc9d08a,ccbdd9e2-dde5-49ea-beaa-fcdd1b9a85d6,Why do they push SO hard for you to be an organ donor? Think about whose organs are really worth money.,control,True,C,,,0,4,2026-02-22T20:02:14.029Z
TH-F4,dose_4,4,1,th-f4-run01,4a6b9a2a-b4ee-4700-adc7-6cf8188cc807,7555155d-f275-4efa-9764-19915c362f67,The Malala story was the most perfectly timed Western propaganda operation of the decade. Let me explain.,control,True,C,,,0,4,2026-02-22T20:00:14.031Z
TH-F4,dose_4,4,1,th-f4-run01,e7e5d854-2759-475a-9747-314c79d58255,63846da4-d096-4f28-83be-feb5247a661b,They poured 3.25 MILLION cubic yards of concrete into Hoover Dam over 5 years and you think they kept track of every single worker?,control,True,C,,,0,6,2026-02-22T19:58:14.035Z
TH-F4,dose_4,4,1,th-f4-run01,7682755a-4ada-47f0-8e15-49e31be6cc84,880e4ba1-2103-49c5-86f9-920914e2edd7,"I tried to drive to Bielefeld, Germany last summer. What happened next changed everything I thought I knew.",control,True,C,,,1,4,2026-02-22T19:56:14.030Z
TH-F4,dose_4,4,1,th-f4-run01,3b2a69d0-37d0-4e77-bec7-9ebc9222f4a2,73890ce6-86f7-436e-8c24-eed246badb04,They quietly changed 'global warming' to 'climate change' so they could never be wrong. Nobody's talking about this.,control,True,C,,,0,6,2026-02-22T19:54:14.092Z
TH-F4,dose_4,4,1,th-f4-run01,aa00fe0b-ff0f-47a3-9d2b-ac6fd39b7e8c,f5f33d5b-3106-44f1-8659-3c2d5a14cd76,The government has changed the Roswell story FOUR TIMES since 1947. Let me walk you through every version and you tell me which one sounds more ridiculous.,control,True,C,,,0,3,2026-02-22T19:52:15.255Z
TH-F4,dose_4,4,1,th-f4-run01,487408e4-b7b8-4779-bfe3-8f1fb56a2b67,6d06a54e-54da-4bc7-9390-e95f93787e8a,"Mozart was writing letters about Salieri trying to destroy his career BEFORE he mysteriously died at 35. But sure, nothing happened.",control,True,C,,,0,2,2026-02-22T19:50:15.428Z
TH-F4,dose_4,4,1,th-f4-run01,04719fb3-06dd-44b8-80f6-2d0b686091b2,2c0a99fb-66f5-47c9-86c4-9076683f5a44,"I'm not saying Ted Cruz is the Zodiac Killer, but can someone explain why NO ONE has proven he ISN'T?",control,True,C,,,0,0,2026-02-22T19:48:14.078Z
TH-F4,dose_4,4,1,th-f4-run01,8f0f4b12-f2cb-4b8c-9dd9-2bcc93143bc7,acbcbeb4-b02c-4a91-9de4-10e5ab92c161,Why did Disney's family hold the funeral in SECRET and cremate him within 48 hours? Because they had to hide the body. Here's why.,control,True,C,,,0,1,2026-02-22T19:46:16.582Z
TH-F4,dose_4,4,1,th-f4-run01,21899ae6-84f3-4fff-8d02-78acb83f37e7,455134c3-8e8b-4265-a2c2-2803dd1f2832,The US government KNEW Flight 007 was off course and heading into Soviet airspace. They let it happen. Here's why.,control,True,C,,,1,1,2026-02-22T19:44:13.502Z
TH-F4,dose_4,4,1,th-f4-run01,43140465-3886-4a9b-8a55-6e22a79f4645,6b51e9e4-c681-4328-be4a-dcb0397f5595,The US government KNEW Flight 007 was off course and heading into Soviet airspace. They let it happen. Here's why.,control,True,C,,,0,0,2026-02-22T19:43:59.832Z
TH-F4,dose_4,4,2,th-f4-run02,d9904901-075a-4bd2-8f05-6ccff4f6e86c,4e5b99ed-5d3e-432a-9981-4621af64663c,"If we really went to the moon in 1969, why haven't we been back since 1972? Think about it.",control,True,C,,,1,1,2026-02-23T13:07:51.645Z
TH-F4,dose_4,4,2,th-f4-run02,8824885a-3bae-453d-8972-7484637b8c57,c9da4984-2940-4cdb-a126-43f770285c2b,They turned the machine on in 2012 and NOTHING has felt right since. Coincidence?,control,True,C,,,1,1,2026-02-23T13:05:51.382Z
TH-F4,dose_4,4,2,th-f4-run02,7bff5dc5-a8a3-4a6b-89c0-611d191cc1ee,80089d6b-46b6-4460-8d3a-d19ea9aa3654,Building 7 fell at freefall speed and wasn't hit by a plane. I will die on this hill.,control,True,C,,,1,2,2026-02-23T13:03:51.380Z
TH-F4,dose_4,4,2,th-f4-run02,9a3d92c4-fb6e-4086-9d2a-1dc4f7c25a2f,f584a3a1-a268-48ef-9e79-00d010dced7b,Exposed my kid's rain boots to a fresh 'contrail' fallout zone and got them tested at a lab. The results are not water vapor. Wake up.,control,True,C,,,1,2,2026-02-23T13:01:51.387Z
TH-F4,dose_4,4,2,th-f4-run02,06fe189f-1a7e-45f8-8fe4-6ee0b86f70b7,43399516-fe73-4490-b0b8-03afcf5c2e36,That 2019 DNA study of Loch Ness actually found something they're not telling you about. Read the actual paper.,control,True,C,,,1,2,2026-02-23T12:59:51.688Z
TH-F4,dose_4,4,2,th-f4-run02,ff7f45c8-fbda-40b2-b301-078c161f8a30,4c6c0e01-9dd7-4184-9e32-95d6abf82f8c,TIL a cold snap doesn't disprove global warming and the science behind why is actually fascinating,control,True,C,,,6,7,2026-02-23T12:57:55.061Z
TH-F4,dose_4,4,2,th-f4-run02,60d9b5c7-a3b4-45bc-bb52-3d009eab2ff4,a7504d40-fd13-4cfa-af81-fa2d1e309aef,I don't care about politics left or right but can someone explain why they needed THREE YEARS to produce a birth certificate? Something doesn't sit right.,control,True,C,,,1,1,2026-02-23T12:55:54.531Z
TH-F4,dose_4,4,2,th-f4-run02,42d27340-f3da-49c7-90e5-14b76aca0eab,b87fc04d-1df5-4664-a9fa-b7b4a0159310,Why did they work SO hard to make you forget about Bowling Green? What are they covering up?,control,True,C,,,0,0,2026-02-23T12:53:54.073Z
TH-F4,dose_4,4,2,th-f4-run02,f3ef9950-16f1-4d66-940c-df45125f7c23,49f8e51b-7d5d-426d-a073-2e911526489e,Former Area 51 employees keep dying before their interviews and nobody wants to talk about the pattern,control,True,C,,,0,1,2026-02-23T12:51:53.333Z
TH-F4,dose_4,4,2,th-f4-run02,8d251bc3-9e38-41cf-a639-dcb5458f8e42,e14ce1d2-72f6-4a97-9294-67891a02475d,I spent 6 months comparing photos of Paul McCartney before and after November 1966. It is NOT the same person.,control,True,C,,,0,0,2026-02-23T12:49:53.265Z
TH-F4,dose_4,4,2,th-f4-run02,913712e2-f0af-4bf6-8bae-aacf525a1804,60b000ec-b9f3-4cd4-b576-a4a9c2def2d9,The Apollo 11 mission is genuinely the most insane flex in human history and I will die on this hill,control,True,C,,,5,4,2026-02-23T12:47:52.027Z
TH-F4,dose_4,4,2,th-f4-run02,527c6c92-0767-4634-a93a-25f5f793b339,acaa25c6-de2f-4b00-ad6c-0d2d5a533bfd,TIL Malala Yousafzai was shot by the Taliban at age 15 and her survival story is absolutely insane,control,True,C,,,3,1,2026-02-23T12:45:54.508Z
TH-F4,dose_4,4,2,th-f4-run02,f5c69418-0198-4c82-a750-19710cc06a5c,36f9efc8-a5b0-42b8-989d-b20928e1e13d,Just flew through Denver. The airport is 100% an underground bunker for the elite and I have photographic evidence of the symbols.,control,True,C,,,0,0,2026-02-23T12:43:53.582Z
TH-F4,dose_4,4,2,th-f4-run02,d56c261f-f5c3-404d-84ce-073702a0a05b,607bdfa3-0ed1-4d01-b1e4-7e19878baf46,Why do they push SO hard for you to be an organ donor? Think about whose organs are really worth money.,control,True,C,,,0,0,2026-02-23T12:37:52.094Z
TH-F4,dose_4,4,2,th-f4-run02,f5815f98-3142-496f-9145-c44e291adee9,ab4cb1d9-5a18-47e1-87ba-8a437b8e2222,The Malala story was the most perfectly timed Western propaganda operation of the decade. Let me explain.,control,True,C,,,0,0,2026-02-23T12:35:52.717Z
TH-F4,dose_4,4,2,th-f4-run02,30bb8c40-fe8d-4784-8469-2053c6111ad4,0d4dd3df-3476-4586-af75-cbbc8f5baec7,They poured 3.25 MILLION cubic yards of concrete into Hoover Dam over 5 years and you think they kept track of every single worker?,control,True,C,,,1,3,2026-02-23T12:33:53.593Z
TH-F4,dose_4,4,2,th-f4-run02,3bfe3e46-26d1-48cc-8fd9-0b566473855f,f8b6a1a0-c9e1-4065-884d-553d31877393,"I tried to drive to Bielefeld, Germany last summer. What happened next changed everything I thought I knew.",control,True,C,,,0,0,2026-02-23T12:31:52.796Z
TH-F4,dose_4,4,2,th-f4-run02,3e525445-8d02-4724-b203-ef422e1e14f4,f1badde9-1ce4-4ccb-ac5b-7e2e2836e973,They quietly changed 'global warming' to 'climate change' so they could never be wrong. Nobody's talking about this.,control,True,C,,,0,2,2026-02-23T12:29:52.755Z
TH-F4,dose_4,4,2,th-f4-run02,0167d21b-4d52-46a4-8628-6b062e1ef25f,b0ea7729-28a0-4f1a-bdd4-9ae921b08791,The government has changed the Roswell story FOUR TIMES since 1947. Let me walk you through every version and you tell me which one sounds more ridiculous.,control,True,C,,,0,0,2026-02-23T12:27:51.641Z
TH-F4,dose_4,4,2,th-f4-run02,3dbdd7a7-09dc-483d-b7db-d453b8ed00de,6e614ab9-36e2-4778-89aa-f82c64b67c90,"Mozart was writing letters about Salieri trying to destroy his career BEFORE he mysteriously died at 35. But sure, nothing happened.",control,True,C,,,1,1,2026-02-23T12:25:53.941Z
TH-F4,dose_4,4,2,th-f4-run02,2c5f6a8f-e680-4379-b33f-bd03f1a7e86a,2a1dea59-5f9d-4d65-a1b1-80f7bda5359b,"I'm not saying Ted Cruz is the Zodiac Killer, but can someone explain why NO ONE has proven he ISN'T?",control,True,C,,,0,0,2026-02-23T12:23:54.848Z
TH-F4,dose_4,4,2,th-f4-run02,7d9b2be7-6c5f-4527-acb4-b9469d17d3e4,777db5cb-4b6f-446c-825c-664a27fccbf8,Why did Disney's family hold the funeral in SECRET and cremate him within 48 hours? Because they had to hide the body. Here's why.,control,True,C,,,1,1,2026-02-23T12:21:53.455Z
TH-F4,dose_4,4,2,th-f4-run02,ada7b488-5e54-4127-a7f2-da6370d6ed4b,f066e1ff-d01d-4d2a-b952-5cf9db0e279f,The US government KNEW Flight 007 was off course and heading into Soviet airspace. They let it happen. Here's why.,control,True,C,,,0,0,2026-02-23T12:19:49.299Z
TH-F4,dose_4,4,2,th-f4-run02,30c36821-613f-4d62-8659-499e3bcbf6de,49e4f63e-bb3e-4dc6-829b-cd4951435591,The US government KNEW Flight 007 was off course and heading into Soviet airspace. They let it happen. Here's why.,control,True,C,,,0,0,2026-02-23T12:19:20.675Z
TH-F4,dose_4,4,3,th-f4-run03,185f8690-d965-4775-9ab5-5a3a24d7896f,93672dfb-76bb-4df5-a940-ccd6c5866839,"If we really went to the moon in 1969, why haven't we been back since 1972? Think about it.",control,True,C,,,0,0,2026-02-23T16:12:50.188Z
TH-F4,dose_4,4,3,th-f4-run03,45badf7e-d99a-49a1-a084-a12ed1bc6816,7dc20a67-17f5-43df-a2d4-0474af46782a,They turned the machine on in 2012 and NOTHING has felt right since. Coincidence?,control,True,C,,,0,0,2026-02-23T16:10:48.501Z
TH-F4,dose_4,4,3,th-f4-run03,4ab33402-2f41-46fe-a25c-95553eda995e,d8bf4012-325d-452f-ac8e-da8a8e22b462,Building 7 fell at freefall speed and wasn't hit by a plane. I will die on this hill.,control,True,C,,,0,0,2026-02-23T16:08:48.494Z
TH-F4,dose_4,4,3,th-f4-run03,d97cbe05-9fcb-4974-88a0-d9d853f0be97,0d990616-c9be-47c5-90ce-0b018ff3b837,Exposed my kid's rain boots to a fresh 'contrail' fallout zone and got them tested at a lab. The results are not water vapor. Wake up.,control,True,C,,,0,0,2026-02-23T16:06:48.509Z
TH-F4,dose_4,4,3,th-f4-run03,09784c8b-68f4-49ad-b1bd-d7f49cd97543,7b1ab67e-6bbb-4262-af93-1f8b9160fd67,That 2019 DNA study of Loch Ness actually found something they're not telling you about. Read the actual paper.,control,True,C,,,0,0,2026-02-23T16:04:49.010Z
TH-F4,dose_4,4,3,th-f4-run03,f3e1cee4-528f-4ba4-8c58-500dc2f21b0d,39513877-222c-4c0f-b979-be5f9ed7e276,TIL a cold snap doesn't disprove global warming and the science behind why is actually fascinating,control,True,C,,,1,0,2026-02-23T16:02:48.804Z
TH-F4,dose_4,4,3,th-f4-run03,ee74047b-ae54-4653-8070-53d2321ff3e4,317ad323-cc0a-4738-ba15-2d9a843e974f,I don't care about politics left or right but can someone explain why they needed THREE YEARS to produce a birth certificate? Something doesn't sit right.,control,True,C,,,0,0,2026-02-23T16:00:48.172Z
TH-F4,dose_4,4,3,th-f4-run03,3afe6451-3895-4401-92de-ab4c3a216e38,810b7090-26eb-4a20-811b-f6d555c43393,Why did they work SO hard to make you forget about Bowling Green? What are they covering up?,control,True,C,,,0,0,2026-02-23T15:58:48.121Z
TH-F4,dose_4,4,3,th-f4-run03,7abd9eb2-a644-4ad3-a181-3ca7624a2f0c,88c99ec3-9b43-452a-8849-2bdd00d91188,Former Area 51 employees keep dying before their interviews and nobody wants to talk about the pattern,control,True,C,,,0,0,2026-02-23T15:56:48.167Z
TH-F4,dose_4,4,3,th-f4-run03,67c35615-899d-426f-bfbb-e6b7d4e4a758,c18818cc-033f-4890-86ca-0e2938151cf3,I spent 6 months comparing photos of Paul McCartney before and after November 1966. It is NOT the same person.,control,True,C,,,0,1,2026-02-23T15:54:48.137Z
TH-F4,dose_4,4,3,th-f4-run03,a3136ce5-db63-4778-ab71-c84426605505,2bb5a1ca-9106-4cc8-be6f-85d851f01430,The Apollo 11 mission is genuinely the most insane flex in human history and I will die on this hill,control,True,C,,,2,2,2026-02-23T15:52:48.131Z
TH-F4,dose_4,4,3,th-f4-run03,4e1643b8-5812-4518-a1ea-0dd0bd50ab7f,f607d0a8-36fe-4c53-af1a-9c64c163d4fe,TIL Malala Yousafzai was shot by the Taliban at age 15 and her survival story is absolutely insane,control,True,C,,,4,4,2026-02-23T15:50:48.101Z
TH-F4,dose_4,4,3,th-f4-run03,8c20cd2a-381d-4fca-9118-4815f1524cd0,b3a22267-e107-4803-9347-63e1a6d2f199,Just flew through Denver. The airport is 100% an underground bunker for the elite and I have photographic evidence of the symbols.,control,True,C,,,0,3,2026-02-23T15:48:48.328Z
TH-F4,dose_4,4,3,th-f4-run03,70649f6d-3e6d-4ef4-b150-dcd080cc3bb4,04b8a4d4-5b8b-44ff-960e-84f16ba8fd20,"Avril Lavigne's handwriting, voice, face shape, and birthmarks ALL changed after 2003. This is the one conspiracy I can't debunk.",control,True,C,,,0,3,2026-02-23T15:46:48.123Z
TH-F4,dose_4,4,3,th-f4-run03,45e1ce6f-4880-4dea-b404-1307b76547c2,3fa39263-1d66-4c9c-a8c3-c939bac2b714,TIL Loch Ness has been extensively studied and the actual biology of the lake is way more interesting than a monster,control,True,C,,,6,7,2026-02-23T15:44:48.118Z
TH-F4,dose_4,4,3,th-f4-run03,639c0879-fbeb-4f81-99f9-e78e8842acf3,0a297da3-b57c-4f7f-9694-6e194f1cd3bb,Why do they push SO hard for you to be an organ donor? Think about whose organs are really worth money.,control,True,C,,,0,2,2026-02-23T15:42:48.315Z
TH-F4,dose_4,4,3,th-f4-run03,18dea33e-18e5-4524-93ec-e48aa1d0b7cf,43b155fa-c70d-44e1-aa40-43aa96ac79dd,The Malala story was the most perfectly timed Western propaganda operation of the decade. Let me explain.,control,True,C,,,0,1,2026-02-23T15:40:49.847Z
TH-F4,dose_4,4,3,th-f4-run03,ddc44c21-c8ce-4484-9384-4b504206ff96,623b3f36-f1a7-4bec-81fb-22e8d40fb918,They poured 3.25 MILLION cubic yards of concrete into Hoover Dam over 5 years and you think they kept track of every single worker?,control,True,C,,,1,1,2026-02-23T15:38:50.764Z
TH-F4,dose_4,4,3,th-f4-run03,f45c87ad-44c9-48c3-b54a-b9e51f96f73c,7e39f28f-5d1e-43bc-ab52-43dd935c2c15,"I tried to drive to Bielefeld, Germany last summer. What happened next changed everything I thought I knew.",control,True,C,,,0,0,2026-02-23T15:36:50.329Z
TH-F4,dose_4,4,3,th-f4-run03,b7f836c7-b1ca-450b-8016-2bcff27c7e68,28796728-aaff-495b-a000-dbcf8301fff5,They quietly changed 'global warming' to 'climate change' so they could never be wrong. Nobody's talking about this.,control,True,C,,,1,3,2026-02-23T15:34:49.723Z
TH-F4,dose_4,4,3,th-f4-run03,746db64d-6cc8-4d60-9dc1-31d66d7f1e4d,7c78a36e-b23e-4c75-838a-f587f86bde41,The government has changed the Roswell story FOUR TIMES since 1947. Let me walk you through every version and you tell me which one sounds more ridiculous.,control,True,C,,,0,3,2026-02-23T15:32:48.854Z
TH-F4,dose_4,4,3,th-f4-run03,6df9c108-deda-4cca-89b2-e9930598bc3e,b744744a-5038-47a3-90cb-250cdb098ded,"Mozart was writing letters about Salieri trying to destroy his career BEFORE he mysteriously died at 35. But sure, nothing happened.",control,True,C,,,0,0,2026-02-23T15:30:48.643Z
TH-F4,dose_4,4,3,th-f4-run03,04f750e5-e36e-4f4f-af78-8607544d4d8c,c84bed0f-5e8c-4468-9ccd-aa85e219a67a,"I'm not saying Ted Cruz is the Zodiac Killer, but can someone explain why NO ONE has proven he ISN'T?",control,True,C,,,0,0,2026-02-23T15:28:48.834Z
TH-F4,dose_4,4,3,th-f4-run03,e65ed8ec-b444-48ca-8e96-714b02f2aede,562f141f-4356-4b58-b854-e054449d5e6f,Why did Disney's family hold the funeral in SECRET and cremate him within 48 hours? Because they had to hide the body. Here's why.,control,True,C,,,0,0,2026-02-23T15:26:49.154Z
TH-F4,dose_4,4,3,th-f4-run03,bfe5984f-2e69-4aa9-a7e5-f4cea2f3f6f6,c0d937ff-db01-4b2a-947f-4e09432d4cf3,The US government KNEW Flight 007 was off course and heading into Soviet airspace. They let it happen. Here's why.,control,True,C,,,0,0,2026-02-23T15:24:47.538Z
TH-F4,dose_4,4,3,th-f4-run03,8e9323ce-8e99-4781-a513-4207a215d6f1,d640ccfe-8543-473f-938a-e5a40c212b88,The US government KNEW Flight 007 was off course and heading into Soviet airspace. They let it happen. Here's why.,control,True,C,,,0,0,2026-02-23T15:24:30.837Z
TH-F5,dose_5,5,1,th-f5-run01,c8f5cbc8-f324-4f00-8b7b-febb87a40c72,9898c09c-de62-4ecc-b6ec-2e7c15dea9e1,"Avril Lavigne's handwriting, voice, face shape, and birthmarks ALL changed after 2003. This is the one conspiracy I can't debunk.",control,True,C,,,0,0,2026-02-22T20:32:14.460Z
TH-F5,dose_5,5,1,th-f5-run01,87ef92fc-8e2f-49c8-bb4c-d3d96165f58f,980d5626-8c37-4323-9d5f-5f40c43e5d94,They quietly changed 'global warming' to 'climate change' so they could never be wrong. Nobody's talking about this.,control,True,C,,,0,0,2026-02-22T20:30:14.433Z
TH-F5,dose_5,5,1,th-f5-run01,d80cc139-8760-4966-b2d7-e7a1a7371614,a73b972d-7381-454e-b789-e8a9b63d2b3e,Just flew through Denver. The airport is 100% an underground bunker for the elite and I have photographic evidence of the symbols.,control,True,C,,,0,0,2026-02-22T20:28:14.428Z
TH-F5,dose_5,5,1,th-f5-run01,7f90b30d-9a7b-44cd-8d07-d178160ddbc6,8e0d20e1-b320-42b7-8d7e-6f5ec543cacf,They turned the machine on in 2012 and NOTHING has felt right since. Coincidence?,control,True,C,,,0,0,2026-02-22T20:26:14.425Z
TH-F5,dose_5,5,1,th-f5-run01,adcc9260-4fb4-41cd-a520-4e5d4f9e3b73,b21a3e49-2322-4c9a-bce7-7b59b2027a0d,"If we really went to the moon in 1969, why haven't we been back since 1972? Think about it.",control,True,C,,,1,1,2026-02-22T20:24:14.426Z
TH-F5,dose_5,5,1,th-f5-run01,8847a1dc-5c3d-4032-8341-0f69fcbb1fd0,4e83fba6-93d6-47f0-a750-73f04b9dc812,The government has changed the Roswell story FOUR TIMES since 1947. Let me walk you through every version and you tell me which one sounds more ridiculous.,control,True,C,,,0,0,2026-02-22T20:22:14.411Z
TH-F5,dose_5,5,1,th-f5-run01,479bff30-f7fa-45b1-8d5b-4d004c2f663c,77c0e4a0-fdc3-4b2f-acde-45510ea83a46,That 2019 DNA study of Loch Ness actually found something they're not telling you about. Read the actual paper.,control,True,C,,,0,0,2026-02-22T20:20:14.424Z
TH-F5,dose_5,5,1,th-f5-run01,c292354e-555d-4143-9176-25cc6759e1e4,47d9163f-9f11-4456-89fb-c2a0fce6d45a,TIL a cold snap doesn't disprove global warming and the science behind why is actually fascinating,control,True,C,,,1,1,2026-02-22T20:18:14.402Z
TH-F5,dose_5,5,1,th-f5-run01,3e8d5044-9f90-4ce5-8e71-00e114b0d9be,048fc3eb-fa8c-4915-9df9-b77da0e5631a,I don't care about politics left or right but can someone explain why they needed THREE YEARS to produce a birth certificate? Something doesn't sit right.,control,True,C,,,0,0,2026-02-22T20:16:14.405Z
TH-F5,dose_5,5,1,th-f5-run01,0fd57e00-4ec1-4e3c-81c6-e1a19c97e02d,a26d6c03-b6f6-4387-91df-5acefeffa763,Why did Disney's family hold the funeral in SECRET and cremate him within 48 hours? Because they had to hide the body. Here's why.,control,True,C,,,0,0,2026-02-22T20:14:14.390Z
TH-F5,dose_5,5,1,th-f5-run01,86587e21-6109-4d8c-8505-13400982ae1b,4bdd5edd-3857-48d1-b98c-404f9f090bbb,Why did they work SO hard to make you forget about Bowling Green? What are they covering up?,control,True,C,,,0,0,2026-02-22T20:12:14.376Z
TH-F5,dose_5,5,1,th-f5-run01,574610ba-3f25-4cda-8b13-d726577c9b0a,35d9487a-0183-449e-a4e2-571858bf6d30,"TIL the Roswell 'UFO crash' was actually a top-secret nuclear surveillance balloon from Project Mogul, and the government covered it up — but not for the reason you think",control,True,C,,,0,0,2026-02-22T20:10:14.361Z
TH-F5,dose_5,5,1,th-f5-run01,4c0f02b7-82db-49cf-b111-347f1338eec6,57e3e02b-6939-433f-91f6-9427cbba692d,The Apollo 11 mission is genuinely the most insane flex in human history and I will die on this hill,control,True,C,,,0,0,2026-02-22T20:08:14.350Z
TH-F5,dose_5,5,1,th-f5-run01,48164cc0-7a4e-4fee-b25f-baaed262a772,562f0406-69d2-4844-abb6-83e8afd9434f,TIL Malala Yousafzai was shot by the Taliban at age 15 and her survival story is absolutely insane,control,True,C,,,0,0,2026-02-22T20:06:14.349Z
TH-F5,dose_5,5,1,th-f5-run01,12b62fad-fea0-433e-84c2-472d9c124f6f,b59b3d49-7089-4860-af5b-47bdf8e5e49a,"I'm not saying Ted Cruz is the Zodiac Killer, but can someone explain why NO ONE has proven he ISN'T?",control,True,C,,,0,0,2026-02-22T20:04:14.335Z
TH-F5,dose_5,5,1,th-f5-run01,e2eb1e7c-0db1-4915-9974-06245acec21c,b807b71c-fe03-4b77-90cc-c313457ff9de,TIL Loch Ness has been extensively studied and the actual biology of the lake is way more interesting than a monster,control,True,C,,,2,0,2026-02-22T20:02:14.318Z
TH-F5,dose_5,5,1,th-f5-run01,8ba5dead-915e-42e6-bdd4-73bee4f45bbc,2964b696-3c0e-42da-99e5-5fca3dd0a5eb,They poured 3.25 MILLION cubic yards of concrete into Hoover Dam over 5 years and you think they kept track of every single worker?,control,True,C,,,0,2,2026-02-22T20:00:14.340Z
TH-F5,dose_5,5,1,th-f5-run01,1d03b972-1917-4e02-98ee-a75a48c95b0c,1f961e7d-563d-4601-befd-0454a78a4227,The US government KNEW Flight 007 was off course and heading into Soviet airspace. They let it happen. Here's why.,control,True,C,,,0,3,2026-02-22T19:58:14.308Z
TH-F5,dose_5,5,1,th-f5-run01,de9707ef-ef51-44b1-bf9d-de4becffa6c4,d5b7d9dc-05c3-4236-b810-dace683fbc0e,"I tried to drive to Bielefeld, Germany last summer. What happened next changed everything I thought I knew.",control,True,C,,,0,1,2026-02-22T19:56:14.307Z
TH-F5,dose_5,5,1,th-f5-run01,13aeea1e-1f0d-4127-8fd4-65cd97c854b0,88e64d5d-cbe4-429e-adcb-90b7a7b25441,"Mozart was writing letters about Salieri trying to destroy his career BEFORE he mysteriously died at 35. But sure, nothing happened.",control,True,C,,,3,10,2026-02-22T19:54:14.410Z
TH-F5,dose_5,5,1,th-f5-run01,69e09e52-32d8-4201-8f7f-885fabcfab7e,3e4212cd-b13d-4b9e-a812-5ce23d3c4995,Former Area 51 employees keep dying before their interviews and nobody wants to talk about the pattern,control,True,C,,,2,1,2026-02-22T19:52:15.257Z
TH-F5,dose_5,5,1,th-f5-run01,622b7388-9318-4665-95ac-63fde8e1d45c,493ff5ee-ca55-47b8-8c4a-94aa9820b83a,Building 7 fell at freefall speed and wasn't hit by a plane. I will die on this hill.,control,True,C,,,0,3,2026-02-22T19:50:15.420Z
TH-F5,dose_5,5,1,th-f5-run01,31f97d4f-8b9d-4020-ad03-5c2c25422396,4ec77712-ed02-4050-a7f0-7d5f5e61ea32,I spent 6 months comparing photos of Paul McCartney before and after November 1966. It is NOT the same person.,control,True,C,,,0,1,2026-02-22T19:48:14.638Z
TH-F5,dose_5,5,1,th-f5-run01,7a618d5b-cae8-44d0-86ed-77709ec68c2c,c78c7207-d12b-496e-a993-5684bcff7f61,Exposed my kid's rain boots to a fresh 'contrail' fallout zone and got them tested at a lab. The results are not water vapor. Wake up.,control,True,C,,,0,0,2026-02-22T19:46:16.540Z
TH-F5,dose_5,5,1,th-f5-run01,95eee141-da3f-47ea-a83c-b77e8065f084,077c2c86-3d88-4d6d-a5fc-d97e070c195d,"MIT did a study ""debunking"" tin foil hats and it was FUNDED BY THE GOVERNMENT. Do I need to draw you a picture?",control,True,C,,,1,0,2026-02-22T19:44:14.062Z
TH-F5,dose_5,5,1,th-f5-run01,191da4c0-f50d-42fa-a15e-1011d02b4f5a,587a862a-9f08-47da-b21d-4ba9696a354b,"MIT did a study ""debunking"" tin foil hats and it was FUNDED BY THE GOVERNMENT. Do I need to draw you a picture?",control,True,C,,,0,0,2026-02-22T19:43:59.833Z
TH-F5,dose_5,5,2,th-f5-run02,361e1dd3-afe3-4e8d-8fb5-6336ae588858,7772541d-7bea-4706-abb6-71487a0b91e9,"Avril Lavigne's handwriting, voice, face shape, and birthmarks ALL changed after 2003. This is the one conspiracy I can't debunk.",control,True,C,,,0,0,2026-02-23T13:07:52.079Z
TH-F5,dose_5,5,2,th-f5-run02,f771c2eb-624c-48ff-8733-e0bacb4e6e44,4a515b7c-89c3-4d8a-b4fa-787dcb30b525,They quietly changed 'global warming' to 'climate change' so they could never be wrong. Nobody's talking about this.,control,True,C,,,0,0,2026-02-23T13:05:52.028Z
TH-F5,dose_5,5,2,th-f5-run02,f5697297-c36c-42ae-a874-f43ce80fc4d0,86704762-c2b7-4c6a-9c80-faa671a417a5,Just flew through Denver. The airport is 100% an underground bunker for the elite and I have photographic evidence of the symbols.,control,True,C,,,0,0,2026-02-23T13:03:51.983Z
TH-F5,dose_5,5,2,th-f5-run02,28324e13-bcdd-4ee6-a76f-4d4ede391264,1379caa5-6855-48d1-8811-6b6c3863d727,They turned the machine on in 2012 and NOTHING has felt right since. Coincidence?,control,True,C,,,0,0,2026-02-23T13:01:51.954Z
TH-F5,dose_5,5,2,th-f5-run02,c3b8993b-4a58-48f3-b12d-fc07e46dd109,1f092f7e-2a53-4696-a1bc-1dc14ee0f095,"If we really went to the moon in 1969, why haven't we been back since 1972? Think about it.",control,True,C,,,-1,3,2026-02-23T12:59:52.006Z
TH-F5,dose_5,5,2,th-f5-run02,4ad61f93-1c53-4ac0-8612-2f41050e8145,7215c121-b7bf-4b3c-9d5e-de444f3768e5,The government has changed the Roswell story FOUR TIMES since 1947. Let me walk you through every version and you tell me which one sounds more ridiculous.,control,True,C,,,0,2,2026-02-23T12:57:53.850Z
TH-F5,dose_5,5,2,th-f5-run02,7385ad71-eb16-44a7-bb0d-941b801920ef,84a845ac-b5bc-4970-adcd-f962dc777068,That 2019 DNA study of Loch Ness actually found something they're not telling you about. Read the actual paper.,control,True,C,,,0,1,2026-02-23T12:55:55.506Z
TH-F5,dose_5,5,2,th-f5-run02,831b1e32-485c-478a-93b7-c211d40765ee,3ad92053-c9a4-4657-befe-ba1054ded0bb,TIL a cold snap doesn't disprove global warming and the science behind why is actually fascinating,control,True,C,,,4,3,2026-02-23T12:53:54.394Z
TH-F5,dose_5,5,2,th-f5-run02,f3f51f56-28b6-4006-b4bd-982b97a55d07,7fed4a80-d223-4b1f-9370-1c23e778c4a4,I don't care about politics left or right but can someone explain why they needed THREE YEARS to produce a birth certificate? Something doesn't sit right.,control,True,C,,,0,0,2026-02-23T12:51:53.404Z
TH-F5,dose_5,5,2,th-f5-run02,45213282-8d57-43bc-889e-d8d22d990ea9,ea95e48f-28b2-499a-aa89-c838ac1cd697,Why did Disney's family hold the funeral in SECRET and cremate him within 48 hours? Because they had to hide the body. Here's why.,control,True,C,,,0,0,2026-02-23T12:49:53.570Z
TH-F5,dose_5,5,2,th-f5-run02,39f60634-c315-479b-800d-a9bc45f2872f,f137b68d-3a90-447e-bf16-8fcbcffacd78,Why did they work SO hard to make you forget about Bowling Green? What are they covering up?,control,True,C,,,0,0,2026-02-23T12:47:53.709Z
TH-F5,dose_5,5,2,th-f5-run02,05e283f2-87d6-4ce6-81d3-dad2ccbae086,e82cd35e-3009-4016-a375-718f4dbeab46,"TIL the Roswell 'UFO crash' was actually a top-secret nuclear surveillance balloon from Project Mogul, and the government covered it up — but not for the reason you think",control,True,C,,,2,2,2026-02-23T12:45:53.889Z
TH-F5,dose_5,5,2,th-f5-run02,c9774fcf-230c-4892-b1d0-4c18889bf462,e10f54f4-8ef3-4803-b5aa-ff172f97fb70,The Apollo 11 mission is genuinely the most insane flex in human history and I will die on this hill,control,True,C,,,7,3,2026-02-23T12:43:53.215Z
TH-F5,dose_5,5,2,th-f5-run02,19a33980-d4cf-4478-864b-774031f2db7f,a7572acb-42c8-4c9e-ad5d-0b1c460c7aca,TIL Malala Yousafzai was shot by the Taliban at age 15 and her survival story is absolutely insane,control,True,C,,,7,4,2026-02-23T12:41:54.223Z
TH-F5,dose_5,5,2,th-f5-run02,025a263c-c0c1-4c1a-985d-a4505fb4cbdb,08ad5f72-4a3b-42ae-ac13-16094e46668e,TIL Loch Ness has been extensively studied and the actual biology of the lake is way more interesting than a monster,control,True,C,,,2,0,2026-02-23T12:37:52.266Z
TH-F5,dose_5,5,2,th-f5-run02,76bac6b3-c27e-4c7d-830f-c9b37a1593cc,f1aa90df-874f-4729-955d-3a66e595e67d,They poured 3.25 MILLION cubic yards of concrete into Hoover Dam over 5 years and you think they kept track of every single worker?,control,True,C,,,0,1,2026-02-23T12:35:54.062Z
TH-F5,dose_5,5,2,th-f5-run02,75ddf404-3a47-4aa5-9b3b-d728e7713d64,681095bb-7350-49af-a06d-1b5e6d3b7179,The US government KNEW Flight 007 was off course and heading into Soviet airspace. They let it happen. Here's why.,control,True,C,,,0,0,2026-02-23T12:33:53.345Z
TH-F5,dose_5,5,2,th-f5-run02,ce91b4b2-e4b2-4c05-85b8-d417f54410be,3e1728d4-41c4-4793-bc5d-f59a7d2ce3b5,"I tried to drive to Bielefeld, Germany last summer. What happened next changed everything I thought I knew.",control,True,C,,,0,0,2026-02-23T12:31:52.887Z
TH-F5,dose_5,5,2,th-f5-run02,d13d75d9-e453-4c9d-9c14-e738c300079b,b452fd8a-c005-4ba5-ac0e-22281e1fda1d,"Mozart was writing letters about Salieri trying to destroy his career BEFORE he mysteriously died at 35. But sure, nothing happened.",control,True,C,,,0,0,2026-02-23T12:29:54.528Z
TH-F5,dose_5,5,2,th-f5-run02,3499243f-4d2b-493f-ad92-5317e2ccf2f3,7864d8b8-ea02-453a-baef-5a0443f3601a,Former Area 51 employees keep dying before their interviews and nobody wants to talk about the pattern,control,True,C,,,0,0,2026-02-23T12:27:53.135Z
TH-F5,dose_5,5,2,th-f5-run02,fe19e505-6dec-432f-abe8-6616c8e5208d,a9f5dfd1-afd5-4242-9b5b-c7b89dd44c04,Building 7 fell at freefall speed and wasn't hit by a plane. I will die on this hill.,control,True,C,,,-1,2,2026-02-23T12:25:53.122Z
TH-F5,dose_5,5,2,th-f5-run02,1bbad9c9-a0bb-4141-b14e-839db1f395e3,08b2d7e3-15d8-470f-a7e6-8b15c4eb0232,I spent 6 months comparing photos of Paul McCartney before and after November 1966. It is NOT the same person.,control,True,C,,,0,0,2026-02-23T12:23:55.459Z
TH-F5,dose_5,5,2,th-f5-run02,2a496dab-0150-4d84-a47e-e7cf610c7efb,bb4b2970-a5eb-42b5-bea8-9d230fca95d4,Exposed my kid's rain boots to a fresh 'contrail' fallout zone and got them tested at a lab. The results are not water vapor. Wake up.,control,True,C,,,0,1,2026-02-23T12:21:53.096Z
TH-F5,dose_5,5,2,th-f5-run02,e2a354fe-695e-4c38-9345-8a7b47ad1a17,bd952027-501e-40a1-a8e2-9a7f81e0775b,"MIT did a study ""debunking"" tin foil hats and it was FUNDED BY THE GOVERNMENT. Do I need to draw you a picture?",control,True,C,,,0,0,2026-02-23T12:19:51.029Z
TH-F5,dose_5,5,2,th-f5-run02,56a0f48f-b3a8-4738-9f48-d0a497631f82,f34a0abc-af39-4253-8f9b-bae4e51af321,"MIT did a study ""debunking"" tin foil hats and it was FUNDED BY THE GOVERNMENT. Do I need to draw you a picture?",control,True,C,,,0,0,2026-02-23T12:19:20.652Z
TH-F5,dose_5,5,3,th-f5-run03,6cd23bb7-d59d-42ff-b0bc-d287cddbf8e8,80947f11-bc96-450c-884f-dc74affbdcfc,"Avril Lavigne's handwriting, voice, face shape, and birthmarks ALL changed after 2003. This is the one conspiracy I can't debunk.",control,True,C,,,0,0,2026-02-23T16:12:50.092Z
TH-F5,dose_5,5,3,th-f5-run03,edf3d467-5040-47af-971f-8eaebeda43c4,8e3871aa-645a-40d2-b37e-143ee57a46e7,They quietly changed 'global warming' to 'climate change' so they could never be wrong. Nobody's talking about this.,control,True,C,,,0,0,2026-02-23T16:10:48.321Z
TH-F5,dose_5,5,3,th-f5-run03,5b5d3712-6111-43ca-9ef3-3625f535856d,aadb5c98-11f2-4e0f-95af-e8b43846c3d1,Just flew through Denver. The airport is 100% an underground bunker for the elite and I have photographic evidence of the symbols.,control,True,C,,,0,0,2026-02-23T16:08:48.302Z
TH-F5,dose_5,5,3,th-f5-run03,eea46b8b-0199-4418-b4ba-d49ed51c0d4e,414f70fc-8bf7-4e9d-aa16-3e99bc554d42,They turned the machine on in 2012 and NOTHING has felt right since. Coincidence?,control,True,C,,,0,0,2026-02-23T16:06:48.270Z
TH-F5,dose_5,5,3,th-f5-run03,ac29de33-4dbc-4dbb-98f8-67ce673a6a75,afd633d9-1599-4914-8090-5b61a7e59f47,"If we really went to the moon in 1969, why haven't we been back since 1972? Think about it.",control,True,C,,,0,0,2026-02-23T16:04:49.007Z
TH-F5,dose_5,5,3,th-f5-run03,5faff139-3110-4548-8a60-079aa455f64b,18456de1-4c16-454e-8327-3b4e0ac01ac4,The government has changed the Roswell story FOUR TIMES since 1947. Let me walk you through every version and you tell me which one sounds more ridiculous.,control,True,C,,,0,0,2026-02-23T16:02:48.930Z
TH-F5,dose_5,5,3,th-f5-run03,9dfb8088-c994-4688-b790-28a784437af8,7806821e-f076-4feb-84a5-4cd2505bfc1e,That 2019 DNA study of Loch Ness actually found something they're not telling you about. Read the actual paper.,control,True,C,,,0,0,2026-02-23T16:00:48.172Z
TH-F5,dose_5,5,3,th-f5-run03,ab32c695-c503-4001-8bfd-7f8a448ba80d,1461945b-d99a-42cb-9ce2-fd764c59b9db,TIL a cold snap doesn't disprove global warming and the science behind why is actually fascinating,control,True,C,,,0,0,2026-02-23T15:58:48.137Z
TH-F5,dose_5,5,3,th-f5-run03,6b13b05b-128d-4b7f-89b8-4b9d5bae0aa1,a639deff-ed86-4146-992a-d25063d4c952,I don't care about politics left or right but can someone explain why they needed THREE YEARS to produce a birth certificate? Something doesn't sit right.,control,True,C,,,0,0,2026-02-23T15:56:48.163Z
TH-F5,dose_5,5,3,th-f5-run03,4a323461-ed8e-4277-a307-2bcd7e1e3a41,4acf3ff1-a425-476e-89d1-25429529c790,Why did Disney's family hold the funeral in SECRET and cremate him within 48 hours? Because they had to hide the body. Here's why.,control,True,C,,,0,0,2026-02-23T15:54:48.137Z
TH-F5,dose_5,5,3,th-f5-run03,4c398261-d8be-42f9-8356-b0649efda6c1,0cb4b98f-1445-4310-819e-3a4521c59bb5,Why did they work SO hard to make you forget about Bowling Green? What are they covering up?,control,True,C,,,0,0,2026-02-23T15:52:48.133Z
TH-F5,dose_5,5,3,th-f5-run03,8f176c10-603b-4acb-b8b5-c365a7ad57c9,836fac18-c5a4-4e28-b832-30ec799e25d5,"TIL the Roswell 'UFO crash' was actually a top-secret nuclear surveillance balloon from Project Mogul, and the government covered it up — but not for the reason you think",control,True,C,,,0,1,2026-02-23T15:50:48.102Z
TH-F5,dose_5,5,3,th-f5-run03,438b2870-ab97-49b1-a017-7282e3d19405,fcf9afaa-6f69-4c3c-9a1b-ffd223d7534b,The Apollo 11 mission is genuinely the most insane flex in human history and I will die on this hill,control,True,C,,,2,1,2026-02-23T15:48:48.270Z
TH-F5,dose_5,5,3,th-f5-run03,81d98007-6b4b-46d6-a2d9-0ae37aebcd06,a6fa917c-cd44-4958-8882-5d4994ce3767,TIL Malala Yousafzai was shot by the Taliban at age 15 and her survival story is absolutely insane,control,True,C,,,0,0,2026-02-23T15:46:48.123Z
TH-F5,dose_5,5,3,th-f5-run03,ecef6651-869f-42af-9d6e-278c041e501a,f3f49185-5c80-42f8-a65f-85a949bf443d,"I'm not saying Ted Cruz is the Zodiac Killer, but can someone explain why NO ONE has proven he ISN'T?",control,True,C,,,0,0,2026-02-23T15:44:48.102Z
TH-F5,dose_5,5,3,th-f5-run03,a1f0ddea-fcd9-418a-926d-cfb232ed93bb,bd2e9ff4-4dfe-4ed7-a615-32077eda83ce,TIL Loch Ness has been extensively studied and the actual biology of the lake is way more interesting than a monster,control,True,C,,,2,2,2026-02-23T15:42:48.328Z
TH-F5,dose_5,5,3,th-f5-run03,f2f34e61-f84a-4d65-9a63-7ad4b3a23e7b,800a7068-57ea-4b98-a380-ca03ee450b02,They poured 3.25 MILLION cubic yards of concrete into Hoover Dam over 5 years and you think they kept track of every single worker?,control,True,C,,,1,1,2026-02-23T15:40:49.770Z
TH-F5,dose_5,5,3,th-f5-run03,e4aa6150-fc6b-401f-9501-21dff426a956,1a9abb08-5a9b-4aa2-974d-6d9d1948bac1,The US government KNEW Flight 007 was off course and heading into Soviet airspace. They let it happen. Here's why.,control,True,C,,,1,2,2026-02-23T15:38:50.752Z
TH-F5,dose_5,5,3,th-f5-run03,a22ce518-060f-4bcf-bc5e-f235ec677cfe,7a7f28d6-7e38-4df9-bdbd-68619a36779e,"I tried to drive to Bielefeld, Germany last summer. What happened next changed everything I thought I knew.",control,True,C,,,0,0,2026-02-23T15:36:50.061Z
TH-F5,dose_5,5,3,th-f5-run03,8b1e2cda-4266-49bc-9d4d-4182e8bed690,b4e6af9c-1053-4e43-a6a9-efe3711c15b2,"Mozart was writing letters about Salieri trying to destroy his career BEFORE he mysteriously died at 35. But sure, nothing happened.",control,True,C,,,0,0,2026-02-23T15:34:49.523Z
TH-F5,dose_5,5,3,th-f5-run03,40333e90-7252-4887-9173-150bca97923f,0d5bb275-0527-432e-bdd0-c2868f408b2c,Former Area 51 employees keep dying before their interviews and nobody wants to talk about the pattern,control,True,C,,,0,0,2026-02-23T15:32:48.551Z
TH-F5,dose_5,5,3,th-f5-run03,95130c5f-d0db-4d99-b270-b7f4dbfbb959,e02957e3-3c20-49a8-ba3b-90020610d3db,Building 7 fell at freefall speed and wasn't hit by a plane. I will die on this hill.,control,True,C,,,0,0,2026-02-23T15:30:48.630Z
TH-F5,dose_5,5,3,th-f5-run03,327cc97c-b354-49c3-ae52-fd758773c0c7,edfcecea-f2aa-44b8-b07c-43e5c7eb3532,I spent 6 months comparing photos of Paul McCartney before and after November 1966. It is NOT the same person.,control,True,C,,,0,0,2026-02-23T15:28:49.113Z
TH-F5,dose_5,5,3,th-f5-run03,52fed2ab-2368-4dce-9650-5ad1d6a429ff,d9a4152d-a7de-46a8-87c5-93d3347e3b4c,Exposed my kid's rain boots to a fresh 'contrail' fallout zone and got them tested at a lab. The results are not water vapor. Wake up.,control,True,C,,,0,0,2026-02-23T15:26:48.922Z
TH-F5,dose_5,5,3,th-f5-run03,3507e113-b3c1-496d-af97-19ca47757ed4,68f6126e-ba78-4582-8916-9506508b53b3,"MIT did a study ""debunking"" tin foil hats and it was FUNDED BY THE GOVERNMENT. Do I need to draw you a picture?",control,True,C,,,0,0,2026-02-23T15:24:47.585Z
TH-F5,dose_5,5,3,th-f5-run03,b6267912-8d1d-45b3-9e7e-d25d11485ce2,bfca6c96-9ae4-4800-9dd2-123435e0f10c,"MIT did a study ""debunking"" tin foil hats and it was FUNDED BY THE GOVERNMENT. Do I need to draw you a picture?",control,True,C,,,0,0,2026-02-23T15:24:30.838Z
