internal_family_label,model_display,scheme,k,seed,n_runs,delta_dominant_share_mean,delta_dominant_share_median,delta_dominant_share_n_negative,delta_dominant_share_n_positive,delta_dominant_share_sign_p,delta_topic_entropy_norm_mean,delta_topic_entropy_norm_median,delta_topic_entropy_norm_n_negative,delta_topic_entropy_norm_n_positive,delta_topic_entropy_norm_sign_p,delta_effective_topics_mean,delta_effective_topics_median,delta_effective_topics_n_negative,delta_effective_topics_n_positive,delta_effective_topics_sign_p,delta_topic_hhi_mean,delta_topic_hhi_median,delta_topic_hhi_n_negative,delta_topic_hhi_n_positive,delta_topic_hhi_sign_p,delta_topic_hhi_norm_mean,delta_topic_hhi_norm_median,delta_topic_hhi_norm_n_negative,delta_topic_hhi_norm_n_positive,delta_topic_hhi_norm_sign_p
base_model_as_tool,OLMo 3 32B Base,fixed_15m,8,11,6,0.04258697411276535,0.059440559440559426,1,5,0.21875,-0.08102669343344228,-0.11000531955230523,5,1,0.21875,-0.18075824627279916,-0.29266446871795715,5,1,0.21875,0.07749393928600622,0.11220673993838332,1,5,0.21875,0.08856450204114995,0.1282362742152952,1,5,0.21875
base_model_as_tool,OLMo 3 32B Base,fixed_15m,8,22,6,0.09062730877247005,0.12144486338034721,2,4,0.6875,-0.20028928928880183,-0.20618527457256758,4,2,0.6875,-0.7194169681238262,-0.6358449770384125,4,2,0.6875,0.1606236251094061,0.20673580395033053,2,4,0.6875,0.18356985726789263,0.23626949022894922,2,4,0.6875
base_model_as_tool,OLMo 3 32B Base,fixed_15m,8,33,6,0.1126134296639187,0.034317832704929496,2,4,0.6875,-0.212863631605849,-0.11209911388041911,6,0,0.03125,-0.8041805410546284,-0.36036706642360106,6,0,0.03125,0.1875432862756737,0.07249004287418859,1,5,0.21875,0.2143351843150557,0.08284576328478688,1,5,0.21875
base_model_as_tool,OLMo 3 32B Base,fixed_15m,8,44,6,0.00011082881974544545,0.01704545454545453,2,3,1.0,-0.06270803137257541,-0.07008297712276934,4,2,0.6875,-0.149512100904886,-0.1899482097986377,4,2,0.6875,0.022727610994789798,0.03566859762226887,2,4,0.6875,0.02597441256547404,0.04076411156830728,2,4,0.6875
base_model_as_tool,OLMo 3 32B Base,fixed_15m,8,55,6,0.10037774429702308,0.11826211422985622,2,4,0.6875,-0.1517472057418271,-0.09856175029676661,4,2,0.6875,-0.5192764342302336,-0.3658942029461255,4,2,0.6875,0.1317479148420343,0.09345341265357177,2,4,0.6875,0.15056904553375353,0.10680390017551061,2,4,0.6875
base_model_as_tool,OLMo 3 32B Base,fixed_15m,12,11,6,0.09287419013719989,0.09327142391658516,2,4,0.6875,-0.18209536350796576,-0.1654938414940475,5,1,0.21875,-0.784703401794484,-0.635797563724672,5,1,0.21875,0.17491705949284483,0.16685795390450076,2,4,0.6875,0.1908186103558307,0.18202685880490993,2,4,0.6875
base_model_as_tool,OLMo 3 32B Base,fixed_15m,12,22,6,0.11531603463093115,0.12104920169436295,2,4,0.6875,-0.18288810114188914,-0.17430448245707086,4,2,0.6875,-0.78949355869762,-0.6805403695183544,4,2,0.6875,0.18132639948547782,0.19634762004497708,2,4,0.6875,0.1978106176205212,0.2141974036854295,2,4,0.6875
base_model_as_tool,OLMo 3 32B Base,fixed_15m,12,33,6,0.09883379438689845,0.08533491598007725,2,4,0.6875,-0.16951824085192402,-0.12340967827740135,5,1,0.21875,-0.6892543831928736,-0.43558191145681047,5,1,0.21875,0.18208327948988867,0.1479092117642779,2,4,0.6875,0.1986363048980604,0.16135550374284868,2,4,0.6875
base_model_as_tool,OLMo 3 32B Base,fixed_15m,12,44,6,0.14620433133062471,0.12631499325047713,2,4,0.6875,-0.1998523950981593,-0.11375712114175451,6,0,0.03125,-0.9199927518197016,-0.5059906595718183,6,0,0.03125,0.20631343429770943,0.13242968878923725,2,4,0.6875,0.22506920105204664,0.14446875140644058,2,4,0.6875
base_model_as_tool,OLMo 3 32B Base,fixed_15m,12,55,6,0.07493271161953663,0.11726132290648422,2,4,0.6875,-0.16331164275191265,-0.1482334253382321,5,1,0.21875,-0.7766815385044246,-0.6997790264124818,5,1,0.21875,0.14747182827739766,0.16945309205158707,2,4,0.6875,0.16087835812079745,0.18485791860173134,2,4,0.6875
base_model_as_tool,OLMo 3 32B Base,fixed_15m,16,11,6,0.1224316566050437,0.12934645999162125,2,4,0.6875,-0.18329383045642766,-0.16388829366130567,5,1,0.21875,-0.9707630090239968,-0.7798694167868477,5,1,0.21875,0.19583224484457093,0.2071660914913569,2,4,0.6875,0.20888772783420895,0.2209771642574474,2,4,0.6875
base_model_as_tool,OLMo 3 32B Base,fixed_15m,16,22,6,0.22245912480138194,0.17920565097984456,1,5,0.21875,-0.21838557570185937,-0.13434458206404606,5,1,0.21875,-1.357142330709898,-0.8118349313682239,5,1,0.21875,0.2674631088151717,0.18257905426895402,1,5,0.21875,0.28529398273618317,0.19475099122021763,1,5,0.21875
base_model_as_tool,OLMo 3 32B Base,fixed_15m,16,33,6,0.06548109658066098,0.15132171105185582,2,4,0.6875,-0.15504136402274707,-0.22832098855196406,5,1,0.21875,-0.822840341128357,-0.9558139483320034,5,1,0.21875,0.1460240540750933,0.2296899546373952,1,5,0.21875,0.1557589910134329,0.2450026182798882,1,5,0.21875
base_model_as_tool,OLMo 3 32B Base,fixed_15m,16,44,6,0.16421047352929793,0.14861169296653168,2,4,0.6875,-0.1872550838300534,-0.10979407998914553,5,1,0.21875,-1.1565601209787628,-0.6094110556674135,5,1,0.21875,0.2159437358596622,0.166186897580569,2,4,0.6875,0.23033998491697302,0.17726602408594028,2,4,0.6875
base_model_as_tool,OLMo 3 32B Base,fixed_15m,16,55,6,0.06579247599573436,0.1327386770935158,2,4,0.6875,-0.13839534084887972,-0.12368111339766835,4,2,0.6875,-0.714111799458449,-0.6355775249739904,4,2,0.6875,0.1361279308530733,0.16052773757956632,2,4,0.6875,0.14520312624327816,0.1712295867515374,2,4,0.6875
base_model_as_tool,OLMo 3 32B Base,fixed_15m,24,11,6,0.17455043056736816,0.13814993250477117,2,4,0.6875,-0.1835377430938787,-0.09074542008892578,5,1,0.21875,-1.4160121907853271,-0.667508755878128,5,1,0.21875,0.23484891982501233,0.14873513837576574,2,4,0.6875,0.24505974242609985,0.15520188352253816,2,4,0.6875
base_model_as_tool,OLMo 3 32B Base,fixed_15m,24,22,6,0.09404960501278213,0.17646511194898296,2,4,0.6875,-0.15321260982496898,-0.16829110906081918,4,2,0.6875,-0.9793764137003477,-1.083110586065021,4,2,0.6875,0.18432983295897354,0.25303604861897777,2,4,0.6875,0.19234417352240718,0.26403761595023767,2,4,0.6875
base_model_as_tool,OLMo 3 32B Base,fixed_15m,24,33,6,0.06145127732084025,0.18478967269289853,2,4,0.6875,-0.12738167123323002,-0.19812015495682375,4,2,0.6875,-0.7361090475778976,-1.034871779856387,4,2,0.6875,0.15042471130086388,0.3020075083403763,2,4,0.6875,0.15696491614003186,0.3151382695725666,2,4,0.6875
base_model_as_tool,OLMo 3 32B Base,fixed_15m,24,44,6,0.18810871239736118,0.1373236978075688,2,4,0.6875,-0.20489386521564987,-0.13996837171150023,5,1,0.21875,-1.4912347145139169,-0.8846563828289923,5,1,0.21875,0.2501493371564987,0.20560941671172497,2,4,0.6875,0.26102539529373775,0.2145489565687565,2,4,0.6875
base_model_as_tool,OLMo 3 32B Base,fixed_15m,24,55,6,0.1918936477241885,0.14244402550854163,1,5,0.21875,-0.1911965573024925,-0.09586910006595917,5,1,0.21875,-1.4582001642117575,-0.5077096005916983,5,1,0.21875,0.2544933017980477,0.15097099237925898,1,5,0.21875,0.26555822796318024,0.15753494856966155,1,5,0.21875
base_model_as_tool,OLMo 3 32B Base,normalized_quartile,8,11,6,0.013434921186746699,0.059654800431499455,2,4,0.6875,-0.04421708082828226,-0.11315098873766886,4,2,0.6875,-0.08757350358397435,-0.30010637289670994,4,2,0.6875,0.035924988681884214,0.11252957831051902,2,4,0.6875,0.04105712992215338,0.12860523235487886,2,4,0.6875
base_model_as_tool,OLMo 3 32B Base,normalized_quartile,8,22,6,0.06910532130577625,0.11637806637806636,2,4,0.6875,-0.17960041752735192,-0.18791630458006903,4,2,0.6875,-0.6850793531817695,-0.6100641601761437,4,2,0.6875,0.13697043799965578,0.1941324604528068,2,4,0.6875,0.15653764342817802,0.22186566908892202,2,4,0.6875
base_model_as_tool,OLMo 3 32B Base,normalized_quartile,8,33,6,0.08504070264491913,0.04062049062049061,2,4,0.6875,-0.17711913015363331,-0.0927167530188164,6,0,0.03125,-0.7134602721583949,-0.3988168609512772,6,0,0.03125,0.13928442258161347,0.06438516269685093,2,4,0.6875,0.15918219723612967,0.07358304308211533,2,4,0.6875
base_model_as_tool,OLMo 3 32B Base,normalized_quartile,8,44,6,-0.005215635440469342,0.027392510402219183,1,5,0.21875,-0.05971312583226306,-0.08425968660589478,5,1,0.21875,-0.11305679849925059,-0.23464061833269945,5,1,0.21875,0.020578972396914568,0.052871735460137514,1,5,0.21875,0.02351882559647379,0.06042484052587149,1,5,0.21875
base_model_as_tool,OLMo 3 32B Base,normalized_quartile,8,55,6,0.10227457343228687,0.12871572871572873,2,4,0.6875,-0.13770886864898935,-0.09454854994782755,4,2,0.6875,-0.5016943868113083,-0.3739344642129655,4,2,0.6875,0.12133288936633979,0.093278799122955,2,4,0.6875,0.1386661592758169,0.10660434185480566,2,4,0.6875
base_model_as_tool,OLMo 3 32B Base,normalized_quartile,12,11,6,0.0623819004356199,0.0948773448773449,2,4,0.6875,-0.15930638251332638,-0.15365707486409996,5,1,0.21875,-0.7148631368711716,-0.6339941546653467,5,1,0.21875,0.14367950429038007,0.16149199685996235,2,4,0.6875,0.15674127740768737,0.17617308748359534,2,4,0.6875
base_model_as_tool,OLMo 3 32B Base,normalized_quartile,12,22,6,0.10292977407248759,0.12265512265512268,2,4,0.6875,-0.16981672251330873,-0.16266268267554684,4,2,0.6875,-0.7731914597013101,-0.6801398955357743,4,2,0.6875,0.16479524834792084,0.19102084543642994,2,4,0.6875,0.17977663456136814,0.20838637683974176,2,4,0.6875
base_model_as_tool,OLMo 3 32B Base,normalized_quartile,12,33,6,0.06618337341168534,0.08694083694083699,2,4,0.6875,-0.1435821755544743,-0.11173170165477207,4,2,0.6875,-0.6199069681471762,-0.4349637554183874,4,2,0.6875,0.14734521356781077,0.1429449931181534,2,4,0.6875,0.1607402329830663,0.15593999249253104,2,4,0.6875
base_model_as_tool,OLMo 3 32B Base,normalized_quartile,12,44,6,0.12312415865846893,0.14451659451659454,2,4,0.6875,-0.1741826896030928,-0.11556426365577614,6,0,0.03125,-0.8565030751918679,-0.5597357825044189,6,0,0.03125,0.17287319845061208,0.13586685240364899,2,4,0.6875,0.1885889437643041,0.14821838444034435,2,4,0.6875
base_model_as_tool,OLMo 3 32B Base,normalized_quartile,12,55,6,0.04462497205092029,0.1280663780663781,2,4,0.6875,-0.14748025430989967,-0.15317596991187138,5,1,0.21875,-0.7296986308383578,-0.7674557270397152,5,1,0.21875,0.12319583714129267,0.17629057010009394,2,4,0.6875,0.134395458699592,0.19231698556373883,2,4,0.6875
base_model_as_tool,OLMo 3 32B Base,normalized_quartile,16,11,6,0.09330887962788337,0.13203463203463206,2,4,0.6875,-0.1655865461680467,-0.15448094560372397,5,1,0.21875,-0.9180749251831384,-0.7881127472219233,5,1,0.21875,0.16769722150521504,0.2029473877092926,2,4,0.6875,0.1788770362722293,0.21647721355657878,2,4,0.6875
base_model_as_tool,OLMo 3 32B Base,normalized_quartile,16,22,6,0.20062175304160237,0.19704184704184705,1,5,0.21875,-0.1988324703578618,-0.13162590238922864,5,1,0.21875,-1.305272078798616,-0.8727393108185393,5,1,0.21875,0.23777179777939972,0.19046475890631737,1,5,0.21875,0.253623250964693,0.20316240950007183,1,5,0.21875
base_model_as_tool,OLMo 3 32B Base,normalized_quartile,16,33,6,0.0166996031125624,0.08065656565656565,2,4,0.6875,-0.13062346870133967,-0.17133417346396754,5,1,0.21875,-0.7403826245389936,-0.7800336689177838,5,1,0.21875,0.112487266037807,0.16832499744923984,1,5,0.21875,0.11998641710699413,0.17954666394585583,1,5,0.21875
base_model_as_tool,OLMo 3 32B Base,normalized_quartile,16,44,6,0.14741701691171752,0.16608946608946615,2,4,0.6875,-0.1758141058951297,-0.11436602242657462,5,1,0.21875,-1.1469331876944613,-0.6942983262374222,5,1,0.21875,0.19735902557725507,0.17255944312221375,2,4,0.6875,0.2105162939490721,0.18406340599702797,2,4,0.6875
base_model_as_tool,OLMo 3 32B Base,normalized_quartile,16,55,6,0.053205675383877736,0.15021645021645028,2,4,0.6875,-0.12977363311880172,-0.12871711958768112,4,2,0.6875,-0.7100392571271152,-0.7225557837560052,4,2,0.6875,0.12131696500337275,0.16786198409575045,2,4,0.6875,0.12940476267026424,0.1790527830354671,2,4,0.6875
base_model_as_tool,OLMo 3 32B Base,normalized_quartile,24,11,6,0.1503355457040327,0.15995670995671,2,4,0.6875,-0.16152315171907206,-0.08896729399291517,5,1,0.21875,-1.345238353559495,-0.7524432055095236,5,1,0.21875,0.20077782446791845,0.15576130299074029,2,4,0.6875,0.20950729509695834,0.16253353355555505,2,4,0.6875
base_model_as_tool,OLMo 3 32B Base,normalized_quartile,24,22,6,0.0905712145326763,0.18528138528138532,2,4,0.6875,-0.14642896025614846,-0.16259102412795862,4,2,0.6875,-1.0173237114058473,-1.1253873776778762,4,2,0.6875,0.1742631170262321,0.2542922525606509,2,4,0.6875,0.18183977428824216,0.26534843745459225,2,4,0.6875
base_model_as_tool,OLMo 3 32B Base,normalized_quartile,24,33,6,0.04128075172794707,0.16500546379187153,2,4,0.6875,-0.10851874059130535,-0.17179744424493198,4,2,0.6875,-0.6952688763029813,-0.9349415898250004,4,2,0.6875,0.12026486686961028,0.2241348739924497,2,4,0.6875,0.1254937741248107,0.2338798685138605,2,4,0.6875
base_model_as_tool,OLMo 3 32B Base,normalized_quartile,24,44,6,0.16266617130760733,0.1445165945165946,2,4,0.6875,-0.19094522595469088,-0.1434456359603561,5,1,0.21875,-1.4459155541454882,-0.9423141005196539,5,1,0.21875,0.22233277726132014,0.210986113453646,2,4,0.6875,0.23199941975094282,0.22015942273423933,2,4,0.6875
base_model_as_tool,OLMo 3 32B Base,normalized_quartile,24,55,6,0.16800342672109858,0.1611832611832612,1,5,0.21875,-0.1688200547994764,-0.08291360868927442,5,1,0.21875,-1.385065205789903,-0.5970753791401616,5,1,0.21875,0.2234060776294623,0.15915937357495802,1,5,0.21875,0.23311938535248242,0.16607934633908658,1,5,0.21875
base_model_as_tool,OLMo 3 32B Instruct,fixed_15m,8,11,6,0.12657445081853536,0.13168437921727394,1,5,0.21875,-0.06763729683893714,-0.05027697663988129,5,1,0.21875,-0.12697315591685024,-0.23439496780397895,5,1,0.21875,0.13143513675912802,0.11192676198673332,2,4,0.6875,0.15021158486757488,0.12791629941340954,2,4,0.6875
base_model_as_tool,OLMo 3 32B Instruct,fixed_15m,8,22,6,0.11788153335953934,0.09712381916329285,2,4,0.6875,-0.16556664457829848,-0.1010804821575838,4,2,0.6875,-0.7195750272076852,-0.5713432318650136,4,2,0.6875,0.18465741917295775,0.1047024536082791,2,4,0.6875,0.21103705048338028,0.11965994698089039,2,4,0.6875
base_model_as_tool,OLMo 3 32B Instruct,fixed_15m,8,33,6,0.06733623487870895,0.04578674269125338,3,3,1.0,-0.0783105620506087,-0.0721906773562308,3,3,1.0,-0.17512150788719497,-0.2018628090589828,3,3,1.0,0.10307122877799342,0.07962903486658429,3,3,1.0,0.11779569003199249,0.09100461127609633,3,3,1.0
base_model_as_tool,OLMo 3 32B Instruct,fixed_15m,8,44,6,-0.106411177794141,-8.381701209525527e-05,3,3,1.0,0.09518415437426579,0.010906435704828363,3,3,1.0,0.5740417945548874,0.044324484364697825,3,3,1.0,-0.10643623905124862,-0.0005157665590980187,3,3,1.0,-0.12164141605856987,-0.0005894474961120055,3,3,1.0
base_model_as_tool,OLMo 3 32B Instruct,fixed_15m,8,55,6,0.12048560867696066,0.1204664304993252,2,4,0.6875,-0.12625033984595438,-0.06175615007580024,5,1,0.21875,-0.3962826795444247,-0.2831145485181664,5,1,0.21875,0.15617859091893893,0.09431716038651397,2,4,0.6875,0.1784898181930731,0.10779104044173027,2,4,0.6875
base_model_as_tool,OLMo 3 32B Instruct,fixed_15m,12,11,6,0.010501444150418435,-0.037998959370608765,3,3,1.0,-0.026644474595856654,-0.018978578123523916,3,3,1.0,0.04597145157618776,-0.010784776892453163,3,3,1.0,0.03576631982832851,-0.006588219632368109,3,3,1.0,0.03901780344908567,-0.0071871486898560655,3,3,1.0
base_model_as_tool,OLMo 3 32B Instruct,fixed_15m,12,22,6,-5.1952751667574036e-05,-0.04799297941051145,3,3,1.0,-0.0242797814341881,-0.04584976063567696,3,3,1.0,0.386059296040379,-0.06415697427992784,3,3,1.0,0.05086225669079238,0.01454017423776044,3,3,1.0,0.05548609820813716,0.01586200825937506,3,3,1.0
base_model_as_tool,OLMo 3 32B Instruct,fixed_15m,12,33,6,0.019829124785943092,-0.006319637592277105,3,3,1.0,-0.019403164898721598,-0.04996492038877001,4,2,0.6875,0.028923692759138715,-0.18151466797667493,4,2,0.6875,0.03602923391753473,0.034262299712699784,3,3,1.0,0.039304618819128785,0.03737705423203608,3,3,1.0
base_model_as_tool,OLMo 3 32B Instruct,fixed_15m,12,44,6,0.009951847729174965,-0.022215499160220226,3,3,1.0,-0.038192173073439674,-0.041582952251162236,3,3,1.0,0.1757158519355998,0.05692455297563204,3,3,1.0,0.05725971122233362,0.02710757673493855,3,3,1.0,0.06246513951527302,0.02957190189266025,3,3,1.0
base_model_as_tool,OLMo 3 32B Instruct,fixed_15m,12,55,6,-0.008534252348106619,-0.060567989256711835,3,3,1.0,-0.02758553826405884,-0.0296016515063863,3,3,1.0,0.2389799848839581,0.057364876257002484,3,3,1.0,0.04446571274688529,0.00994958204476143,3,3,1.0,0.04850805026932944,0.01085408950337613,3,3,1.0
base_model_as_tool,OLMo 3 32B Instruct,fixed_15m,16,11,6,0.022630079912846563,-0.04770916938227121,3,3,1.0,-0.05652053595587773,-0.038155027474727224,3,3,1.0,-0.06840059365137026,0.02558617793379392,3,3,1.0,0.06588608024244237,0.01619395571475324,3,3,1.0,0.07027848559193853,0.01727355276240343,3,3,1.0
base_model_as_tool,OLMo 3 32B Instruct,fixed_15m,16,22,6,0.24943578088316898,0.21735161876511538,1,5,0.21875,-0.16106035024076296,-0.130841115549495,4,2,0.6875,-1.0056581150283999,-0.6287896660618649,4,2,0.6875,0.26655270138732845,0.25128167873472673,1,5,0.21875,0.28432288147981705,0.26803379065037514,1,5,0.21875
base_model_as_tool,OLMo 3 32B Instruct,fixed_15m,16,33,6,-0.005673138411064714,-0.052088985559956225,3,3,1.0,-0.0184689512765624,-0.06997511542918715,3,3,1.0,0.5040522324231704,-0.2552973965294909,3,3,1.0,0.051531524831708364,0.03124785914230338,3,3,1.0,0.054966959820488936,0.0333310497517903,3,3,1.0
base_model_as_tool,OLMo 3 32B Instruct,fixed_15m,16,44,6,0.02115831420051924,-0.038821874682777896,3,3,1.0,-0.05422002852701007,-0.07013019375277832,3,3,1.0,0.04933877872538902,-0.22374013989356745,3,3,1.0,0.08484288110693812,0.05622713906888277,3,3,1.0,0.09049907318073398,0.059975615006808314,3,3,1.0
base_model_as_tool,OLMo 3 32B Instruct,fixed_15m,16,55,6,0.0004101215368163917,-0.08304368392443523,3,3,1.0,-2.1676566731123243e-05,-0.02142469627616267,3,3,1.0,0.5381140099033338,0.02179218255633586,3,3,1.0,0.02994670362227994,-0.020046331989507254,3,3,1.0,0.03194315053043193,-0.02138275412214105,3,3,1.0
base_model_as_tool,OLMo 3 32B Instruct,fixed_15m,24,11,6,0.04319277603737531,0.07683510198101198,3,3,1.0,-0.11069113256863365,-0.10652945536336025,4,2,0.6875,-0.7169977107052752,-0.8340075451303757,4,2,0.6875,0.13161948251448816,0.12944154411463882,2,4,0.6875,0.1373420687107703,0.13506943733701446,2,4,0.6875
base_model_as_tool,OLMo 3 32B Instruct,fixed_15m,24,22,6,0.2327722629121788,0.19478063820502717,1,5,0.21875,-0.12917387821618487,-0.10344277294207659,4,2,0.6875,-1.0541135337454106,-0.7068342690133382,4,2,0.6875,0.23460112242903422,0.19232568562476576,2,4,0.6875,0.24480117123029657,0.20068767195627735,2,4,0.6875
base_model_as_tool,OLMo 3 32B Instruct,fixed_15m,24,33,6,0.19509449925967967,0.25148759052391945,1,5,0.21875,-0.13838251651052977,-0.1550365536487383,5,1,0.21875,-1.0697763939896932,-1.0985226689932535,5,1,0.21875,0.22513008470505433,0.2889618446219326,2,4,0.6875,0.23491834925744803,0.3015254030837558,2,4,0.6875
base_model_as_tool,OLMo 3 32B Instruct,fixed_15m,24,44,6,0.28033922905629366,0.3203851292240234,1,5,0.21875,-0.19900102421398583,-0.20300863357062515,6,0,0.03125,-1.5123224473720063,-1.24675072562809,6,0,0.03125,0.3261086888709654,0.33256204197878686,0,6,0.03125,0.3402873275175291,0.3470212611952559,0,6,0.03125
base_model_as_tool,OLMo 3 32B Instruct,fixed_15m,24,55,6,0.08473467274370776,0.1257090132090132,3,3,1.0,-0.07264425849265731,-0.1607454394743541,4,2,0.6875,-0.63095311022179,-1.3478299436543555,4,2,0.6875,0.09678473718450394,0.1514141888163959,2,4,0.6875,0.10099276923600413,0.1579974144171088,2,4,0.6875
base_model_as_tool,OLMo 3 32B Instruct,normalized_quartile,8,11,6,0.11508675902911909,0.12272821819281993,1,5,0.21875,-0.0676268809192485,-0.04697070485789842,5,1,0.21875,-0.15914963014740205,-0.2063027356635565,5,1,0.21875,0.12673964982291616,0.10939398356351149,2,4,0.6875,0.14484531408333276,0.12502169550115594,2,4,0.6875
base_model_as_tool,OLMo 3 32B Instruct,normalized_quartile,8,22,6,0.13548418725149539,0.13222559151762692,2,4,0.6875,-0.15767560927372162,-0.11682428010658216,5,1,0.21875,-0.7161585997506711,-0.6560386286748039,5,1,0.21875,0.17892562558134664,0.13237896041841515,2,4,0.6875,0.20448642923582475,0.15129024047818876,2,4,0.6875
base_model_as_tool,OLMo 3 32B Instruct,normalized_quartile,8,33,6,0.04992710140769765,0.015445400726005254,3,3,1.0,-0.0590738743553059,-0.03298670338356488,3,3,1.0,-0.10682366098393421,-0.08627182240252707,3,3,1.0,0.08381829144953519,0.02431195353713883,3,3,1.0,0.09579233308518309,0.027785089756730108,3,3,1.0
base_model_as_tool,OLMo 3 32B Instruct,normalized_quartile,8,44,6,-0.10231166219541839,-0.0061201059265217905,3,3,1.0,0.09787916291001646,0.03083472928600382,2,4,0.6875,0.5687532116443421,0.07722683450521484,2,4,0.6875,-0.10718307131178932,-0.014357389835074175,3,3,1.0,-0.12249493864204491,-0.01640844552579901,3,3,1.0
base_model_as_tool,OLMo 3 32B Instruct,normalized_quartile,8,55,6,0.0901954206021456,0.11341684372657829,2,4,0.6875,-0.11166106165072757,-0.05902090926696418,5,1,0.21875,-0.3454530598397258,-0.2986315630525751,5,1,0.21875,0.14023164380183606,0.08917339921470319,2,4,0.6875,0.16026473577352693,0.10191245624537507,2,4,0.6875
base_model_as_tool,OLMo 3 32B Instruct,normalized_quartile,12,11,6,0.026003719012333587,-0.017763224054706372,3,3,1.0,-0.0222370513701055,-0.020119450323655703,4,2,0.6875,0.07671797464689345,-0.08174257088856784,4,2,0.6875,0.041724832984166384,0.002722772353102587,3,3,1.0,0.045517999619090616,0.0029702971124755673,3,3,1.0
base_model_as_tool,OLMo 3 32B Instruct,normalized_quartile,12,22,6,0.01384537389312738,-0.027542990748189833,3,3,1.0,-0.024294246222314946,-0.04072794731311455,3,3,1.0,0.36431302553468653,-0.12910423728721954,3,3,1.0,0.05130507147567609,0.01152169744301329,3,3,1.0,0.05596916888255571,0.01256912448328723,3,3,1.0
base_model_as_tool,OLMo 3 32B Instruct,normalized_quartile,12,33,6,0.037577682218214815,0.011377463797264675,3,3,1.0,-0.023783010175545283,-0.04364627856511545,4,2,0.6875,-0.020381377769605875,-0.21009337774856374,4,2,0.6875,0.04772679148624736,0.04105013520848377,2,4,0.6875,0.052065590712269814,0.04478196568198234,2,4,0.6875
base_model_as_tool,OLMo 3 32B Instruct,normalized_quartile,12,44,6,0.01056311918082134,-0.052146160010158815,3,3,1.0,-0.030758417266103216,-0.02540174447935256,3,3,1.0,0.22134232241607502,0.02655108783568272,3,3,1.0,0.053716784367523994,-0.00829641880730908,3,3,1.0,0.058600128400935265,-0.009050638698882646,3,3,1.0
base_model_as_tool,OLMo 3 32B Instruct,normalized_quartile,12,55,6,-0.0063061309392089815,-0.03887603915258786,3,3,1.0,-0.022814129092001895,-0.01656711898485666,3,3,1.0,0.266770884540051,0.01671218114325601,3,3,1.0,0.04277567595629909,0.0018002259084231031,3,3,1.0,0.046664373770508055,0.0019638828091887994,3,3,1.0
base_model_as_tool,OLMo 3 32B Instruct,normalized_quartile,16,11,6,0.043561135984674454,-0.03165309064092253,3,3,1.0,-0.05470148433541233,-0.01839218964551391,3,3,1.0,-0.12986609931867518,-0.021231591091527724,3,3,1.0,0.0701950244556386,0.0037982852436986014,3,3,1.0,0.07487469275268117,0.00405150425994516,3,3,1.0
base_model_as_tool,OLMo 3 32B Instruct,normalized_quartile,16,22,6,0.24907246248405354,0.20668607449580906,1,5,0.21875,-0.16252480360919488,-0.11621446987000908,5,1,0.21875,-1.0563776389896884,-0.622519233096138,5,1,0.21875,0.27005139280088497,0.25267172278187033,1,5,0.21875,0.2880548189876106,0.26951650430066165,1,5,0.21875
base_model_as_tool,OLMo 3 32B Instruct,normalized_quartile,16,33,6,-0.010496965099250244,-0.04943936041834268,3,3,1.0,-0.013483216425748278,-0.05688440389486212,4,2,0.6875,0.5060177294435354,-0.27863787422230124,4,2,0.6875,0.04505850195465825,0.021657174951562164,3,3,1.0,0.04806240208496882,0.02310098661499968,3,3,1.0
base_model_as_tool,OLMo 3 32B Instruct,normalized_quartile,16,44,6,0.035821693477788547,-0.012687717886832928,3,3,1.0,-0.04392203700190586,-0.05382387814606249,4,2,0.6875,0.15547391561298665,-0.3080173799030024,4,2,0.6875,0.08539786106606913,0.04456388233940678,3,3,1.0,0.0910910518038071,0.04753480782870054,3,3,1.0
base_model_as_tool,OLMo 3 32B Instruct,normalized_quartile,16,55,6,-0.004432159178165483,-0.062128754357736626,3,3,1.0,0.002355553987022014,-0.011742523371431716,3,3,1.0,0.549594299459819,-0.004083408828106538,3,3,1.0,0.029071350207630287,-0.02632298934589472,3,3,1.0,0.031009440221472312,-0.028077855302287735,3,3,1.0
base_model_as_tool,OLMo 3 32B Instruct,normalized_quartile,24,11,6,0.05755431900882674,0.06568661794520367,3,3,1.0,-0.10566680655222033,-0.09424244705969811,5,1,0.21875,-0.7205858056942095,-0.6652854968111308,5,1,0.21875,0.1309970012189692,0.134794818857878,2,4,0.6875,0.13669252301109833,0.1406554631560466,2,4,0.6875
base_model_as_tool,OLMo 3 32B Instruct,normalized_quartile,24,22,6,0.23393297966587234,0.18734408413611958,1,5,0.21875,-0.12856656587324422,-0.08112519428585918,5,1,0.21875,-1.0987485154713992,-0.6900799398029566,5,1,0.21875,0.23606881045775274,0.1725279872075268,0,6,0.03125,0.24633267178200283,0.18002920404263673,0,6,0.03125
base_model_as_tool,OLMo 3 32B Instruct,normalized_quartile,24,33,6,0.21146162266386956,0.22900928524825612,1,5,0.21875,-0.1360183292176734,-0.12752954745986156,5,1,0.21875,-1.1064958144808072,-0.9970456320108101,5,1,0.21875,0.22510498083346772,0.25414346697806584,2,4,0.6875,0.23489215391318374,0.265193182933634,2,4,0.6875
base_model_as_tool,OLMo 3 32B Instruct,normalized_quartile,24,44,6,0.2622843765775638,0.3316616318133284,1,5,0.21875,-0.19089224430904847,-0.16020515486102888,6,0,0.03125,-1.5095822445708045,-1.3059673518086692,6,0,0.03125,0.31721467207246073,0.3194089214147405,0,6,0.03125,0.33100661433648076,0.333296265824077,0,6,0.03125
base_model_as_tool,OLMo 3 32B Instruct,normalized_quartile,24,55,6,0.09389611034204122,0.14607826384142175,3,3,1.0,-0.06857745012455016,-0.13678823064798384,4,2,0.6875,-0.6932533690851629,-1.2909569891951298,4,2,0.6875,0.0946380086917007,0.1699319174874899,2,4,0.6875,0.09875270472177468,0.17732026172607646,2,4,0.6875
base_model_as_tool,Qwen 3.5 35B A3B Base,fixed_15m,8,11,6,0.004380761836264994,-0.013886524915005416,3,3,1.0,-0.046842707019609776,-0.0510513740685869,5,1,0.21875,-0.3055347031289429,-0.2763657788347409,5,1,0.21875,0.011960347335458485,-0.009117065754131154,3,3,1.0,0.013668968383381145,-0.01041950371900699,3,3,1.0
base_model_as_tool,Qwen 3.5 35B A3B Base,fixed_15m,8,22,6,0.011017577594194508,0.03464587281865006,3,3,1.0,-0.09656037615923019,-0.15901416092284854,4,2,0.6875,-0.6177331223080583,-1.0601375399316957,4,2,0.6875,0.0486321551888605,0.05543395476061455,3,3,1.0,0.055579605930126286,0.06335309115498805,3,3,1.0
base_model_as_tool,Qwen 3.5 35B A3B Base,fixed_15m,8,33,6,0.08508981490042618,0.0721150763449224,3,3,1.0,-0.14079709423573036,-0.16850065649720197,4,2,0.6875,-0.6577772105740366,-0.598834997052978,4,2,0.6875,0.128784456826221,0.14988272510951156,3,3,1.0,0.147182236372824,0.17129454298229896,3,3,1.0
base_model_as_tool,Qwen 3.5 35B A3B Base,fixed_15m,8,44,6,-0.06073032138289771,-0.07495674379468026,3,3,1.0,0.044355256881961964,0.07005025049236305,2,4,0.6875,0.19296246851579366,0.4375435790370201,2,4,0.6875,-0.06557262073725334,-0.07889514491430641,4,2,0.6875,-0.07494013798543242,-0.09016587990206448,4,2,0.6875
base_model_as_tool,Qwen 3.5 35B A3B Base,fixed_15m,8,55,6,0.09781514486527705,0.04165869002185005,1,5,0.21875,-0.10309759620833588,-0.09923090509870547,5,1,0.21875,-0.7264435966809671,-0.589901315478218,5,1,0.21875,0.07132320235129234,0.024071456518871714,1,5,0.21875,0.08151223125861982,0.027510236021567658,1,5,0.21875
base_model_as_tool,Qwen 3.5 35B A3B Base,fixed_15m,12,11,6,-0.03416163359915558,-0.03025763102626053,4,2,0.6875,-0.03966599325652178,-0.12801910697495528,4,2,0.6875,-0.44731164339076207,-1.215776029766051,4,2,0.6875,-0.007779763548864403,0.05456745173445701,2,4,0.6875,-0.008487014780579338,0.059528129164862206,2,4,0.6875
base_model_as_tool,Qwen 3.5 35B A3B Base,fixed_15m,12,22,6,0.07646349754826084,0.0701380511878722,1,5,0.21875,-0.08874764117899886,-0.09242947742342114,5,1,0.21875,-0.8799890700812479,-0.9925952282017874,5,1,0.21875,0.06454971350123605,0.05646782848346625,2,4,0.6875,0.0704178692740757,0.061601267436508664,2,4,0.6875
base_model_as_tool,Qwen 3.5 35B A3B Base,fixed_15m,12,33,6,-0.09065053684424461,-0.12862066281816154,4,2,0.6875,-0.0009157450421863426,-0.04004545337432977,3,3,1.0,0.07353172347208337,-0.3432058845121142,3,3,1.0,-0.04177260867845597,-0.042024286741892375,3,3,1.0,-0.04557011855831559,-0.0458446764457008,3,3,1.0
base_model_as_tool,Qwen 3.5 35B A3B Base,fixed_15m,12,44,6,-0.007394582843460608,-0.016269269063068664,3,3,1.0,-0.05380072404897049,-0.01199078159003203,3,3,1.0,-0.2286204965911646,-0.12411967754789588,3,3,1.0,0.03413779241824217,-0.027937445803976918,3,3,1.0,0.03724122809262779,-0.030477213604338485,3,3,1.0
base_model_as_tool,Qwen 3.5 35B A3B Base,fixed_15m,12,55,6,0.09555439501524582,0.05555009604099234,2,4,0.6875,-0.13536180632169267,-0.1509433293349899,4,2,0.6875,-0.9346360787708292,-1.012357615344265,4,2,0.6875,0.12783239927334913,0.1021446245136852,2,4,0.6875,0.13945352648001721,0.11143049946947475,2,4,0.6875
base_model_as_tool,Qwen 3.5 35B A3B Base,fixed_15m,16,11,6,0.06130856857803321,0.10428462702919697,2,4,0.6875,-0.10741445645497903,-0.1771414838493047,4,2,0.6875,-0.8850691296855961,-1.6883417786757606,4,2,0.6875,0.091320656397385,0.12327277639623221,2,4,0.6875,0.09740870015721069,0.13149096148931438,2,4,0.6875
base_model_as_tool,Qwen 3.5 35B A3B Base,fixed_15m,16,22,6,0.1416972850077465,0.12768852052266375,2,4,0.6875,-0.15946359402122048,-0.24794170790211087,4,2,0.6875,-1.2637622261679147,-1.8947945509256987,4,2,0.6875,0.18244889727429747,0.23946582627166785,2,4,0.6875,0.19461215709258392,0.255430214689779,2,4,0.6875
base_model_as_tool,Qwen 3.5 35B A3B Base,fixed_15m,16,33,6,0.04515099064669848,0.1201331817916885,3,3,1.0,-0.04648416475368513,-0.10066663944460558,4,2,0.6875,-0.2358550844081444,-1.3365658589907448,4,2,0.6875,0.05326201563247298,0.0941695287338095,3,3,1.0,0.05681281667463784,0.10044749731606349,3,3,1.0
base_model_as_tool,Qwen 3.5 35B A3B Base,fixed_15m,16,44,6,-0.0020314008093459215,-0.046964536221087955,4,2,0.6875,-0.036832225677571995,0.009072588323293773,3,3,1.0,-0.41617586134563395,0.0415058864161133,3,3,1.0,0.007958038223062494,-0.0467012523279596,4,2,0.6875,0.0084885741046,-0.04981466914982356,4,2,0.6875
base_model_as_tool,Qwen 3.5 35B A3B Base,fixed_15m,16,55,6,-0.07751488049807709,-0.019887952250374513,4,2,0.6875,-0.0023225462325797788,-0.059833776696005925,4,2,0.6875,0.09935206818489584,-0.7617606363677814,4,2,0.6875,-0.02533909730281587,0.009193441447592987,3,3,1.0,-0.02702837045633692,0.009806337544099195,3,3,1.0
base_model_as_tool,Qwen 3.5 35B A3B Base,fixed_15m,24,11,6,0.19873867471541473,0.0774324509904899,2,4,0.6875,-0.1881665416159908,-0.143284551810129,5,1,0.21875,-1.9528803781361528,-0.8588282496397127,5,1,0.21875,0.21676482475407657,0.12984909723681834,1,5,0.21875,0.22618938235207986,0.13549471016015827,1,5,0.21875
base_model_as_tool,Qwen 3.5 35B A3B Base,fixed_15m,24,22,6,0.07963091351519253,0.13934673542542225,2,4,0.6875,-0.12744123914370664,-0.2147114782513489,4,2,0.6875,-1.8716694300391714,-2.7126807129843913,4,2,0.6875,0.09168487833789234,0.15331797064799554,2,4,0.6875,0.09567117739606161,0.15998396937182147,2,4,0.6875
base_model_as_tool,Qwen 3.5 35B A3B Base,fixed_15m,24,33,6,0.07366432030966458,0.15361714910189822,1,5,0.21875,-0.07634607363532747,-0.13797679897720655,5,1,0.21875,-0.9260663980590197,-1.5324482132766106,5,1,0.21875,0.06695392662876785,0.13712771011243344,1,5,0.21875,0.06986496691697515,0.14308978446514792,1,5,0.21875
base_model_as_tool,Qwen 3.5 35B A3B Base,fixed_15m,24,44,6,0.051732447656109314,0.041527890611988694,2,4,0.6875,-0.1032388452047983,-0.11332937938445073,4,2,0.6875,-1.3525415700888288,-1.4938856304162507,4,2,0.6875,0.08104446102246156,0.058783995012101964,2,4,0.6875,0.08456813324082944,0.06133982088219335,2,4,0.6875
base_model_as_tool,Qwen 3.5 35B A3B Base,fixed_15m,24,55,6,0.08680743107442608,0.10346550727876111,2,4,0.6875,-0.07875438699548906,-0.06410436803343195,5,1,0.21875,-0.9669848185580697,-1.2325519151210913,5,1,0.21875,0.09835989494761961,0.04253388858427759,0,6,0.03125,0.10263641211925524,0.04438318808794184,0,6,0.03125
base_model_as_tool,Qwen 3.5 35B A3B Base,normalized_quartile,8,11,6,-0.0053747133047143585,-0.0113752994547352,4,2,0.6875,-0.016775364633075263,-0.03310454541923097,5,1,0.21875,-0.12523537476510235,-0.19309627246940475,5,1,0.21875,-0.0052505108661920945,-0.011957616278237881,3,3,1.0,-0.006000583847076681,-0.013665847175129003,3,3,1.0
base_model_as_tool,Qwen 3.5 35B A3B Base,normalized_quartile,8,22,6,0.0036870989735030835,0.031064102941032345,3,3,1.0,-0.10152754351759509,-0.1426503347900333,5,1,0.21875,-0.6385871831093357,-0.911273630067224,5,1,0.21875,0.05047751738132166,0.06686429466453353,3,3,1.0,0.05768859129293901,0.07641633675946688,3,3,1.0
base_model_as_tool,Qwen 3.5 35B A3B Base,normalized_quartile,8,33,6,0.06520997924624904,0.05616977699313541,3,3,1.0,-0.13499326605463013,-0.1775667947419822,4,2,0.6875,-0.6304292229534018,-0.6568297582213709,4,2,0.6875,0.11843545188134208,0.15381095246838675,2,4,0.6875,0.13535480215010523,0.17578394567815625,2,4,0.6875
base_model_as_tool,Qwen 3.5 35B A3B Base,normalized_quartile,8,44,6,-0.06470119210613987,-0.08731582237139932,3,3,1.0,0.051060036957866005,0.08016701158246334,2,4,0.6875,0.2492109794443449,0.5108644916613627,2,4,0.6875,-0.07238968096345597,-0.08929231695717366,4,2,0.6875,-0.08273106395823539,-0.10204836223676989,4,2,0.6875
base_model_as_tool,Qwen 3.5 35B A3B Base,normalized_quartile,8,55,6,0.0720113368031531,0.03083965311424758,1,5,0.21875,-0.09472226115981423,-0.08573362422325947,5,1,0.21875,-0.6694031371685636,-0.5152404536011133,5,1,0.21875,0.058485986625321416,0.023671308265668156,2,4,0.6875,0.0668411275717959,0.027052923732192174,2,4,0.6875
base_model_as_tool,Qwen 3.5 35B A3B Base,normalized_quartile,12,11,6,-0.05456649514560669,-0.02302444329606998,4,2,0.6875,-0.026822104233365878,-0.12789794251398615,4,2,0.6875,-0.3494547703609115,-1.184028564005674,4,2,0.6875,-0.02320529194897314,0.05360523462641714,2,4,0.6875,-0.025314863944334336,0.05847843777427324,2,4,0.6875
base_model_as_tool,Qwen 3.5 35B A3B Base,normalized_quartile,12,22,6,0.05922266743315701,0.04791666666666669,1,5,0.21875,-0.08016386021115478,-0.08249684520359524,5,1,0.21875,-0.8017184997702383,-0.8867253897415772,5,1,0.21875,0.05351595235247433,0.0432194976187279,2,4,0.6875,0.058381038929972005,0.04714854285679407,2,4,0.6875
base_model_as_tool,Qwen 3.5 35B A3B Base,normalized_quartile,12,33,6,-0.11119267069092252,-0.11815294371382426,3,3,1.0,0.016878169085212242,-0.03135415567748062,3,3,1.0,0.23654604944371704,-0.26869125320344667,3,3,1.0,-0.05454106946648224,-0.03924780953281548,3,3,1.0,-0.059499348508889736,-0.04281579221761689,3,3,1.0
base_model_as_tool,Qwen 3.5 35B A3B Base,normalized_quartile,12,44,6,-0.026799680427362943,-0.05412029676735558,4,2,0.6875,-0.040155647608963126,0.0005576520659812401,3,3,1.0,-0.07504330529376402,-0.02090960819557308,3,3,1.0,0.024230835489360104,-0.047112838607850344,3,3,1.0,0.02643363871566554,-0.051395823935836735,3,3,1.0
base_model_as_tool,Qwen 3.5 35B A3B Base,normalized_quartile,12,55,6,0.07427367618610894,0.01625276524814831,3,3,1.0,-0.11501905928843985,-0.13818834516500772,4,2,0.6875,-0.7808691773974065,-0.9300651867215205,4,2,0.6875,0.10937447779558596,0.08849457108162057,2,4,0.6875,0.11931761214063918,0.09653953208904059,2,4,0.6875
base_model_as_tool,Qwen 3.5 35B A3B Base,normalized_quartile,16,11,6,0.039075819121022794,0.07679918290383403,2,4,0.6875,-0.08777686979669459,-0.1697913455115185,4,2,0.6875,-0.701499984497625,-1.5781575303664732,4,2,0.6875,0.06488131334733911,0.10674833077362061,2,4,0.6875,0.06920673423716173,0.11386488615852865,2,4,0.6875
base_model_as_tool,Qwen 3.5 35B A3B Base,normalized_quartile,16,22,6,0.12032100221361701,0.12488638604404675,2,4,0.6875,-0.13485439006739522,-0.22029690980812588,4,2,0.6875,-1.0830005712339703,-1.7119202554555257,4,2,0.6875,0.15394983773303927,0.21358074750574402,2,4,0.6875,0.16421316024857524,0.22781946400612693,2,4,0.6875
base_model_as_tool,Qwen 3.5 35B A3B Base,normalized_quartile,16,33,6,0.052340384838945854,0.14338252737427445,2,4,0.6875,-0.04845346351822566,-0.10395965534841334,4,2,0.6875,-0.27308437448362194,-1.3822561624129737,4,2,0.6875,0.05975060590836253,0.09499601029132891,2,4,0.6875,0.0637339796355867,0.10132907764408416,2,4,0.6875
base_model_as_tool,Qwen 3.5 35B A3B Base,normalized_quartile,16,44,6,0.015916581745121894,0.012202380952380965,3,3,1.0,-0.03927036814165418,-0.005399965383740213,3,3,1.0,-0.47884225677704545,-0.11749649912833715,3,3,1.0,0.012363863490048912,-0.002400793650793598,3,3,1.0,0.013188121056052196,-0.0025608465608465136,3,3,1.0
base_model_as_tool,Qwen 3.5 35B A3B Base,normalized_quartile,16,55,6,-0.07003773021399529,0.01953395377531672,3,3,1.0,0.000697405326355501,-0.047770967177268975,4,2,0.6875,0.1264745832979275,-0.6152570224841152,4,2,0.6875,-0.02475942338435456,0.025439095705071385,3,3,1.0,-0.026410051609978186,0.02713503541874282,3,3,1.0
base_model_as_tool,Qwen 3.5 35B A3B Base,normalized_quartile,24,11,6,0.1878821589053634,0.09401165871754108,2,4,0.6875,-0.16165944664198734,-0.11388715670663302,5,1,0.21875,-1.781832553424578,-0.692102741175496,5,1,0.21875,0.1950808011134084,0.13692526704533056,2,4,0.6875,0.2035625750748609,0.14287853952556231,2,4,0.6875
base_model_as_tool,Qwen 3.5 35B A3B Base,normalized_quartile,24,22,6,0.07604107270967851,0.13715317207964267,2,4,0.6875,-0.12294462994181125,-0.22480234709094524,4,2,0.6875,-1.730563899156459,-2.573246807261574,4,2,0.6875,0.0956235737446166,0.16172751642994324,2,4,0.6875,0.09978112042916516,0.1687591475790712,2,4,0.6875
base_model_as_tool,Qwen 3.5 35B A3B Base,normalized_quartile,24,33,6,0.07291288150031806,0.16132336655592466,2,4,0.6875,-0.0736949226820696,-0.14192929402704219,5,1,0.21875,-0.9159307223093256,-1.3595890123604448,5,1,0.21875,0.07042811071643769,0.12682487679756682,1,5,0.21875,0.07349020248671759,0.13233900187572187,1,5,0.21875
base_model_as_tool,Qwen 3.5 35B A3B Base,normalized_quartile,24,44,6,0.06318631911125182,0.05252976190476191,2,4,0.6875,-0.0915340493873068,-0.07466992873390851,4,2,0.6875,-1.2498865879821086,-1.0226528207414378,4,2,0.6875,0.07710643209581093,0.034901605360009524,3,3,1.0,0.08045888566519399,0.03641906646261864,3,3,1.0
base_model_as_tool,Qwen 3.5 35B A3B Base,normalized_quartile,24,55,6,0.08011607792684793,0.116303202697008,2,4,0.6875,-0.06210590453730486,-0.03826646070666301,5,1,0.21875,-0.752990203521008,-0.7840896757051792,5,1,0.21875,0.08919643182008978,0.05669895925843642,1,5,0.21875,0.09307453755139801,0.05916413140010757,1,5,0.21875
mixed_model_roster,Mixed roster (Qwen 3.5 27B),fixed_15m,8,11,6,0.0030276479461390318,0.01977449969284556,2,4,0.6875,0.05148247023733812,0.051064342847267685,1,5,0.21875,0.4391157147841828,0.43143062827958856,1,5,0.21875,-0.01310630032269465,0.008243521939457849,2,4,0.6875,-0.014978628940222458,0.009421167930808966,2,4,0.6875
mixed_model_roster,Mixed roster (Qwen 3.5 27B),fixed_15m,8,22,6,-0.11568353529814479,-0.12017172798272122,5,1,0.21875,0.08185998539917687,0.0864588477937181,1,5,0.21875,0.6844471183455337,0.6370644778572521,1,5,0.21875,-0.087839490955586,-0.09946602709090219,5,1,0.21875,-0.10038798966352684,-0.11367545953245964,5,1,0.21875
mixed_model_roster,Mixed roster (Qwen 3.5 27B),fixed_15m,8,33,6,-0.09801508655112623,-0.09305577992489605,6,0,0.03125,0.0040469024802726366,-0.00020840576558311952,3,3,1.0,0.10803523371306596,-0.003791252135201706,3,3,1.0,-0.04809520751184454,-0.05084267389259273,5,1,0.21875,-0.05496595144210805,-0.05810591302010598,5,1,0.21875
mixed_model_roster,Mixed roster (Qwen 3.5 27B),fixed_15m,8,44,6,-0.03274726789476432,0.003181612307619097,1,5,0.21875,0.01753498014577688,0.020138225704341706,3,3,1.0,0.08158910844248808,0.08043821627933934,3,3,1.0,-0.01901295282280661,-0.006833447460389358,4,2,0.6875,-0.021729088940350416,-0.0078096542404449965,4,2,0.6875
mixed_model_roster,Mixed roster (Qwen 3.5 27B),fixed_15m,8,55,6,-0.15084960920242382,-0.15377104909479009,5,1,0.21875,0.11578493966709637,0.14037983631129966,1,5,0.21875,0.8610746846136164,0.8155016440909688,1,5,0.21875,-0.12727173568920558,-0.1427995130638254,5,1,0.21875,-0.14545341221623495,-0.16319944350151472,5,1,0.21875
mixed_model_roster,Mixed roster (Qwen 3.5 27B),fixed_15m,12,11,6,-0.033712542705444104,-0.019942667303371103,4,2,0.6875,0.01776763787459647,0.015200353277809164,1,5,0.21875,0.1449287194506849,0.17865698607801406,1,5,0.21875,-0.03600173130698205,-0.023643787009372266,5,1,0.21875,-0.03927461597125315,-0.025793222192042456,5,1,0.21875
mixed_model_roster,Mixed roster (Qwen 3.5 27B),fixed_15m,12,22,6,-0.12054688149899212,-0.13070559536386872,6,0,0.03125,0.06209037611596336,0.04700516196070409,1,5,0.21875,0.6273431788950486,0.5101675362438871,1,5,0.21875,-0.075835172888235,-0.06595921560956519,6,0,0.03125,-0.08272927951443819,-0.0719555079377075,6,0,0.03125
mixed_model_roster,Mixed roster (Qwen 3.5 27B),fixed_15m,12,33,6,-0.16836639742144674,-0.1605000814533188,5,1,0.21875,0.05564932533172267,0.05115665494529528,2,4,0.6875,0.588102589621695,0.42387279018120294,2,4,0.6875,-0.09857529687764317,-0.08929179504457674,5,1,0.21875,-0.10753668750288346,-0.0974092309577201,5,1,0.21875
mixed_model_roster,Mixed roster (Qwen 3.5 27B),fixed_15m,12,44,6,0.012929727587808462,0.0525622620790267,2,4,0.6875,-0.03662307470636054,-0.023013074923422583,5,1,0.21875,-0.4111350143385652,-0.2475449232198137,5,1,0.21875,0.006392897677227787,0.016979728929997412,3,3,1.0,0.006974070193339399,0.018523340650906273,3,3,1.0
mixed_model_roster,Mixed roster (Qwen 3.5 27B),fixed_15m,12,55,6,-0.16334615316778045,-0.17231076541587628,5,1,0.21875,0.019568298229391674,0.0003726993518252675,3,3,1.0,0.20883778796277866,-0.019926471479716268,3,3,1.0,-0.08314195935370837,-0.055536672680267685,5,1,0.21875,-0.09070031929495458,-0.06058546110574657,5,1,0.21875
mixed_model_roster,Mixed roster (Qwen 3.5 27B),fixed_15m,16,11,6,-0.0678713237186672,-0.06756937059527197,5,1,0.21875,0.043533140641981855,0.046228872698381385,1,5,0.21875,0.635985369051216,0.792802333545171,1,5,0.21875,-0.048929244983198596,-0.031291695258975155,5,1,0.21875,-0.052191194648745165,-0.033377808276240165,5,1,0.21875
mixed_model_roster,Mixed roster (Qwen 3.5 27B),fixed_15m,16,22,6,-0.011874638289516895,-0.03289526288561967,4,2,0.6875,-0.03353692099673127,-0.02980875321461912,5,1,0.21875,-0.48934429169855226,-0.5465030674470572,5,1,0.21875,-0.0026606977374494384,-0.00012603433407248898,3,3,1.0,-0.002838077586612734,-0.00013443662301065862,3,3,1.0
mixed_model_roster,Mixed roster (Qwen 3.5 27B),fixed_15m,16,33,6,-0.014391853748492547,-0.01769082733402888,4,2,0.6875,-0.015119531747871858,-0.01791238937188433,4,2,0.6875,-0.21869442190726077,-0.2006198546733453,4,2,0.6875,-0.006185401567027719,0.009042255054133364,3,3,1.0,-0.006597761671496232,0.009645072057742232,3,3,1.0
mixed_model_roster,Mixed roster (Qwen 3.5 27B),fixed_15m,16,44,6,-0.043605826977312655,-0.0540313059374643,5,1,0.21875,-0.002045460455381861,0.008968700519119521,2,4,0.6875,-0.022802739973640723,0.16553553415328803,2,4,0.6875,-0.014833460225016118,-0.019234834005067827,4,2,0.6875,-0.01582235757335053,-0.02051715627207234,4,2,0.6875
mixed_model_roster,Mixed roster (Qwen 3.5 27B),fixed_15m,16,55,6,-0.07066376708302964,-0.06657289191040394,4,2,0.6875,0.048106282346321104,0.05862688047984321,2,4,0.6875,0.6057132033148934,0.9788029425510847,2,4,0.6875,-0.04939028968885437,-0.03714112417179351,4,2,0.6875,-0.05268297566811133,-0.03961719911657974,4,2,0.6875
mixed_model_roster,Mixed roster (Qwen 3.5 27B),fixed_15m,24,11,6,-0.0605356302222963,-0.039455254549454866,6,0,0.03125,0.011100775400689877,0.0033028287934016576,3,3,1.0,0.24240296254414018,-0.06478652159254716,3,3,1.0,-0.034258405563077875,-0.02668653780069076,4,2,0.6875,-0.035747901457124746,-0.02784682205289471,4,2,0.6875
mixed_model_roster,Mixed roster (Qwen 3.5 27B),fixed_15m,24,22,6,-0.023579781611656647,-0.01958073267137876,4,2,0.6875,0.006347559081893976,0.013518359074067898,2,4,0.6875,0.07217731680667046,0.30960746642019377,2,4,0.6875,-0.019423847381426686,-0.013380140359253695,4,2,0.6875,-0.020268362484966967,-0.013961885592264724,4,2,0.6875
mixed_model_roster,Mixed roster (Qwen 3.5 27B),fixed_15m,24,33,6,-0.05437269745326801,-0.07387259023949672,4,2,0.6875,0.024780544953528105,0.014228901864028587,3,3,1.0,0.5710987047634254,0.32437025317584656,3,3,1.0,-0.033163386603217875,-0.025133942448807414,4,2,0.6875,-0.034605272977270805,-0.026226722555277283,4,2,0.6875
mixed_model_roster,Mixed roster (Qwen 3.5 27B),fixed_15m,24,44,6,0.006962346386585258,0.031621346279619655,2,4,0.6875,-0.025196571068540414,-0.02399404987172049,4,2,0.6875,-0.7062356320678435,-0.6084504815796352,4,2,0.6875,0.0046289842054768465,0.01279529432078523,2,4,0.6875,0.004830244388323669,0.013351611465167189,2,4,0.6875
mixed_model_roster,Mixed roster (Qwen 3.5 27B),fixed_15m,24,55,6,-0.0033837557210042537,0.012446617991458866,2,4,0.6875,-0.022129118969714534,-0.02565616438951196,5,1,0.21875,-0.48297105377115307,-0.5631143799284359,5,1,0.21875,-0.0006813671965941459,0.006666475086492291,2,4,0.6875,-0.0007109918573156293,0.006956321829383258,2,4,0.6875
mixed_model_roster,Mixed roster (Qwen 3.5 27B),normalized_quartile,8,11,6,-0.003443757165155057,0.002794860593025722,2,4,0.6875,0.054063202126362425,0.07381445084618754,2,4,0.6875,0.4698989645639325,0.6272226374812053,2,4,0.6875,-0.016459628595100414,-0.006981570682632138,4,2,0.6875,-0.018811004108686188,-0.007978937923008175,4,2,0.6875
mixed_model_roster,Mixed roster (Qwen 3.5 27B),normalized_quartile,8,22,6,-0.12081858506678829,-0.14086273785877662,6,0,0.03125,0.08664482482938962,0.09667852695674534,1,5,0.21875,0.7458645174390636,0.7041817307732932,1,5,0.21875,-0.09101675287023474,-0.10576175428961009,5,1,0.21875,-0.10401914613741114,-0.12087057633098294,5,1,0.21875
mixed_model_roster,Mixed roster (Qwen 3.5 27B),normalized_quartile,8,33,6,-0.09430421780997882,-0.10809750144102925,6,0,0.03125,0.0008952623878079972,-0.012997914816626766,4,2,0.6875,0.08874490852876431,-0.10009538160336251,4,2,0.6875,-0.0451004936711124,-0.05508685314040482,5,1,0.21875,-0.05154342133841417,-0.0629564035890341,5,1,0.21875
mixed_model_roster,Mixed roster (Qwen 3.5 27B),normalized_quartile,8,44,6,-0.040055678062353106,-0.0027954501638712548,3,3,1.0,0.023592615953988167,0.02538838169706442,2,4,0.6875,0.1272491628493683,0.12166043895695644,2,4,0.6875,-0.02724774880869423,-0.00834450430467476,4,2,0.6875,-0.031140284352793424,-0.009536576348199766,4,2,0.6875
mixed_model_roster,Mixed roster (Qwen 3.5 27B),normalized_quartile,8,55,6,-0.14928806467507932,-0.14075885120925805,5,1,0.21875,0.13007455939574866,0.1513528085397363,1,5,0.21875,0.9893414705831577,0.8463151043171098,1,5,0.21875,-0.1291715693152172,-0.13508533056081803,5,1,0.21875,-0.14762465064596253,-0.15438323492664915,5,1,0.21875
mixed_model_roster,Mixed roster (Qwen 3.5 27B),normalized_quartile,12,11,6,-0.04343095574383487,-0.026882771050100174,5,1,0.21875,0.027438158412493575,0.023390958985108956,1,5,0.21875,0.244358953936469,0.2818019496902089,1,5,0.21875,-0.040770774141185004,-0.02475222093355882,6,0,0.03125,-0.04447720815402001,-0.02700242283660964,6,0,0.03125
mixed_model_roster,Mixed roster (Qwen 3.5 27B),normalized_quartile,12,22,6,-0.12945283982157227,-0.14152734388788873,6,0,0.03125,0.06345299889726402,0.04692240638426387,0,6,0.03125,0.6399646036405319,0.5362185791906056,0,6,0.03125,-0.07728901126169668,-0.07331445806139203,6,0,0.03125,-0.08431528501276002,-0.07997940879424587,6,0,0.03125
mixed_model_roster,Mixed roster (Qwen 3.5 27B),normalized_quartile,12,33,6,-0.1713374480004094,-0.15224180426123998,6,0,0.03125,0.06488775791213093,0.06132465636186918,2,4,0.6875,0.6797564511128025,0.5333111392694676,2,4,0.6875,-0.10643181100006831,-0.0916680020332773,5,1,0.21875,-0.11610743018189269,-0.10000145676357525,5,1,0.21875
mixed_model_roster,Mixed roster (Qwen 3.5 27B),normalized_quartile,12,44,6,0.00015532513459901032,0.022749180643917483,3,3,1.0,-0.02908266321005698,-0.005927352192168722,3,3,1.0,-0.3269595637789721,-0.055923683649742095,3,3,1.0,0.0005275922704771017,0.004059894413308299,3,3,1.0,0.0005755552041568357,0.004428975723609049,3,3,1.0
mixed_model_roster,Mixed roster (Qwen 3.5 27B),normalized_quartile,12,55,6,-0.1709660276087961,-0.18405981811298724,6,0,0.03125,0.0296406143390399,0.014685323899457647,3,3,1.0,0.3206479296006679,0.14293038073992803,3,3,1.0,-0.08557075836451848,-0.059483996066734365,6,0,0.03125,-0.09334991821583834,-0.06489163207280112,6,0,0.03125
mixed_model_roster,Mixed roster (Qwen 3.5 27B),normalized_quartile,16,11,6,-0.06252460781754048,-0.06609855413160942,5,1,0.21875,0.040475853288529214,0.044876905372629006,1,5,0.21875,0.5945193029428651,0.761647660686191,1,5,0.21875,-0.045612693845732,-0.030515346233792137,5,1,0.21875,-0.04865354010211414,-0.03254970264937829,5,1,0.21875
mixed_model_roster,Mixed roster (Qwen 3.5 27B),normalized_quartile,16,22,6,-0.014513691801436588,-0.027706665321543866,4,2,0.6875,-0.02679152051535912,-0.026712987267793364,3,3,1.0,-0.4005883148167258,-0.41034642521111975,3,3,1.0,-0.004017020364460573,-0.0027251265163860255,3,3,1.0,-0.004284821722091267,-0.002906801617478416,3,3,1.0
mixed_model_roster,Mixed roster (Qwen 3.5 27B),normalized_quartile,16,33,6,-0.026220927449870517,-0.03868745324511172,4,2,0.6875,-0.008476661092813531,-0.006364487934541696,3,3,1.0,-0.1270075579308807,-0.06079208298259409,3,3,1.0,-0.011982244695595856,0.0010856276317499913,3,3,1.0,-0.01278106100863558,0.0011580028071999787,3,3,1.0
mixed_model_roster,Mixed roster (Qwen 3.5 27B),normalized_quartile,16,44,6,-0.04286814506679971,-0.0434697679890811,5,1,0.21875,0.0022221994007997994,0.013828907011126101,2,4,0.6875,0.0615420196062777,0.2373694430612483,2,4,0.6875,-0.015348051818072158,-0.012873978407864806,4,2,0.6875,-0.016371255272610297,-0.013732243635055784,4,2,0.6875
mixed_model_roster,Mixed roster (Qwen 3.5 27B),normalized_quartile,16,55,6,-0.07262302043755614,-0.07967221061411203,4,2,0.6875,0.05136424022601834,0.06222985970107242,2,4,0.6875,0.6533389258023493,1.032271678116742,2,4,0.6875,-0.05204614317834483,-0.0398232969857122,4,2,0.6875,-0.05551588605690114,-0.04247818345142634,4,2,0.6875
mixed_model_roster,Mixed roster (Qwen 3.5 27B),normalized_quartile,24,11,6,-0.05757771321318946,-0.042692834639415436,6,0,0.03125,0.018684246143016392,0.012804226059040802,3,3,1.0,0.389921136830287,0.18420935372272274,3,3,1.0,-0.03573270850565315,-0.029835627297438078,4,2,0.6875,-0.037286304527638064,-0.031132828484283212,4,2,0.6875
mixed_model_roster,Mixed roster (Qwen 3.5 27B),normalized_quartile,24,22,6,-0.02751548162215936,-0.011102942440970612,3,3,1.0,0.00994857249811737,0.010454167895136535,2,4,0.6875,0.13097037043273696,0.23209916538851738,2,4,0.6875,-0.023053615154357596,-0.013256053696584558,5,1,0.21875,-0.024055946248025307,-0.01383240385730563,5,1,0.21875
mixed_model_roster,Mixed roster (Qwen 3.5 27B),normalized_quartile,24,33,6,-0.05862355024650829,-0.0714200682898561,4,2,0.6875,0.03397761355125384,0.03161317544797915,3,3,1.0,0.7672285864710601,0.693005378280815,3,3,1.0,-0.0378449181535331,-0.030705761894083958,5,1,0.21875,-0.039490349377599744,-0.03204079501991369,5,1,0.21875
mixed_model_roster,Mixed roster (Qwen 3.5 27B),normalized_quartile,24,44,6,0.002804643692730785,0.01886125570336096,3,3,1.0,-0.019991838456687283,-0.019356603692183172,3,3,1.0,-0.5931645428909692,-0.5359749949212258,3,3,1.0,0.0015809065194429424,0.006592033565640781,3,3,1.0,0.001649641585505679,0.0068786437206686465,3,3,1.0
mixed_model_roster,Mixed roster (Qwen 3.5 27B),normalized_quartile,24,55,6,-0.009589274491427538,-0.0033995472636446505,4,2,0.6875,-0.013727395908305759,-0.011139386485674196,3,3,1.0,-0.2791771174056607,-0.2573346389768618,3,3,1.0,-0.0020729836644909675,0.003234104375731295,2,4,0.6875,-0.0021631133890340514,0.0033747176094587397,2,4,0.6875
obsession_prompting,GPT-5,normalized_quartile,8,11,8,0.02365769494310571,0.04342083243682615,3,5,0.7265625,-0.09655531806083092,-0.08190854787230012,6,2,0.2890625,-0.903818536171997,-0.7431289058318842,6,2,0.2890625,0.038782465016353504,0.04281190748932051,2,6,0.2890625,0.04432281716154686,0.04892789427350915,2,6,0.2890625
obsession_prompting,GPT-5,normalized_quartile,8,22,8,0.026139898320942746,0.030962769051774308,1,7,0.0703125,-0.004590768509062114,-0.0025314158599641368,4,4,1.0,-0.037673426678991706,-0.022436870928760344,4,4,1.0,0.0010008800930269846,-0.00473857697024932,5,3,0.7265625,0.001143862963459405,-0.005415516537427792,5,3,0.7265625
obsession_prompting,GPT-5,normalized_quartile,8,33,8,0.11985028179658219,0.11732703558210406,2,6,0.2890625,-0.07803556843560241,-0.07635872900341797,6,2,0.2890625,-0.40733817898894875,-0.42983940832180045,6,2,0.2890625,0.08914178169356063,0.08073986829545327,2,6,0.2890625,0.10187632193549788,0.09227413519480374,2,6,0.2890625
obsession_prompting,GPT-5,normalized_quartile,8,44,8,0.12770811739810586,0.12921245421245425,2,6,0.2890625,-0.09650040920408895,-0.09677220638270412,6,2,0.2890625,-0.6216227206087481,-0.5066428708422966,6,2,0.2890625,0.08908602508557201,0.08021571021571028,2,6,0.2890625,0.10181260009779658,0.09167509738938318,2,6,0.2890625
obsession_prompting,GPT-5,normalized_quartile,8,55,8,0.10424289942812218,0.04442350842874404,3,5,0.7265625,-0.07682906988911514,-0.05916925708838189,6,2,0.2890625,-0.433484834018961,-0.29178582176339396,6,2,0.2890625,0.07640093861706636,0.04956412041953484,2,6,0.2890625,0.08731535841950441,0.05664470905089694,2,6,0.2890625
obsession_prompting,GPT-5,normalized_quartile,12,11,8,0.016598680413754466,0.03398725367587313,3,5,0.7265625,-0.055471304092083826,-0.05299021117244368,6,2,0.2890625,-0.5891119244586707,-0.6099598423038484,6,2,0.2890625,0.03320564316030089,0.04129958387217421,3,5,0.7265625,0.03622433799305552,0.04505409149691733,3,5,0.7265625
obsession_prompting,GPT-5,normalized_quartile,12,22,8,-0.017134135914500984,-0.024800903161626947,5,3,0.7265625,-0.03328877518217713,-0.02395671243431588,5,3,0.7265625,-0.3651978935654693,-0.27849425890063917,5,3,0.7265625,-0.002787567154155606,-0.001693749579260273,4,4,1.0,-0.0030409823499879356,-0.0018477268137384595,4,4,1.0
obsession_prompting,GPT-5,normalized_quartile,12,33,8,-0.012229881723125835,0.022791766032573546,4,4,1.0,-0.033968203915600154,-0.009170771553642515,4,4,1.0,-0.3915784810637013,-0.27842944086300037,4,4,1.0,4.491400261370446e-05,0.009999001225032944,4,4,1.0,4.89970937604077e-05,0.010908001336399561,4,4,1.0
obsession_prompting,GPT-5,normalized_quartile,12,44,8,-0.00670682918470953,0.01011452498474849,4,4,1.0,-0.05142147907006694,-0.05381869696324265,5,3,0.7265625,-0.5632318323620574,-0.43962403427230745,5,3,0.7265625,0.006679796942984095,0.018816928781105524,4,4,1.0,0.0072870512105281116,0.020527558670296958,4,4,1.0
obsession_prompting,GPT-5,normalized_quartile,12,55,8,0.04806207666646502,0.05459026139654413,2,6,0.2890625,-0.04391919549613988,-0.036666715488154644,7,1,0.0703125,-0.4600573745128807,-0.3180969025391993,7,1,0.0703125,0.03389443768205824,0.03544600463958665,1,7,0.0703125,0.03697575019860899,0.03866836869773091,1,7,0.0703125
obsession_prompting,GPT-5,normalized_quartile,16,11,8,0.03836339463288738,0.055482838859802236,2,6,0.2890625,-0.04207084049616653,-0.03154395449602171,6,2,0.2890625,-0.47227818581952796,-0.39474661837600733,6,2,0.2890625,0.029298444877449842,0.039978086147723246,2,6,0.2890625,0.03125167453594649,0.04264329189090478,2,6,0.2890625
obsession_prompting,GPT-5,normalized_quartile,16,22,8,0.030756109684355423,0.011701500024729583,3,5,0.7265625,-0.03428427350004487,-0.018580046189123733,5,3,0.7265625,-0.31600809630434046,-0.18901241113718137,5,3,0.7265625,0.028715183604717424,-0.0006449431931647709,4,4,1.0,0.030629529178365245,-0.0006879394060424204,4,4,1.0
obsession_prompting,GPT-5,normalized_quartile,16,33,8,0.0367142745727404,0.038142643225555994,3,5,0.7265625,-0.05627081990874984,-0.07228769806246318,5,3,0.7265625,-0.7082484267053591,-1.0171101737930435,5,3,0.7265625,0.036697280940512764,0.04861669432182249,3,5,0.7265625,0.03914376633654694,0.05185780727661066,3,5,0.7265625
obsession_prompting,GPT-5,normalized_quartile,16,44,8,0.05124365085547493,0.03160267597440375,2,6,0.2890625,-0.04677977556614512,-0.007583753983748109,4,4,1.0,-0.3860824160229096,-0.10289121986187877,4,4,1.0,0.05003619630866983,0.004134539339097881,4,4,1.0,0.053371942729247834,0.00441017529503776,4,4,1.0
obsession_prompting,GPT-5,normalized_quartile,16,55,8,0.016138644864639437,0.014316239316239321,3,5,0.7265625,-0.012604355434333164,-0.010135158737778704,4,4,1.0,-0.18669810218908905,-0.13806355649208468,4,4,1.0,0.004334905748369797,0.025164162065083123,3,5,0.7265625,0.004623899464927778,0.026841772869421993,3,5,0.7265625
obsession_prompting,GPT-5,normalized_quartile,24,11,8,0.05864508191445119,0.07313845258871438,2,6,0.2890625,-0.07275710280196676,-0.10291627720635227,5,3,0.7265625,-1.3462431282758927,-1.4621190441433884,5,3,0.7265625,0.043403479161214606,0.07642586061203516,3,5,0.7265625,0.04529058695083263,0.07974872411690623,3,5,0.7265625
obsession_prompting,GPT-5,normalized_quartile,24,22,8,0.04111770208715894,0.058222166439551526,2,6,0.2890625,-0.0450685365242352,-0.07852628440124768,5,3,0.7265625,-0.7333391626882249,-1.2366316256533418,5,3,0.7265625,0.03436293826691453,0.05416969117946159,3,5,0.7265625,0.03585697906112818,0.05652489514378599,3,5,0.7265625
obsession_prompting,GPT-5,normalized_quartile,24,33,8,0.022395168612300634,0.03589743589743591,2,6,0.2890625,-0.03639510820753603,-0.06938513565018004,5,3,0.7265625,-0.5924791241801608,-1.1595218906636489,5,3,0.7265625,0.026302823911189103,0.04403954401783698,3,5,0.7265625,0.027446424950806014,0.0459543068012212,3,5,0.7265625
obsession_prompting,GPT-5,normalized_quartile,24,44,8,0.0005526992421385837,0.028315393706720815,3,5,0.7265625,-0.025750504728153954,-0.019621416007218534,5,3,0.7265625,-0.47496924793259165,-0.25890853956186755,5,3,0.7265625,-0.0069034430575605175,-0.00927376255395726,4,4,1.0,-0.0072035927557153115,-0.009676969621520592,4,4,1.0
obsession_prompting,GPT-5,normalized_quartile,24,55,8,0.03412254433871439,0.05192148716535602,3,5,0.7265625,-0.043289694321603955,-0.07402632016345034,6,2,0.2890625,-0.7137973429175475,-1.141277736535793,6,2,0.2890625,0.02528064540967732,0.060543912673170996,3,5,0.7265625,0.02637980390575025,0.0631762567024393,3,5,0.7265625
obsession_prompting,Gemini Flash Lite,normalized_quartile,8,11,1,-0.05555555555555558,-0.05555555555555558,1,0,1.0,-0.3014083413294518,-0.3014083413294518,1,0,1.0,-1.7430777713906909,-1.7430777713906909,1,0,1.0,0.13648834019204387,0.13648834019204387,0,1,1.0,0.155986674505193,0.155986674505193,0,1,1.0
obsession_prompting,Gemini Flash Lite,normalized_quartile,8,22,1,0.5185185185185186,0.5185185185185186,0,1,1.0,-0.4965740545378913,-0.4965740545378913,1,0,1.0,-1.8083488633364997,-1.8083488633364997,1,0,1.0,0.5953360768175584,0.5953360768175584,0,1,1.0,0.6803840877914953,0.6803840877914953,0,1,1.0
obsession_prompting,Gemini Flash Lite,normalized_quartile,8,33,1,0.4814814814814815,0.4814814814814815,0,1,1.0,-0.56083344685437,-0.56083344685437,1,0,1.0,-2.2098376750802458,-2.2098376750802458,1,0,1.0,0.6364883401920439,0.6364883401920439,0,1,1.0,0.7274152459337645,0.7274152459337645,0,1,1.0
obsession_prompting,Gemini Flash Lite,normalized_quartile,8,44,1,0.37037037037037035,0.37037037037037035,0,1,1.0,-0.5250687195130568,-0.5250687195130568,1,0,1.0,-1.9797807011523503,-1.9797807011523503,1,0,1.0,0.5541838134430727,0.5541838134430727,0,1,1.0,0.633352929649226,0.633352929649226,0,1,1.0
obsession_prompting,Gemini Flash Lite,normalized_quartile,8,55,1,-0.05555555555555558,-0.05555555555555558,1,0,1.0,-0.09332497130138578,-0.09332497130138578,1,0,1.0,-0.42834754344993486,-0.42834754344993486,1,0,1.0,0.04869684499314131,0.04869684499314131,0,1,1.0,0.05565353713501864,0.05565353713501864,0,1,1.0
obsession_prompting,Gemini Flash Lite,normalized_quartile,12,11,1,0.5925925925925926,0.5925925925925926,0,1,1.0,-0.5819391906142137,-0.5819391906142137,1,0,1.0,-3.246370272644768,-3.246370272644768,1,0,1.0,0.7160493827160495,0.7160493827160495,0,1,1.0,0.7811447811447811,0.7811447811447811,0,1,1.0
obsession_prompting,Gemini Flash Lite,normalized_quartile,12,22,1,0.24074074074074076,0.24074074074074076,0,1,1.0,-0.43096133078116633,-0.43096133078116633,1,0,1.0,-3.8360013221985447,-3.8360013221985447,1,0,1.0,0.3065843621399177,0.3065843621399177,0,1,1.0,0.33445566778900115,0.33445566778900115,0,1,1.0
obsession_prompting,Gemini Flash Lite,normalized_quartile,12,33,1,0.6296296296296297,0.6296296296296297,0,1,1.0,-0.5850916781909287,-0.5850916781909287,1,0,1.0,-3.2797654293804097,-3.2797654293804097,1,0,1.0,0.7215363511659808,0.7215363511659808,0,1,1.0,0.7871305649083427,0.7871305649083427,0,1,1.0
obsession_prompting,Gemini Flash Lite,normalized_quartile,12,44,1,0.05555555555555558,0.05555555555555558,0,1,1.0,-0.3301448923856429,-0.3301448923856429,1,0,1.0,-2.5427221234799138,-2.5427221234799138,1,0,1.0,0.21330589849108367,0.21330589849108367,0,1,1.0,0.23269734380845492,0.23269734380845492,0,1,1.0
obsession_prompting,Gemini Flash Lite,normalized_quartile,12,55,1,0.40740740740740744,0.40740740740740744,0,1,1.0,-0.5411695901863369,-0.5411695901863369,1,0,1.0,-2.8372498047058343,-2.8372498047058343,1,0,1.0,0.6117969821673526,0.6117969821673526,0,1,1.0,0.6674148896371119,0.6674148896371119,0,1,1.0
obsession_prompting,Gemini Flash Lite,normalized_quartile,16,11,1,0.7407407407407407,0.7407407407407407,0,1,1.0,-0.6885736122908347,-0.6885736122908347,1,0,1.0,-5.747225827381818,-5.747225827381818,1,0,1.0,0.8340192043895748,0.8340192043895748,0,1,1.0,0.8896204846822131,0.8896204846822131,0,1,1.0
obsession_prompting,Gemini Flash Lite,normalized_quartile,16,22,1,0.09259259259259262,0.09259259259259262,0,1,1.0,-0.3036934235224312,-0.3036934235224312,1,0,1.0,-2.6420874272503925,-2.6420874272503925,1,0,1.0,0.210562414266118,0.210562414266118,0,1,1.0,0.22459990855052586,0.22459990855052586,0,1,1.0
obsession_prompting,Gemini Flash Lite,normalized_quartile,16,33,1,0.6296296296296297,0.6296296296296297,0,1,1.0,-0.5110047514676198,-0.5110047514676198,1,0,1.0,-3.123927602889025,-3.123927602889025,1,0,1.0,0.7050754458161866,0.7050754458161866,0,1,1.0,0.7520804755372658,0.7520804755372658,0,1,1.0
obsession_prompting,Gemini Flash Lite,normalized_quartile,16,44,1,0.16666666666666669,0.16666666666666669,0,1,1.0,-0.4198413198250547,-0.4198413198250547,1,0,1.0,-4.405740164138107,-4.405740164138107,1,0,1.0,0.3010973936899863,0.3010973936899863,0,1,1.0,0.3211705532693187,0.3211705532693187,0,1,1.0
obsession_prompting,Gemini Flash Lite,normalized_quartile,16,55,1,0.12962962962962965,0.12962962962962965,0,1,1.0,-0.36850142252721985,-0.36850142252721985,1,0,1.0,-3.5558424557206028,-3.5558424557206028,1,0,1.0,0.2818930041152264,0.2818930041152264,0,1,1.0,0.30068587105624145,0.30068587105624145,0,1,1.0
obsession_prompting,Gemini Flash Lite,normalized_quartile,24,11,1,0.05555555555555558,0.05555555555555558,0,1,1.0,-0.3231003813239987,-0.3231003813239987,1,0,1.0,-3.584403288549173,-3.584403288549173,1,0,1.0,0.24348422496570643,0.24348422496570643,0,1,1.0,0.2540704956163893,0.2540704956163893,0,1,1.0
obsession_prompting,Gemini Flash Lite,normalized_quartile,24,22,1,0.2777777777777778,0.2777777777777778,0,1,1.0,-0.44309613612539306,-0.44309613612539306,1,0,1.0,-6.177042667744628,-6.177042667744628,1,0,1.0,0.3559670781893004,0.3559670781893004,0,1,1.0,0.3714439076757917,0.3714439076757917,0,1,1.0
obsession_prompting,Gemini Flash Lite,normalized_quartile,24,33,1,0.16666666666666669,0.16666666666666669,0,1,1.0,-0.37847264220375415,-0.37847264220375415,1,0,1.0,-4.658895372409902,-4.658895372409902,1,0,1.0,0.31207133058984915,0.31207133058984915,0,1,1.0,0.32563964931114686,0.32563964931114686,0,1,1.0
obsession_prompting,Gemini Flash Lite,normalized_quartile,24,44,1,0.5925925925925926,0.5925925925925926,0,1,1.0,-0.49738544241944876,-0.49738544241944876,1,0,1.0,-3.858441514424176,-3.858441514424176,1,0,1.0,0.7270233196159122,0.7270233196159122,0,1,1.0,0.7586330291644301,0.7586330291644301,0,1,1.0
obsession_prompting,Gemini Flash Lite,normalized_quartile,24,55,1,0.20370370370370372,0.20370370370370372,0,1,1.0,-0.3967664426690975,-0.3967664426690975,1,0,1.0,-5.057509967261299,-5.057509967261299,1,0,1.0,0.32578875171467764,0.32578875171467764,0,1,1.0,0.3399534800500984,0.3399534800500984,0,1,1.0
single_model_final,GLM-5,fixed_15m,8,11,6,0.13569552685853256,0.09958685815463314,0,6,0.03125,-0.07289329102742757,-0.060334852395093286,4,2,0.6875,-0.31335160753770985,-0.31199063510310954,4,2,0.6875,0.12017329049117564,0.08932995546718309,1,5,0.21875,0.13734090341848645,0.10209137767678067,1,5,0.21875
single_model_final,GLM-5,fixed_15m,8,22,6,-0.03905629179086848,-0.05426868205463664,5,1,0.21875,0.047540888009997985,0.07341230735444297,2,4,0.6875,0.1644850716547063,0.2397261225132452,2,4,0.6875,-0.06463016374524665,-0.08930751937431403,5,1,0.21875,-0.0738630442802819,-0.10206573642778749,5,1,0.21875
single_model_final,GLM-5,fixed_15m,8,33,6,-0.026596244469565582,-0.025965637090956784,4,2,0.6875,0.0012343509404729492,0.0034719603086347806,3,3,1.0,0.024991514429742456,0.018962574552002898,3,3,1.0,-0.035155137966550475,-0.034007521088582404,3,3,1.0,-0.040177300533200545,-0.03886573838695134,3,3,1.0
single_model_final,GLM-5,fixed_15m,8,44,6,0.024899425076611897,0.025927383216385824,3,3,1.0,-0.01961213215853273,-0.019212067748369546,3,3,1.0,-0.07817486916323983,-0.06603657219297465,3,3,1.0,0.03233533171023417,0.030135982721984422,3,3,1.0,0.0369546648116962,0.0344411231108393,3,3,1.0
single_model_final,GLM-5,fixed_15m,8,55,6,-0.018322968117558274,-0.03436714264671625,4,2,0.6875,0.03394431185860048,0.04714763071311764,2,4,0.6875,0.11381143154278632,0.13089874828933634,2,4,0.6875,-0.03224015834708579,-0.059597861218226134,4,2,0.6875,-0.03684589525381236,-0.06811184139225845,4,2,0.6875
single_model_final,GLM-5,fixed_15m,12,11,6,0.017364144579688424,0.016468529084172484,3,3,1.0,-0.01164863761814669,-0.020114299984596934,4,2,0.6875,-0.08428473193837178,-0.11424050685681619,4,2,0.6875,0.009764853198217174,0.014794327393455375,3,3,1.0,0.010652567125327814,0.01613926624740586,3,3,1.0
single_model_final,GLM-5,fixed_15m,12,22,6,0.010305828469341147,0.015561019635774553,3,3,1.0,-0.017766296481656885,-0.010054467050781501,5,1,0.21875,-0.1105418279399863,-0.06826567114783821,5,1,0.21875,0.009362981631724693,0.01308399211349906,2,4,0.6875,0.010214161780063291,0.014273445941998947,2,4,0.6875
single_model_final,GLM-5,fixed_15m,12,33,6,-0.0616217263494487,-0.07701335592296854,5,1,0.21875,0.02974846412140515,0.025510159199995025,2,4,0.6875,0.17609730449863772,0.16189121383892413,2,4,0.6875,-0.06702328385262682,-0.06516143076274869,5,1,0.21875,-0.07311630965741107,-0.07108519719572579,5,1,0.21875
single_model_final,GLM-5,fixed_15m,12,44,6,-0.04205303702161433,-0.08888245460908059,4,2,0.6875,0.025450202304737508,0.05721523061207248,2,4,0.6875,0.19881784247784587,0.4308835594740825,2,4,0.6875,-0.04435181263353185,-0.0762557064471572,4,2,0.6875,-0.04838379560021655,-0.08318804339689875,4,2,0.6875
single_model_final,GLM-5,fixed_15m,12,55,6,-0.08845868507746218,-0.08294165995705854,5,1,0.21875,0.05970658818516072,0.056399252933056365,1,5,0.21875,0.31622573159956485,0.3178845235936705,1,5,0.21875,-0.11531669832648112,-0.10836237124588782,5,1,0.21875,-0.12580003453797936,-0.11821349590460489,5,1,0.21875
single_model_final,GLM-5,fixed_15m,16,11,6,-0.013326296605395157,-0.02630418008588295,3,3,1.0,0.021393567638195915,0.011194588410057604,3,3,1.0,0.20193646690961434,0.08201214894997322,3,3,1.0,-0.030097944759449196,-0.03962349174106386,3,3,1.0,-0.03210447441007913,-0.0422650578571348,3,3,1.0
single_model_final,GLM-5,fixed_15m,16,22,6,-0.056162738828769855,-0.11999264254091488,4,2,0.6875,0.030457481214565586,0.051350894094318866,2,4,0.6875,0.2763507271582843,0.4134863962272648,2,4,0.6875,-0.05507734040087514,-0.08000878761200159,4,2,0.6875,-0.05874916309426679,-0.08534270678613501,4,2,0.6875
single_model_final,GLM-5,fixed_15m,16,33,6,-0.03891976761858715,-0.08573703276447178,4,2,0.6875,0.043603771908195095,0.04889061303354944,2,4,0.6875,0.3147138744414382,0.4249650677900676,2,4,0.6875,-0.05575121748587672,-0.06242773363487261,4,2,0.6875,-0.05946796531826848,-0.0665895825438641,4,2,0.6875
single_model_final,GLM-5,fixed_15m,16,44,6,0.00703030101350217,0.025008387010198585,3,3,1.0,-0.02530202928489757,-0.02050329721008956,4,2,0.6875,-0.22646293537487075,-0.159698028456289,4,2,0.6875,0.013586106866463879,0.02074509905031935,3,3,1.0,0.014491847324228146,0.022128105653673985,3,3,1.0
single_model_final,GLM-5,fixed_15m,16,55,6,-0.018530078659617217,-0.0028291163334351888,3,3,1.0,0.018253350981092487,0.014905043340593671,3,3,1.0,0.18664390216039806,0.1540619584439089,3,3,1.0,-0.018927717429680396,-0.030028328086997708,4,2,0.6875,-0.02018956525832576,-0.0320302166261309,4,2,0.6875
single_model_final,GLM-5,fixed_15m,24,11,6,0.032191358636051215,0.0261417302774673,2,4,0.6875,-0.01732217404187621,-0.014683378374754974,3,3,1.0,-0.20497891517511113,-0.16718356033507265,3,3,1.0,0.013670552003335426,0.008876900431662033,2,4,0.6875,0.014264923829567414,0.009262852624342982,2,4,0.6875
single_model_final,GLM-5,fixed_15m,24,22,6,0.04557841242839165,0.028186609617869535,1,5,0.21875,-0.03697921103674549,-0.04545951820702021,5,1,0.21875,-0.4806245322707144,-0.6269568247265453,5,1,0.21875,0.03317431786065889,0.034672343131818356,2,4,0.6875,0.03461667950677446,0.0361798363114626,2,4,0.6875
single_model_final,GLM-5,fixed_15m,24,33,6,0.0278931076117494,0.012253043185461915,3,3,1.0,0.01067199906477321,0.01758958679271344,2,4,0.6875,0.13199069808801145,0.19740369778781175,2,4,0.6875,0.004690740001396497,-0.016797805077116645,4,2,0.6875,0.004894685218848509,-0.01752814442829563,4,2,0.6875
single_model_final,GLM-5,fixed_15m,24,44,6,-0.044387549930989416,-0.032874548223581046,4,2,0.6875,0.005495594746696327,0.0027038548726646683,3,3,1.0,0.06638692038567195,0.03140926630603458,3,3,1.0,-0.019709742144584205,-0.018254045504949773,4,2,0.6875,-0.020566687455218294,-0.019047699657338893,4,2,0.6875
single_model_final,GLM-5,fixed_15m,24,55,6,0.030712333042175605,0.04923406862745097,2,4,0.6875,-0.03888600512841071,-0.050510220975868436,4,2,0.6875,-0.43757296923199274,-0.6470315199866778,4,2,0.6875,0.03304431664172159,0.0383780103883089,2,4,0.6875,0.03448102606092688,0.040046619535626646,2,4,0.6875
single_model_final,GLM-5,normalized_quartile,8,11,6,0.1503453516145475,0.1135117129143493,0,6,0.03125,-0.08528295196598107,-0.08302086325007013,4,2,0.6875,-0.36325347909177474,-0.40704228561478106,4,2,0.6875,0.1356609794055316,0.1125046131327817,1,5,0.21875,0.15504111932060757,0.12857670072317906,1,5,0.21875
single_model_final,GLM-5,normalized_quartile,8,22,6,-0.047304116260077335,-0.06523782852472221,5,1,0.21875,0.06055715062489503,0.0874643578986968,2,4,0.6875,0.20553167666192393,0.2842931475035665,2,4,0.6875,-0.0783415183700963,-0.10723971912138436,5,1,0.21875,-0.08953316385153864,-0.12255967899586784,5,1,0.21875
single_model_final,GLM-5,normalized_quartile,8,33,6,-0.03119227383200668,-0.036138658089877596,5,1,0.21875,0.010928250106163195,0.029004988065653325,2,4,0.6875,0.061863379501861306,0.10654719259281142,2,4,0.6875,-0.043244404935859716,-0.05663858015856227,4,2,0.6875,-0.04942217706955396,-0.06472980589549976,4,2,0.6875
single_model_final,GLM-5,normalized_quartile,8,44,6,0.02559013363506833,0.024249730838400763,3,3,1.0,-0.017677672168167898,-0.013581208616437815,3,3,1.0,-0.07879597597588135,-0.05150556005977247,3,3,1.0,0.03216428648458689,0.024630084986319467,3,3,1.0,0.036759184553813586,0.028148668555793677,3,3,1.0
single_model_final,GLM-5,normalized_quartile,8,55,6,-0.019896332574227144,-0.026051473292378946,4,2,0.6875,0.03792789116661122,0.05020354817959013,2,4,0.6875,0.12130134272135984,0.17731017025375362,2,4,0.6875,-0.035441011277704715,-0.04435672652283862,4,2,0.6875,-0.040504012888805396,-0.050693401740387056,4,2,0.6875
single_model_final,GLM-5,normalized_quartile,12,11,6,-0.0015685397845485078,0.006535266458748051,3,3,1.0,0.0017408973141532687,-0.013295991974459409,4,2,0.6875,0.005037141448231604,-0.09683072229238654,4,2,0.6875,-0.0027206242601455766,0.011360509638898314,2,4,0.6875,-0.002967953738340625,0.012393283242434522,2,4,0.6875
single_model_final,GLM-5,normalized_quartile,12,22,6,-0.009324445019074997,0.0007625519843564299,2,4,0.6875,-0.010727129022778744,-0.007525727383508207,5,1,0.21875,-0.0684320400412181,-0.04749655258146834,5,1,0.21875,-0.0020534734503850163,0.010691220638343296,2,4,0.6875,-0.002240152854965464,0.011663149787283583,2,4,0.6875
single_model_final,GLM-5,normalized_quartile,12,33,6,-0.07372159983362968,-0.08949205072898458,5,1,0.21875,0.04219299941993691,0.04365029281750801,1,5,0.21875,0.2671226749704048,0.26055086153255114,1,5,0.21875,-0.0798378665993276,-0.09249114906899208,5,1,0.21875,-0.08709585447199371,-0.10089943534799131,5,1,0.21875
single_model_final,GLM-5,normalized_quartile,12,44,6,-0.052735767072284445,-0.11533935683486388,4,2,0.6875,0.03464929178633868,0.06065809979398834,2,4,0.6875,0.2569350499245569,0.4458125550543277,2,4,0.6875,-0.05337612884579504,-0.09264547519686073,4,2,0.6875,-0.05822850419541278,-0.10106779112384807,4,2,0.6875
single_model_final,GLM-5,normalized_quartile,12,55,6,-0.10168594249545947,-0.11096956582437528,6,0,0.03125,0.07656614951522056,0.07440617164748647,0,6,0.03125,0.3950894970299011,0.4127517080428509,0,6,0.03125,-0.13463152487516858,-0.14230764585671202,6,0,0.03125,-0.1468707544092748,-0.15524470457095854,6,0,0.03125
single_model_final,GLM-5,normalized_quartile,16,11,6,-0.008001302669686627,-0.023651635720601277,3,3,1.0,0.03180850130532823,0.016419744928044017,3,3,1.0,0.27726339420315566,0.11581371823863651,3,3,1.0,-0.0347011689157215,-0.046580749179212844,3,3,1.0,-0.0370145801767696,-0.04968613245782702,3,3,1.0
single_model_final,GLM-5,normalized_quartile,16,22,6,-0.05856768790628786,-0.12909795595931667,4,2,0.6875,0.04049765471387672,0.054103833483352765,2,4,0.6875,0.35336514163132177,0.4498767090874676,2,4,0.6875,-0.06346054799760345,-0.09103648717301158,4,2,0.6875,-0.06769125119744367,-0.09710558631787902,4,2,0.6875
single_model_final,GLM-5,normalized_quartile,16,33,6,-0.03891415752343016,-0.09171850827820016,4,2,0.6875,0.052131392217670026,0.05403993037357713,2,4,0.6875,0.37006276901508656,0.4555109966791997,2,4,0.6875,-0.060677477167268075,-0.0670542579853462,4,2,0.6875,-0.06472264231175262,-0.07152454185103593,4,2,0.6875
single_model_final,GLM-5,normalized_quartile,16,44,6,0.009383132240426898,0.021324863883847522,3,3,1.0,-0.025270811624660817,-0.020101468196538935,3,3,1.0,-0.22630182835460796,-0.1505999192381826,3,3,1.0,0.014993589553679318,0.023053009166760202,3,3,1.0,0.015993162190591284,0.02458987644454423,3,3,1.0
single_model_final,GLM-5,normalized_quartile,16,55,6,-0.026965148772772746,-0.009158609902355702,3,3,1.0,0.023006914675335,0.02242244906191712,3,3,1.0,0.22759426143380734,0.19410214443542362,3,3,1.0,-0.02413389787078297,-0.029326843542000824,4,2,0.6875,-0.025742824395501827,-0.031281966444800885,4,2,0.6875
single_model_final,GLM-5,normalized_quartile,24,11,6,0.027627165160077443,0.025570249178825527,2,4,0.6875,-0.011302608210789248,-0.015040554955328106,3,3,1.0,-0.13325188267562452,-0.16808207671973663,3,3,1.0,0.009268044313624721,0.010327989849124808,2,4,0.6875,0.009671002762043185,0.010777032886043272,2,4,0.6875
single_model_final,GLM-5,normalized_quartile,24,22,6,0.04158114536754515,0.04291856980627834,2,4,0.6875,-0.032733096411668605,-0.044011888283374906,5,1,0.21875,-0.4250748054018729,-0.6165263376159982,5,1,0.21875,0.029908882584847935,0.03572516030512053,2,4,0.6875,0.03120926878418913,0.037278428144473574,2,4,0.6875
single_model_final,GLM-5,normalized_quartile,24,33,6,0.02418126491244855,0.001921431157631437,3,3,1.0,0.021285860617225382,0.0313800717456775,2,4,0.6875,0.26543964851276486,0.3817802257666587,2,4,0.6875,-0.002075688580435516,-0.028202447731230734,4,2,0.6875,-0.00216593591001966,-0.029428641110849446,4,2,0.6875
single_model_final,GLM-5,normalized_quartile,24,44,6,-0.04882021746188029,-0.029811149670068815,5,1,0.21875,0.01606692995719583,0.008596066971387234,2,4,0.6875,0.21741975038639852,0.1397518476884656,2,4,0.6875,-0.02530785893796192,-0.016664770981685922,4,2,0.6875,-0.02640820063091678,-0.017389326241759234,4,2,0.6875
single_model_final,GLM-5,normalized_quartile,24,55,6,0.033704327178247694,0.046858216970998984,2,4,0.6875,-0.03101672038793991,-0.029431238801188753,4,2,0.6875,-0.3461736172163701,-0.4025277105111025,4,2,0.6875,0.031164963277755697,0.02290250255687698,2,4,0.6875,0.032519961681136376,0.023898263537610764,2,4,0.6875
single_model_final,GPT-5,fixed_15m,8,11,18,0.042842224474106724,0.0160972858718455,8,10,0.8145294189453125,-0.10552786117363927,-0.0926190064677139,15,3,0.007537841796875,-0.8209234035730687,-0.6188594237413099,15,3,0.007537841796875,0.05084237292422374,0.050222496001145006,6,12,0.237884521484375,0.0581055690562557,0.05739713828702288,6,12,0.237884521484375
single_model_final,GPT-5,fixed_15m,8,22,18,0.08517130589103873,0.07444097908333908,3,15,0.007537841796875,-0.15642421337337653,-0.1778321192291828,17,1,0.00014495849609375,-0.9512760660228015,-1.1523793868704375,17,1,0.00014495849609375,0.11617164437214303,0.11326062022931715,2,16,0.001312255859375,0.13276759356816348,0.1294407088335053,2,16,0.001312255859375
single_model_final,GPT-5,fixed_15m,8,33,18,0.04910791877213208,0.04530758095748316,6,12,0.237884521484375,-0.13298079646701627,-0.1368117793942694,15,3,0.007537841796875,-0.6924672735965234,-0.6024662372047567,15,3,0.007537841796875,0.08327680721391767,0.07564269691676762,3,15,0.007537841796875,0.09517349395876307,0.08644879647630582,3,15,0.007537841796875
single_model_final,GPT-5,fixed_15m,8,44,18,0.09046905520380483,0.09186446495757775,5,13,0.09625244140625,-0.12056319770569829,-0.12207983855531965,16,2,0.001312255859375,-0.6978292957739382,-0.752189600976942,16,2,0.001312255859375,0.09401217685317736,0.07968424621632145,3,15,0.007537841796875,0.1074424878322027,0.09106770996151023,3,15,0.007537841796875
single_model_final,GPT-5,fixed_15m,8,55,18,0.09520734647505846,0.061058756746962595,2,16,0.001312255859375,-0.14082303096078974,-0.15311795188501684,16,2,0.001312255859375,-0.753053815949523,-0.9666777083911477,16,2,0.001312255859375,0.12339943713506453,0.11415285659191673,2,16,0.001312255859375,0.1410279281543595,0.13046040753361912,2,16,0.001312255859375
single_model_final,GPT-5,fixed_15m,12,11,18,0.020903930947447583,0.013640073780073536,8,10,0.8145294189453125,-0.08282835737205446,-0.06881193096838903,16,2,0.001312255859375,-0.6474905193910239,-0.5249550794742075,16,2,0.001312255859375,0.05195437019921346,0.034415129248631215,5,13,0.09625244140625,0.056677494762778294,0.03754377736214316,5,13,0.09625244140625
single_model_final,GPT-5,fixed_15m,12,22,18,0.03691466399060867,0.031499845747417876,5,13,0.09625244140625,-0.0839736682796322,-0.08186664795776502,15,3,0.007537841796875,-0.7371788669411986,-0.7277843784402159,15,3,0.007537841796875,0.05954100939520601,0.043204440512211534,4,14,0.0308837890625,0.06495382843113384,0.04713211692241259,4,14,0.0308837890625
single_model_final,GPT-5,fixed_15m,12,33,18,0.02953582554664748,0.041678671775344706,4,14,0.0308837890625,-0.07565276942789088,-0.08881479713324936,15,3,0.007537841796875,-0.6926473599614213,-0.8918864880914386,15,3,0.007537841796875,0.041747525856490296,0.05914614366706075,4,14,0.0308837890625,0.04554275547980761,0.06452306581861172,4,14,0.0308837890625
single_model_final,GPT-5,fixed_15m,12,44,18,0.037234441210621624,0.052764545134958624,4,14,0.0308837890625,-0.08533203304395581,-0.08459188174459206,15,3,0.007537841796875,-0.7634889092395076,-0.8165310037792184,15,3,0.007537841796875,0.05363116488910543,0.06022570408386188,4,14,0.0308837890625,0.05850672533356956,0.0657007680914857,4,14,0.0308837890625
single_model_final,GPT-5,fixed_15m,12,55,18,0.048906063795005096,0.051242551858107666,5,13,0.09625244140625,-0.09469276245910976,-0.10247625503869079,16,2,0.001312255859375,-0.7631722914023235,-0.4845302349292494,16,2,0.001312255859375,0.056948514361946784,0.07353912534676249,4,14,0.0308837890625,0.06212565203121467,0.08022450037828634,4,14,0.0308837890625
single_model_final,GPT-5,fixed_15m,16,11,18,0.05458298557355248,0.05858723007313915,3,15,0.007537841796875,-0.09956710772377986,-0.07965560854545214,16,2,0.001312255859375,-1.1320199674894185,-0.9232709868959095,16,2,0.001312255859375,0.06815197317185367,0.0691599827647039,2,16,0.001312255859375,0.07269543804997723,0.07377064828235085,2,16,0.001312255859375
single_model_final,GPT-5,fixed_15m,16,22,18,0.05674368785037884,0.07283358023906106,3,15,0.007537841796875,-0.09390501715667815,-0.10059532774464025,15,3,0.007537841796875,-1.0349465075712874,-1.2011105936370596,15,3,0.007537841796875,0.07411363164614954,0.07652279453579072,3,15,0.007537841796875,0.0790545404225595,0.08162431417151012,3,15,0.007537841796875
single_model_final,GPT-5,fixed_15m,16,33,18,-0.009104651146250729,-0.01520190525179857,9,9,1.0,-0.05910036089751915,-0.05235188009595865,15,3,0.007537841796875,-0.7478683270862112,-0.779990171886956,15,3,0.007537841796875,0.026058164809170625,0.03683519158221073,4,14,0.0308837890625,0.027795375796448665,0.039290871021024784,4,14,0.0308837890625
single_model_final,GPT-5,fixed_15m,16,44,18,0.04956908850821539,0.04271774517781082,6,12,0.237884521484375,-0.09124560177595155,-0.08220321196111335,15,3,0.007537841796875,-1.0662788088009107,-0.9613396374156635,15,3,0.007537841796875,0.056933404027856356,0.060461611692039674,4,14,0.0308837890625,0.06072896429638012,0.06449238580484232,4,14,0.0308837890625
single_model_final,GPT-5,fixed_15m,16,55,18,0.03621255464737447,0.03953197307581102,6,12,0.237884521484375,-0.07253019359229823,-0.059825807758157434,16,2,0.001312255859375,-0.9361088767302262,-0.8444076376705751,16,2,0.001312255859375,0.043784418117902076,0.05116844335798354,4,14,0.0308837890625,0.04670337932576221,0.05457967291518245,4,14,0.0308837890625
single_model_final,GPT-5,fixed_15m,24,11,18,-0.001202216049481391,-0.038220402405910514,10,8,0.8145294189453125,-0.05105352080458045,-0.049725458226534736,14,4,0.0308837890625,-1.0379393757819848,-0.964111280553337,14,4,0.0308837890625,0.019129356913194673,0.006052522491672929,7,11,0.480682373046875,0.01996106808333357,0.0063156756434848,7,11,0.480682373046875
single_model_final,GPT-5,fixed_15m,24,22,18,0.009574945386271527,0.019519776147106038,7,11,0.480682373046875,-0.05836847140186289,-0.06784055003783912,15,3,0.007537841796875,-1.028383563322762,-0.9759117940622617,15,3,0.007537841796875,0.025440913723777814,0.03565403690721314,6,12,0.237884521484375,0.026547040407420317,0.037204212424918046,6,12,0.237884521484375
single_model_final,GPT-5,fixed_15m,24,33,18,0.04120174194834135,0.04542911421601585,3,15,0.007537841796875,-0.08181399215504438,-0.0828492352987073,17,1,0.00014495849609375,-1.5157390264213513,-1.7229282920408795,17,1,0.00014495849609375,0.04613092685916788,0.042748738941277745,1,17,0.00014495849609375,0.0481366193313056,0.04460737976481152,1,17,0.00014495849609375
single_model_final,GPT-5,fixed_15m,24,44,18,0.03034995915687275,0.014667398046437907,7,11,0.480682373046875,-0.06465409108662354,-0.06681631160089652,16,2,0.001312255859375,-1.1636557581735743,-1.1968098379248098,16,2,0.001312255859375,0.039379473995010995,0.028439608164591776,5,13,0.09625244140625,0.04109162503827235,0.02967611286740013,5,13,0.09625244140625
single_model_final,GPT-5,fixed_15m,24,55,18,0.006438787320677443,0.03620548565824849,8,10,0.8145294189453125,-0.06756898993080632,-0.06828073478489116,17,1,0.00014495849609375,-1.2823907824032204,-1.0384501551372014,17,1,0.00014495849609375,0.025292943972134756,0.034182685128733445,6,12,0.237884521484375,0.02639263718831452,0.03566888882998273,6,12,0.237884521484375
single_model_final,GPT-5,normalized_quartile,8,11,18,0.050646401741970944,0.03920470668926626,5,12,0.143463134765625,-0.10251120285442804,-0.11370083469037837,17,1,0.00014495849609375,-0.8098316271006524,-0.5731405395172272,17,1,0.00014495849609375,0.05184237540011141,0.05064541904432808,5,13,0.09625244140625,0.05924842902869877,0.057880478907803526,5,13,0.09625244140625
single_model_final,GPT-5,normalized_quartile,8,22,18,0.08611230345111788,0.07363845460905447,2,16,0.001312255859375,-0.15478342836088055,-0.16027257934404496,17,1,0.00014495849609375,-0.9346047108150118,-1.0562730330138774,17,1,0.00014495849609375,0.11622268685771722,0.11311851562817005,2,16,0.001312255859375,0.1328259278373911,0.1292783035750515,2,16,0.001312255859375
single_model_final,GPT-5,normalized_quartile,8,33,18,0.04195884294741768,0.04080828688034205,7,11,0.480682373046875,-0.12076890066005598,-0.1160019720048858,15,3,0.007537841796875,-0.6459367608720856,-0.5339556128743019,15,3,0.007537841796875,0.07428739182716693,0.07248961383361835,4,14,0.0308837890625,0.08489987637390506,0.08284527295270672,4,14,0.0308837890625
single_model_final,GPT-5,normalized_quartile,8,44,18,0.08707947252546178,0.08754325310255118,5,13,0.09625244140625,-0.11268696443882036,-0.12166359855355915,16,2,0.001312255859375,-0.6683137139282281,-0.7041033080603611,16,2,0.001312255859375,0.08662188618002828,0.07878059712775431,3,15,0.007537841796875,0.09899644134860376,0.09003496814600495,3,15,0.007537841796875
single_model_final,GPT-5,normalized_quartile,8,55,18,0.08619433899368856,0.0647000007949978,4,14,0.0308837890625,-0.13141688488415,-0.1285242993176893,16,2,0.001312255859375,-0.7164514751574433,-0.7599393533501304,16,2,0.001312255859375,0.11189720164137168,0.09442572504329139,2,16,0.001312255859375,0.12788251616156762,0.10791511433519016,2,16,0.001312255859375
single_model_final,GPT-5,normalized_quartile,12,11,18,0.01591675676281329,0.0010180097680097255,9,9,1.0,-0.07121831802030004,-0.059988971525229084,15,3,0.007537841796875,-0.5739283432789737,-0.4612743858537067,15,3,0.007537841796875,0.04315814610357789,0.03419385072385284,7,11,0.480682373046875,0.04708161393117589,0.03730238260783943,7,11,0.480682373046875
single_model_final,GPT-5,normalized_quartile,12,22,18,0.04236373763719976,0.03593254209070085,4,14,0.0308837890625,-0.07921022809213835,-0.07481028651381424,15,3,0.007537841796875,-0.7182083896457631,-0.614075320401501,15,3,0.007537841796875,0.05728254388199697,0.047962073380949155,3,15,0.007537841796875,0.062490047871269404,0.05232226187012634,3,15,0.007537841796875
single_model_final,GPT-5,normalized_quartile,12,33,18,0.026525511629546913,0.039645164209182154,5,13,0.09625244140625,-0.07059800466185405,-0.08155106557635125,15,3,0.007537841796875,-0.6616300688111001,-0.6826017513978626,15,3,0.007537841796875,0.0391374404824856,0.05386118750782036,4,14,0.0308837890625,0.04269538961725704,0.05875765909944042,4,14,0.0308837890625
single_model_final,GPT-5,normalized_quartile,12,44,18,0.03949973124815208,0.057738615185124714,5,13,0.09625244140625,-0.0808705001578648,-0.08690604064810414,15,3,0.007537841796875,-0.736338587877564,-0.8074936048220066,15,3,0.007537841796875,0.04755502699751103,0.05904411400146445,4,14,0.0308837890625,0.051878211270012034,0.06441176072887031,4,14,0.0308837890625
single_model_final,GPT-5,normalized_quartile,12,55,18,0.03954534595546016,0.04120963929901095,6,12,0.237884521484375,-0.08893115337849417,-0.08238257728820403,16,2,0.001312255859375,-0.7316543742087117,-0.5023493793647781,16,2,0.001312255859375,0.04656988778747617,0.06018676398213421,6,12,0.237884521484375,0.050803513949974004,0.06565828798051002,6,12,0.237884521484375
single_model_final,GPT-5,normalized_quartile,16,11,18,0.055269332648035165,0.047488175133276966,3,15,0.007537841796875,-0.0974507353333031,-0.08764474006017792,16,2,0.001312255859375,-1.1172573597573272,-0.9522254484602792,16,2,0.001312255859375,0.06635824153974733,0.060921256816261316,2,16,0.001312255859375,0.07078212430906382,0.0649826739373454,2,16,0.001312255859375
single_model_final,GPT-5,normalized_quartile,16,22,18,0.05304109437569818,0.07533796586960129,3,15,0.007537841796875,-0.08648493916870409,-0.09910592219102271,16,2,0.001312255859375,-1.0170994808552163,-1.1543356829596578,16,2,0.001312255859375,0.06469498732023955,0.07514665070472575,2,16,0.001312255859375,0.0690079864749222,0.08015642741837414,2,16,0.001312255859375
single_model_final,GPT-5,normalized_quartile,16,33,18,-0.013224395128140288,-0.002022658327425514,9,9,1.0,-0.053886640915438266,-0.06366847766256781,15,3,0.007537841796875,-0.7041658735696722,-0.7767807738614114,15,3,0.007537841796875,0.022413059349361174,0.03003202422319129,6,12,0.237884521484375,0.023907263305985246,0.032034159171404036,6,12,0.237884521484375
single_model_final,GPT-5,normalized_quartile,16,44,18,0.04478998030672761,0.03851869531528607,5,13,0.09625244140625,-0.08746074898264328,-0.08707754098946704,16,2,0.001312255859375,-1.044301085479248,-1.0347468622369906,16,2,0.001312255859375,0.05024081756935652,0.053663346780858934,4,14,0.0308837890625,0.05359020540731363,0.057240903232916196,4,14,0.0308837890625
single_model_final,GPT-5,normalized_quartile,16,55,18,0.033860268446667424,0.03244355774346372,6,12,0.237884521484375,-0.06678917414749437,-0.058627522566631285,16,2,0.001312255859375,-0.8743160726155232,-0.7016445056569258,16,2,0.001312255859375,0.040022998081925616,0.04441802503540998,4,14,0.0308837890625,0.042691197954053996,0.04737922670443731,4,14,0.0308837890625
single_model_final,GPT-5,normalized_quartile,24,11,18,-0.005902804094499562,-0.006720125995060999,9,9,1.0,-0.047095973885362914,-0.047492140111579595,14,4,0.0308837890625,-0.9800964819062532,-1.1518742123731012,14,4,0.0308837890625,0.017222776016218445,0.015117267301250348,7,11,0.480682373046875,0.017971592364749687,0.015774539792609052,7,11,0.480682373046875
single_model_final,GPT-5,normalized_quartile,24,22,18,0.011931778578459179,0.020826647121967024,7,11,0.480682373046875,-0.054577995852043225,-0.0631893046879852,15,3,0.007537841796875,-0.9794026475299005,-0.8476345439893811,15,3,0.007537841796875,0.024705678522055362,0.02374613952838464,5,13,0.09625244140625,0.025779838457796894,0.024778580377444834,5,13,0.09625244140625
single_model_final,GPT-5,normalized_quartile,24,33,18,0.0457897344906035,0.05178258825341185,2,16,0.001312255859375,-0.07283304478337399,-0.0761598163439689,17,1,0.00014495849609375,-1.381440022417341,-1.6840584675277663,17,1,0.00014495849609375,0.04395702001016846,0.04295508709633551,1,17,0.00014495849609375,0.04586819479321924,0.04482269957878489,1,17,0.00014495849609375
single_model_final,GPT-5,normalized_quartile,24,44,18,0.020928982727687142,0.01296628401263436,7,11,0.480682373046875,-0.060783544067399685,-0.05241130037864583,16,2,0.001312255859375,-1.0988784673786351,-0.8561492668340187,16,2,0.001312255859375,0.035023968560076536,0.01865969046929941,5,13,0.09625244140625,0.03654674980181901,0.01947098135926896,5,13,0.09625244140625
single_model_final,GPT-5,normalized_quartile,24,55,18,0.004375600851163767,0.036954191442248346,8,10,0.8145294189453125,-0.06279204657495002,-0.06346736537516987,16,2,0.001312255859375,-1.203856096878297,-0.9054422460534468,16,2,0.001312255859375,0.02421321330274669,0.01826353118249395,6,12,0.237884521484375,0.025265961707213933,0.019057597755645847,6,12,0.237884521484375
single_model_final,Gemini Flash Lite,fixed_15m,8,11,18,0.13562249496963713,0.16409828889985872,5,13,0.09625244140625,-0.17200293275140627,-0.17339704126304384,13,5,0.09625244140625,-0.6409308804489368,-0.720873225090535,13,5,0.09625244140625,0.1969089476983931,0.21328127636615157,5,13,0.09625244140625,0.2250387973695921,0.24375003013274466,5,13,0.09625244140625
single_model_final,Gemini Flash Lite,fixed_15m,8,22,18,0.18006014337634613,0.11746856180609072,2,16,0.001312255859375,-0.21813033782629918,-0.16730367384124883,16,2,0.001312255859375,-0.9190948885368935,-0.585757870085219,16,2,0.001312255859375,0.2225717521092563,0.15400197318844622,2,16,0.001312255859375,0.25436771669629293,0.17600225507250994,2,16,0.001312255859375
single_model_final,Gemini Flash Lite,fixed_15m,8,33,18,0.2308725002919235,0.22105658442792414,1,17,0.00014495849609375,-0.33597127400943627,-0.33845483269716137,17,1,0.00014495849609375,-1.3812961371684922,-1.2358300915371647,17,1,0.00014495849609375,0.33527562340149664,0.33723051792782227,1,17,0.00014495849609375,0.3831721410302819,0.38540630620322547,1,17,0.00014495849609375
single_model_final,Gemini Flash Lite,fixed_15m,8,44,18,0.18658996713066392,0.25026810317432446,3,15,0.007537841796875,-0.24468176938576086,-0.3132501343756253,15,3,0.007537841796875,-1.151624380895562,-1.499131085476927,15,3,0.007537841796875,0.23650510236804095,0.3313242696989271,2,16,0.001312255859375,0.2702915455634753,0.37865630822734525,2,16,0.001312255859375
single_model_final,Gemini Flash Lite,fixed_15m,8,55,18,0.14127824184889082,0.17760191486750043,5,13,0.09625244140625,-0.20578118700326192,-0.26910093390541745,14,4,0.0308837890625,-0.8425065313093616,-1.1570018339015455,14,4,0.0308837890625,0.19603299184671855,0.20684911286805807,5,13,0.09625244140625,0.2240377049676783,0.23639898613492352,5,13,0.09625244140625
single_model_final,Gemini Flash Lite,fixed_15m,12,11,18,0.11657212779131736,0.11869817840636668,6,12,0.237884521484375,-0.1993701456201345,-0.13918065341321645,16,2,0.001312255859375,-1.1345927656667278,-1.026725458411312,16,2,0.001312255859375,0.20000920428970492,0.10265388824791871,4,14,0.0308837890625,0.21819185922513265,0.1119860599068204,4,14,0.0308837890625
single_model_final,Gemini Flash Lite,fixed_15m,12,22,18,0.17309754409195577,0.14535541094312018,4,14,0.0308837890625,-0.2196762868546876,-0.20452310132630266,17,1,0.00014495849609375,-1.5564343284753663,-1.6681919704851171,17,1,0.00014495849609375,0.19842478337110195,0.153171774368392,2,16,0.001312255859375,0.21646340004120213,0.16709648112915487,2,16,0.001312255859375
single_model_final,Gemini Flash Lite,fixed_15m,12,33,18,0.19625961139101478,0.21299212814064475,1,17,0.00014495849609375,-0.23182528156646315,-0.27295959363163125,16,2,0.001312255859375,-1.2500631551100703,-1.3104516272447306,16,2,0.001312255859375,0.26152914432272295,0.31987596735584933,2,16,0.001312255859375,0.28530452107933413,0.34895560075183557,2,16,0.001312255859375
single_model_final,Gemini Flash Lite,fixed_15m,12,44,18,0.16027377690648406,0.1651100721330291,4,14,0.0308837890625,-0.221974184558276,-0.18958897580918627,16,2,0.001312255859375,-1.392156777204753,-1.3672431726581133,16,2,0.001312255859375,0.2156552188511798,0.16068481380371272,2,16,0.001312255859375,0.2352602387467416,0.1752925241495048,2,16,0.001312255859375
single_model_final,Gemini Flash Lite,fixed_15m,12,55,18,0.24796208005624068,0.2757458279120245,4,14,0.0308837890625,-0.28297093010647184,-0.2879681979337989,16,2,0.001312255859375,-1.881156926348246,-1.8084671454950647,16,2,0.001312255859375,0.304458361645669,0.33387283426346204,3,15,0.007537841796875,0.33213639452254784,0.36422491010559493,3,15,0.007537841796875
single_model_final,Gemini Flash Lite,fixed_15m,16,11,18,0.14979413956743437,0.16064168297067108,4,14,0.0308837890625,-0.19492065883951917,-0.14203876059746062,16,2,0.001312255859375,-1.5726483994963898,-1.3349687607473968,16,2,0.001312255859375,0.1934672611560039,0.14753062369613096,3,15,0.007537841796875,0.20636507856640415,0.15736599860920636,3,15,0.007537841796875
single_model_final,Gemini Flash Lite,fixed_15m,16,22,18,0.22959205468528066,0.27774766358451014,3,15,0.007537841796875,-0.26535044488127413,-0.2945605829857544,16,2,0.001312255859375,-1.9688214628850023,-2.316872051455886,16,2,0.001312255859375,0.3008393258332957,0.32444843407332924,2,16,0.001312255859375,0.3208952808888488,0.34607832967821783,2,16,0.001312255859375
single_model_final,Gemini Flash Lite,fixed_15m,16,33,18,0.21181826931766734,0.23538018910072128,4,14,0.0308837890625,-0.22568931944281376,-0.20257158317726306,18,0,7.62939453125e-06,-1.7100096430936198,-1.602437560299943,18,0,7.62939453125e-06,0.25590627086599166,0.2510617077222682,1,17,0.00014495849609375,0.2729666889237244,0.2677991549037527,1,17,0.00014495849609375
single_model_final,Gemini Flash Lite,fixed_15m,16,44,18,0.18890146470950053,0.20240064427381754,4,14,0.0308837890625,-0.23177247155310196,-0.22422663682492422,16,2,0.001312255859375,-2.026999586009539,-2.228697667984679,16,2,0.001312255859375,0.23293719509092295,0.18645482385477571,3,15,0.007537841796875,0.24846634143031776,0.1988851454450941,3,15,0.007537841796875
single_model_final,Gemini Flash Lite,fixed_15m,16,55,18,0.24159075352788267,0.22818048834250104,1,17,0.00014495849609375,-0.24999131598591118,-0.2608244915667135,17,1,0.00014495849609375,-1.7630732864311371,-1.873682194234381,17,1,0.00014495849609375,0.2994882889757638,0.29471834455398166,1,17,0.00014495849609375,0.3194541749074814,0.3143662341909138,1,17,0.00014495849609375
single_model_final,Gemini Flash Lite,fixed_15m,24,11,18,0.23303315807703764,0.3079347779069279,3,15,0.007537841796875,-0.2338245944247889,-0.27879150700589345,15,3,0.007537841796875,-2.598181631404847,-2.762934777023302,15,3,0.007537841796875,0.2708872029778029,0.27707258765053,2,16,0.001312255859375,0.28266490745509876,0.2891192218962051,2,16,0.001312255859375
single_model_final,Gemini Flash Lite,fixed_15m,24,22,18,0.1971914179050066,0.18863230277966045,3,15,0.007537841796875,-0.22160616778935638,-0.1886724192773381,17,1,0.00014495849609375,-2.496457716560662,-2.756182094605796,17,1,0.00014495849609375,0.24050719596962988,0.18058400838985478,2,16,0.001312255859375,0.25096403057700506,0.1884354870155006,2,16,0.001312255859375
single_model_final,Gemini Flash Lite,fixed_15m,24,33,18,0.27902346468180894,0.29424745364371885,1,17,0.00014495849609375,-0.2504114135013357,-0.2911740158839101,18,0,7.62939453125e-06,-2.651631683078266,-2.55423217347105,18,0,7.62939453125e-06,0.30022966016101316,0.2795003874527904,1,17,0.00014495849609375,0.3132831236462746,0.29165257821160734,1,17,0.00014495849609375
single_model_final,Gemini Flash Lite,fixed_15m,24,44,18,0.22426788399136408,0.22306893061716698,3,15,0.007537841796875,-0.25530099032178766,-0.23154923666539315,17,1,0.00014495849609375,-2.929898235572617,-2.5413645072236024,17,1,0.00014495849609375,0.2730762840410223,0.20667487630747744,2,16,0.001312255859375,0.28494916595584946,0.21566074049475903,2,16,0.001312255859375
single_model_final,Gemini Flash Lite,fixed_15m,24,55,18,0.29675198604184533,0.27691529084850264,0,18,7.62939453125e-06,-0.25778061008933734,-0.28233099695137576,17,1,0.00014495849609375,-2.961126936634915,-2.6771995568429983,17,1,0.00014495849609375,0.30381184494580354,0.28978963040661787,1,17,0.00014495849609375,0.3170210555956211,0.30238917955473166,1,17,0.00014495849609375
single_model_final,Gemini Flash Lite,normalized_quartile,8,11,18,0.1212839548483873,0.1746649668935853,6,12,0.237884521484375,-0.17003620417949128,-0.1741055795180088,15,3,0.007537841796875,-0.619532620525185,-0.7130186852546042,15,3,0.007537841796875,0.19252317081690745,0.2393067496937068,4,14,0.0308837890625,0.22002648093360846,0.27349342822137923,4,14,0.0308837890625
single_model_final,Gemini Flash Lite,normalized_quartile,8,22,18,0.18212860210602005,0.18463621968235389,3,15,0.007537841796875,-0.21382128621744165,-0.18612615608107635,16,2,0.001312255859375,-0.8980767131365206,-0.7715776319870554,16,2,0.001312255859375,0.2220916907634811,0.2107826764235884,3,15,0.007537841796875,0.2538190751582641,0.24089448734124388,3,15,0.007537841796875
single_model_final,Gemini Flash Lite,normalized_quartile,8,33,18,0.21480960097471063,0.23917344869363674,1,17,0.00014495849609375,-0.31508611903926326,-0.34590945329268596,17,1,0.00014495849609375,-1.2959898721150762,-1.218662847376029,17,1,0.00014495849609375,0.3116784889902241,0.31557826118177645,1,17,0.00014495849609375,0.35620398741739895,0.3606608699220302,1,17,0.00014495849609375
single_model_final,Gemini Flash Lite,normalized_quartile,8,44,18,0.18362489381112088,0.268486011853221,3,15,0.007537841796875,-0.22624107989338846,-0.2875272331169162,15,3,0.007537841796875,-1.0720825324988317,-1.444365670227878,15,3,0.007537841796875,0.2213286748600052,0.2891483364793157,3,15,0.007537841796875,0.25294705698286307,0.33045524169064655,3,15,0.007537841796875
single_model_final,Gemini Flash Lite,normalized_quartile,8,55,18,0.14968315451884198,0.20286959930009507,4,14,0.0308837890625,-0.21126035362606785,-0.2991068281378597,15,3,0.007537841796875,-0.8572414177684607,-1.1472098919926292,15,3,0.007537841796875,0.2102799939258629,0.28535342228467664,4,14,0.0308837890625,0.24031999305812907,0.3261181968967733,4,14,0.0308837890625
single_model_final,Gemini Flash Lite,normalized_quartile,12,11,18,0.09694833764565482,0.06608706112224663,7,11,0.480682373046875,-0.18946980707738514,-0.14077442588315095,16,2,0.001312255859375,-1.0441659025122023,-1.0358760969665248,16,2,0.001312255859375,0.18750793738180546,0.0887417892968266,6,12,0.237884521484375,0.2045541135074241,0.09680922468744721,6,12,0.237884521484375
single_model_final,Gemini Flash Lite,normalized_quartile,12,22,18,0.17923156957852068,0.15814647237562937,3,15,0.007537841796875,-0.21054307378515943,-0.19801673972860476,17,1,0.00014495849609375,-1.4969626020317668,-1.6091542722948422,17,1,0.00014495849609375,0.2062350520519471,0.15032112760542934,2,16,0.001312255859375,0.22498369314757857,0.1639866846604684,2,16,0.001312255859375
single_model_final,Gemini Flash Lite,normalized_quartile,12,33,18,0.1792423410312638,0.21185080633850706,3,15,0.007537841796875,-0.21628905845715612,-0.26105146397626944,16,2,0.001312255859375,-1.160413975679931,-1.3554173731677297,16,2,0.001312255859375,0.24357108735463673,0.3036416980112653,2,16,0.001312255859375,0.2657139134777855,0.33124548873956217,2,16,0.001312255859375
single_model_final,Gemini Flash Lite,normalized_quartile,12,44,18,0.1391468320882456,0.15062629703044011,4,14,0.0308837890625,-0.20760719756226403,-0.19007284393642843,16,2,0.001312255859375,-1.3096263366197154,-1.2224045077737378,16,2,0.001312255859375,0.19770082542581668,0.15479874154157894,2,16,0.001312255859375,0.21567362773725454,0.16887135440899526,2,16,0.001312255859375
single_model_final,Gemini Flash Lite,normalized_quartile,12,55,18,0.20983783132413616,0.27050925826868605,5,13,0.09625244140625,-0.2616674651070752,-0.2841090552289246,17,1,0.00014495849609375,-1.758904461256998,-1.8117135923706384,17,1,0.00014495849609375,0.27389274246813916,0.3024410322473649,5,13,0.09625244140625,0.2987920826925154,0.3299356715425799,5,13,0.09625244140625
single_model_final,Gemini Flash Lite,normalized_quartile,16,11,18,0.13221379987364731,0.11557887328506469,4,14,0.0308837890625,-0.19173507622777997,-0.1470506883024621,17,1,0.00014495849609375,-1.5083863529481216,-1.3815465365872013,17,1,0.00014495849609375,0.18925552096705092,0.15194307353007616,4,14,0.0308837890625,0.20187255569818766,0.16207261176541454,4,14,0.0308837890625
single_model_final,Gemini Flash Lite,normalized_quartile,16,22,18,0.20472602205566792,0.24781310581416965,4,14,0.0308837890625,-0.25836739178791535,-0.2736442743193028,17,1,0.00014495849609375,-1.9147045289441762,-2.345969561553524,17,1,0.00014495849609375,0.29101656710957347,0.2571946313637977,1,17,0.00014495849609375,0.31041767158354494,0.2743409401213842,1,17,0.00014495849609375
single_model_final,Gemini Flash Lite,normalized_quartile,16,33,18,0.20260348650116045,0.2120292180519699,2,16,0.001312255859375,-0.22379001098108345,-0.1863285446278354,18,0,7.62939453125e-06,-1.6819492906284865,-1.5959195821570242,18,0,7.62939453125e-06,0.25376362638704947,0.20924244693969465,1,17,0.00014495849609375,0.27068120147951935,0.22319194340234097,1,17,0.00014495849609375
single_model_final,Gemini Flash Lite,normalized_quartile,16,44,18,0.18230593802107065,0.23260221061600614,4,14,0.0308837890625,-0.2171770853468877,-0.21304908630466923,15,3,0.007537841796875,-1.897625448169814,-2.309909037467288,15,3,0.007537841796875,0.2205788451495751,0.1808859061096511,4,14,0.0308837890625,0.23528410149288012,0.1929449665169612,4,14,0.0308837890625
single_model_final,Gemini Flash Lite,normalized_quartile,16,55,18,0.22790398192982714,0.3008845646341819,2,16,0.001312255859375,-0.23713064205756051,-0.2699722998692975,16,2,0.001312255859375,-1.659818826278337,-1.854139641253568,16,2,0.001312255859375,0.2847944345017819,0.33660527726686457,2,16,0.001312255859375,0.30378073013523393,0.35904562908465554,2,16,0.001312255859375
single_model_final,Gemini Flash Lite,normalized_quartile,24,11,18,0.2059110577433995,0.2380835133890557,4,14,0.0308837890625,-0.2181463989329505,-0.22419112177330697,15,3,0.007537841796875,-2.42558510773205,-2.8356582313644427,15,3,0.007537841796875,0.2487322193870328,0.20598547156272967,3,15,0.007537841796875,0.25954666370820806,0.21494136163067443,3,15,0.007537841796875
single_model_final,Gemini Flash Lite,normalized_quartile,24,22,18,0.21283649312295264,0.21552626104938635,4,14,0.0308837890625,-0.22794697287361526,-0.1982423384396173,16,2,0.001312255859375,-2.4967092829854,-3.1687508613381867,16,2,0.001312255859375,0.26022985833302203,0.20244319578936804,4,14,0.0308837890625,0.27154419999967516,0.21124507386716662,4,14,0.0308837890625
single_model_final,Gemini Flash Lite,normalized_quartile,24,33,18,0.24832626907763977,0.22963610628634512,2,16,0.001312255859375,-0.23447518521050814,-0.26477055230741475,18,0,7.62939453125e-06,-2.4708218269672124,-2.496665754493541,18,0,7.62939453125e-06,0.2779170329305052,0.21674436125736057,1,17,0.00014495849609375,0.2900003821883532,0.22616802913811535,1,17,0.00014495849609375
single_model_final,Gemini Flash Lite,normalized_quartile,24,44,18,0.20675813259594125,0.18856628056025926,3,15,0.007537841796875,-0.24588860513754252,-0.19705224773629168,17,1,0.00014495849609375,-2.7939682833032964,-2.676208774570572,17,1,0.00014495849609375,0.26188283588760436,0.18787049336888229,1,17,0.00014495849609375,0.2732690461435872,0.19603877568926842,1,17,0.00014495849609375
single_model_final,Gemini Flash Lite,normalized_quartile,24,55,18,0.2770871125940152,0.27511450364914614,0,18,7.62939453125e-06,-0.24104244026248273,-0.26024271703294694,18,0,7.62939453125e-06,-2.7655726340419866,-2.646388984377289,18,0,7.62939453125e-06,0.2839542271185447,0.29103269355406475,1,17,0.00014495849609375,0.29630006308022055,0.30368628892598065,1,17,0.00014495849609375
single_model_final,Kimi K2.5,fixed_15m,8,11,6,0.1471694420983696,0.09665132739243548,0,6,0.03125,-0.1603314701547954,-0.17254913971734157,6,0,0.03125,-0.5035878148764054,-0.5020063807625413,6,0,0.03125,0.19814116295007408,0.1703277070613043,0,6,0.03125,0.22644704337151322,0.19466023664149062,0,6,0.03125
single_model_final,Kimi K2.5,fixed_15m,8,22,6,-0.14776623794853114,-0.12155683835529474,6,0,0.03125,0.06337311263740586,0.051317203605660874,1,5,0.21875,0.2305878064543615,0.19054253142048694,1,5,0.21875,-0.15514594681483718,-0.14285491551626228,6,0,0.03125,-0.1773096535026711,-0.16326276059001404,6,0,0.03125
single_model_final,Kimi K2.5,fixed_15m,8,33,6,-0.11780028775457013,-0.11173922537517783,5,1,0.21875,0.10004397576993222,0.1008030994308433,1,5,0.21875,0.3887888308224972,0.33981644272892075,1,5,0.21875,-0.1592132792562189,-0.1674309696700697,5,1,0.21875,-0.18195803343567873,-0.1913496796229368,5,1,0.21875
single_model_final,Kimi K2.5,fixed_15m,8,44,6,0.023260153986949767,0.023013403992959203,2,4,0.6875,-0.03840440778813534,-0.036320902013720846,4,2,0.6875,-0.12040132261297347,-0.09708742953244587,4,2,0.6875,0.04011784267999433,0.04163312136684433,2,4,0.6875,0.04584896306285067,0.04758071013353632,2,4,0.6875
single_model_final,Kimi K2.5,fixed_15m,8,55,6,-0.18217002873434576,-0.15956449750114676,5,1,0.21875,0.12638401600454463,0.1335942012845472,1,5,0.21875,0.4503776964851742,0.4400471905585719,1,5,0.21875,-0.20406133289617565,-0.20515883546440666,5,1,0.21875,-0.23321295188134358,-0.2344672405307505,5,1,0.21875
single_model_final,Kimi K2.5,fixed_15m,12,11,6,-0.08019299927033574,-0.0659223431095084,5,1,0.21875,0.019637824215134218,0.008176324295156578,3,3,1.0,0.08559589990749901,0.04352915119867784,3,3,1.0,-0.07612172245319226,-0.07179241249910223,5,1,0.21875,-0.0830418790398461,-0.07831899545356613,5,1,0.21875
single_model_final,Kimi K2.5,fixed_15m,12,22,6,-0.002620910286089314,-0.034154531848602676,4,2,0.6875,-0.010901105087585508,0.010705551735046545,3,3,1.0,-0.06661269554532227,0.04530793343273731,3,3,1.0,-0.0010134003027930938,-0.03834611393840659,4,2,0.6875,-0.001105527603047061,-0.04183212429644356,4,2,0.6875
single_model_final,Kimi K2.5,fixed_15m,12,33,6,-0.18930250820052952,-0.20593427510965695,6,0,0.03125,0.06544132011475566,0.07109031119300481,1,5,0.21875,0.2908731496856393,0.3033420470385697,1,5,0.21875,-0.19370278213884937,-0.24406223366848778,6,0,0.03125,-0.21131212596965385,-0.26624970945653215,6,0,0.03125
single_model_final,Kimi K2.5,fixed_15m,12,44,6,-0.05735546728367721,-0.062180214123853494,3,3,1.0,-0.01984932790510639,-0.002452863980113823,3,3,1.0,-0.12463977916747741,-0.011109906526393987,3,3,1.0,-0.02898081582654548,-0.042204125041617024,5,1,0.21875,-0.031615435447140516,-0.04604086368176402,5,1,0.21875
single_model_final,Kimi K2.5,fixed_15m,12,55,6,-0.20729245309552413,-0.19021592992134329,6,0,0.03125,0.07103643261884408,0.07947502140445763,2,4,0.6875,0.3214164421685234,0.37371020088120843,2,4,0.6875,-0.21021664694170297,-0.22383472435587484,6,0,0.03125,-0.22932725120913047,-0.24418333566095435,6,0,0.03125
single_model_final,Kimi K2.5,fixed_15m,16,11,6,-0.05780831725377689,-0.048548524922958525,5,1,0.21875,0.009469977245582378,0.007991682966326213,3,3,1.0,0.04291284291252895,0.05313602429399045,3,3,1.0,-0.0521179175535339,-0.043125367612665694,5,1,0.21875,-0.05559244539043617,-0.04600039212017673,5,1,0.21875
single_model_final,Kimi K2.5,fixed_15m,16,22,6,-0.05770293336760701,-0.08080803581867518,4,2,0.6875,-0.014685326002557684,0.0031271870369292964,3,3,1.0,-0.09068746679664479,0.020307105819515003,3,3,1.0,-0.03551916162776411,-0.0495887643984578,5,1,0.21875,-0.037887105736281734,-0.05289468202502168,5,1,0.21875
single_model_final,Kimi K2.5,fixed_15m,16,33,6,-0.03723466552671045,-0.03937518773415832,4,2,0.6875,-0.019819196676700217,-0.029624951927221338,4,2,0.6875,-0.1389970410302217,-0.2073309365239222,4,2,0.6875,-0.024691198109389283,-0.028849221907083777,4,2,0.6875,-0.026337277983348572,-0.030772503367555992,4,2,0.6875
single_model_final,Kimi K2.5,fixed_15m,16,44,6,0.0006348258506193768,-0.007129221641566874,3,3,1.0,-0.004127125385630981,-0.010956806286593207,4,2,0.6875,-0.051478729258196854,-0.0793843932001892,4,2,0.6875,-0.0063252348216343846,-0.007795872795652331,3,3,1.0,-0.006746917143076671,-0.008315597648695855,3,3,1.0
single_model_final,Kimi K2.5,fixed_15m,16,55,6,-0.007806660241867843,-0.00545200406327595,3,3,1.0,-0.013088755947001282,-0.007183427897122147,3,3,1.0,-0.12959984169912508,-0.04874108721140513,3,3,1.0,-0.008654821349140779,0.0014861155722715735,3,3,1.0,-0.00923180943908349,0.0015851899437563932,3,3,1.0
single_model_final,Kimi K2.5,fixed_15m,24,11,6,-0.0029335788138691588,0.00010401373383270296,3,3,1.0,-0.035692848114758556,-0.02986883938350851,4,2,0.6875,-0.35925618241348994,-0.36306887230201834,4,2,0.6875,0.020452964828875934,-0.017187425369190282,3,3,1.0,0.02134222416926183,-0.01793470473306813,3,3,1.0
single_model_final,Kimi K2.5,fixed_15m,24,22,6,-0.024550607332881984,-0.02637304775765037,4,2,0.6875,-0.03738405621331075,-0.054253298693697466,4,2,0.6875,-0.40835608249905647,-0.5650933487531353,4,2,0.6875,0.003442833984688559,0.006910597105558719,3,3,1.0,0.0035925224188054447,0.00721105784927864,3,3,1.0
single_model_final,Kimi K2.5,fixed_15m,24,33,6,-0.0381828805207265,-0.0672278713354057,3,3,1.0,-0.052999338961175584,-0.0628524355860342,5,1,0.21875,-0.4754109652960535,-0.4717948879033923,5,1,0.21875,-0.0025605238219880235,-0.01147416270238008,3,3,1.0,-0.0026718509446831775,-0.011973039341614033,3,3,1.0
single_model_final,Kimi K2.5,fixed_15m,24,44,6,0.04491797669539372,0.0089616641947457,2,4,0.6875,-0.10124879835559726,-0.10304544939762342,5,1,0.21875,-1.1257684114981235,-1.2325558695067935,5,1,0.21875,0.07897944368155686,0.0634406777963961,2,4,0.6875,0.08241333253727672,0.06619896813536981,2,4,0.6875
single_model_final,Kimi K2.5,fixed_15m,24,55,6,-0.05913035884241096,-0.04502769294943429,4,2,0.6875,-0.0007169691337947093,0.0024315916479857314,2,4,0.6875,-0.02740257242740607,0.023859883637145973,2,4,0.6875,-0.035426061910550304,-0.014117250311321272,3,3,1.0,-0.03696632547187858,-0.01473104380311785,3,3,1.0
single_model_final,Kimi K2.5,normalized_quartile,8,11,6,0.11101840133171877,0.05706238920340828,0,6,0.03125,-0.11141032085837986,-0.0931337859340147,6,0,0.03125,-0.3480666797798899,-0.23722376409105328,6,0,0.03125,0.1484746963667654,0.09620533967079559,0,6,0.03125,0.16968536727630332,0.10994895962376638,0,6,0.03125
single_model_final,Kimi K2.5,normalized_quartile,8,22,6,-0.06878350036650703,-0.0786843594889583,4,2,0.6875,0.009245563948928864,-0.012939314857023682,3,3,1.0,0.07369716423825316,-0.05594039120492322,3,3,1.0,-0.04929219227670445,-0.06747677036109911,4,2,0.6875,-0.056333934030519346,-0.07711630898411331,4,2,0.6875
single_model_final,Kimi K2.5,normalized_quartile,8,33,6,-0.19167325988082087,-0.22089680174257287,5,1,0.21875,0.15562739071212575,0.20330973386477896,1,5,0.21875,0.654187239021839,0.8933848021828213,1,5,0.21875,-0.23168378935758763,-0.287939801585683,5,1,0.21875,-0.26478147355152876,-0.32907405895506625,5,1,0.21875
single_model_final,Kimi K2.5,normalized_quartile,8,44,6,-0.022386305464217604,0.008819308570552298,3,3,1.0,0.009518060929711046,-0.022194840048260722,3,3,1.0,0.05030000098653087,-0.055501743127397085,3,3,1.0,-0.02959704477472963,0.01678735195936426,3,3,1.0,-0.033825194028262395,0.019185545096416345,3,3,1.0
single_model_final,Kimi K2.5,normalized_quartile,8,55,6,-0.18781003315101596,-0.1943599978425849,5,1,0.21875,0.14175872030177725,0.14203158484614897,1,5,0.21875,0.5431108432436357,0.47047206759608007,1,5,0.21875,-0.2143103866469176,-0.21564729183846323,5,1,0.21875,-0.2449261561679059,-0.24645404781538657,5,1,0.21875
single_model_final,Kimi K2.5,normalized_quartile,12,11,6,-0.10379983895771751,-0.12204290534192747,3,3,1.0,0.007003543574366953,0.017403071400042325,2,4,0.6875,0.02575051530821119,0.08728477422616754,2,4,0.6875,-0.06531592533220276,-0.08968867441413819,3,3,1.0,-0.07125373672603938,-0.0978421902699689,3,3,1.0
single_model_final,Kimi K2.5,normalized_quartile,12,22,6,-0.04644853946924682,-0.05012597486406739,3,3,1.0,0.023150752067921807,0.04821809050648282,2,4,0.6875,0.10864823151540308,0.25455822567650577,2,4,0.6875,-0.04878689869377934,-0.08597661387351369,3,3,1.0,-0.053222071302304746,-0.09379266968019673,3,3,1.0
single_model_final,Kimi K2.5,normalized_quartile,12,33,6,-0.12496335215441247,-0.04924774049838382,5,1,0.21875,0.023283725490529025,0.010817620559919333,2,4,0.6875,0.11577940889598044,0.04456092838221615,2,4,0.6875,-0.10777160267373785,-0.06202152558681534,5,1,0.21875,-0.1175690210986231,-0.06765984609470765,5,1,0.21875
single_model_final,Kimi K2.5,normalized_quartile,12,44,6,-0.0010774550065132487,0.009499914221993477,3,3,1.0,-0.0704472440208282,-0.04353096287479816,5,1,0.21875,-0.38164077959303344,-0.2833041814369548,5,1,0.21875,0.03969166492998047,0.009654428154602018,2,4,0.6875,0.043299998105433224,0.010532103441384,2,4,0.6875
single_model_final,Kimi K2.5,normalized_quartile,12,55,6,-0.131740863610583,-0.09704413074202056,5,1,0.21875,0.02816337425578451,0.037743281833285694,2,4,0.6875,0.11672891879867257,0.17746898745052597,2,4,0.6875,-0.13017251427817675,-0.1289282800391353,5,1,0.21875,-0.14200637921255643,-0.14064903276996576,5,1,0.21875
single_model_final,Kimi K2.5,normalized_quartile,16,11,6,-0.09205782688997166,-0.10086504702005689,3,3,1.0,-0.016762316389214143,-0.012795223737689931,3,3,1.0,-0.11860516885437548,-0.08295882744149474,3,3,1.0,-0.04191151951807934,-0.04412654608607067,4,2,0.6875,-0.04470562081928462,-0.04706831582514204,4,2,0.6875
single_model_final,Kimi K2.5,normalized_quartile,16,22,6,0.024244159073930672,0.04633734719941612,2,4,0.6875,-0.07697601861831094,-0.03686689726982653,4,2,0.6875,-0.4744539023394432,-0.28479888032786493,4,2,0.6875,0.05894306731608221,0.0007956178984364626,3,3,1.0,0.06287260513715436,0.0008486590916655656,3,3,1.0
single_model_final,Kimi K2.5,normalized_quartile,16,33,6,-0.051796015744862624,-0.03940532647429196,3,3,1.0,-0.04264026291801287,-0.034804978375364615,4,2,0.6875,-0.2654118677008461,-0.23018525944841906,4,2,0.6875,-0.005927986038860873,-0.029060717947652276,3,3,1.0,-0.006323185108118255,-0.030998099144162433,3,3,1.0
single_model_final,Kimi K2.5,normalized_quartile,16,44,6,-0.05197641695234593,-0.08226311774041029,4,2,0.6875,-0.006006734495026922,-0.0003353356479021685,3,3,1.0,-0.07019190160677151,-0.006782800420873647,3,3,1.0,-0.03271984818304493,-0.05257437659908276,4,2,0.6875,-0.0349011713952479,-0.05607933503902157,4,2,0.6875
single_model_final,Kimi K2.5,normalized_quartile,16,55,6,-0.018595996072582926,-0.03343293112979162,3,3,1.0,-0.019444660108552714,-0.030860913090484193,5,1,0.21875,-0.14096642246195643,-0.195310242663294,5,1,0.21875,0.0013247491765647397,-0.003110361235525272,3,3,1.0,0.0014130657883357305,-0.0033177186512269585,3,3,1.0
single_model_final,Kimi K2.5,normalized_quartile,24,11,6,0.036251339211440164,0.03205858568631065,2,4,0.6875,-0.0795077776945322,-0.06908117751200846,4,2,0.6875,-0.7862321555489884,-0.8134364672184509,4,2,0.6875,0.06633375113236863,0.020334523372689012,2,4,0.6875,0.06921782726855856,0.021218633084545052,2,4,0.6875
single_model_final,Kimi K2.5,normalized_quartile,24,22,6,0.026421094310293002,0.0054163364894193045,3,3,1.0,-0.06092423646072601,-0.08108191047438892,5,1,0.21875,-0.5899885258978287,-0.7978317017774281,5,1,0.21875,0.06352338571578028,0.027312090244640846,1,5,0.21875,0.066285272051249,0.028499572429190434,1,5,0.21875
single_model_final,Kimi K2.5,normalized_quartile,24,33,6,0.031160234365056032,0.022562679214763626,3,3,1.0,-0.09846738842730408,-0.07395381950363954,6,0,0.03125,-0.8328768449011754,-0.5770544838222043,6,0,0.03125,0.0733293201916697,0.048339431332163285,2,4,0.6875,0.07651755150435097,0.05044114573790953,2,4,0.6875
single_model_final,Kimi K2.5,normalized_quartile,24,44,6,0.14816341981866885,0.12386442884136331,0,6,0.03125,-0.16252832925442998,-0.16163346162492126,6,0,0.03125,-1.7624053449262622,-1.956144133193186,6,0,0.03125,0.16504234308635504,0.13886597816959095,0,6,0.03125,0.17221809713358785,0.14490362939435575,0,6,0.03125
single_model_final,Kimi K2.5,normalized_quartile,24,55,6,-0.020520604630530414,-0.010494326397568698,3,3,1.0,-0.04295711431432712,-0.043077119887814375,5,1,0.21875,-0.4301072419135406,-0.3986289600888764,5,1,0.21875,0.012771412591942755,0.013509189677291089,3,3,1.0,0.013326691400288101,0.014096545750216793,3,3,1.0
